Record ID,Title,Subject,Institution,Journal,Publisher,Country,Author,URLS,ArticleType,RetractionDate,RetractionDOI,RetractionPubMedID,OriginalPaperDate,OriginalPaperDOI,OriginalPaperPubMedID,RetractionNature,Reason,Paywalled,Notes,Unnamed: 20,abstract_text,resolution_status,retraction_notice_text,notice_text_source,templating_keyword_matches,templating_confirmed_by_keyword,notice_text_available,manual_verdict
70007.0,MicroRNA-142-5p Overexpression Inhibits Cell Growth and Induces Apoptosis by Regulating FOXO in Hepatocellular Carcinoma Cells,(BLS) Biology - Cancer;(BLS) Biology - Cellular;(BLS) Genetics;(HSC) Medicine - Gastroenterology;,"Department of Ultrasound, Xuzhou Central Hospital, Xuzhou, Jiangsu, P.R. China; Department of Gynecology and Obstetrics, Xuzhou Central Hospital, Xuzhou, Jiangsu, P.R. China; Central Laboratory, Xuzhou Central Hospital, Xuzhou, Jiangsu, P.R. China;",Oncology Research Featuring Preclinical and Clinical Cancer Therapeutics,Cognizant Communication Corporation,China,Kexin Lou;Ning Chen;Zhihong Li;Bei Zhang;Xiuli Wang;Ye Chen;Haining Xu;Dongwei Wang;Hao Wang,,Research Article;,7/25/2024 0:00,10.32604/or.2024.056123,39220138.0,1/2/2017 0:00,10.3727/096504016x14719078133366,28081734.0,Retraction,Author Unresponsive;Concerns/Issues about Data;Investigation by Journal/Publisher;Investigation by Third Party;Original Data and/or Images not Provided and/or not Available;Paper Mill;Unreliable Data;,No,See also: https://pubpeer.com/publications/B9AA8288618A61B39B532ED60D49B6,,"Abnormal expression of microRNA (miR)-142-5p has been reported in hepatocellular carcinoma (HCC). However, little information is available regarding the functional role of miR-142-5p in HCC. We aimed to explore the effects of miR-142-5p aberrant expression on HCC cell growth and cell apoptosis, as well as the underlying mechanism. Human HCC cell lines HepG2 and SMMC-7721 cells were transfected with miR-142-5p mimic, inhibitor, or a corresponding negative control. Cell viability, cell cycle distribution, and cell apoptosis were then analyzed. In addition, protein expression of Forkhead box, class O (FOXO) 1 and 3, a Bcl-2-interacting mediator of cell death (Bim), procaspase 3, and activated caspase 3 was measured. After transfection with miR-142-5p inhibitor, FOXO1 and FOXO3 were overexpressed, and then the cell viability and cell apoptosis were determined again. The relative cell viability in both HepG2 and SMMC-7721 cells was significantly reduced by miR-142-5p overexpression ( p &lt;0.05). miR-142-5p overexpression displayed a significant blockage at the G 1 /S transition and significantly increased the percentages of G 0 /G 1 phase. Moreover, the results showed that miR-142-5p overexpression significantly induced cell apoptosis and statistically elevated the protein expression levels of FOXO1, FOXO3, Bim, procaspase 3, and activated caspase 3. However, the cells transfected with miR-142-5p inhibitor showed contrary results. Additionally, the effects of miR-142-5p inhibitor on cell viability and apoptosis were reversed by overexpression of FOXO. In conclusion, our results suggest that miR-142-5p overexpression shows an important protective role in HCC by inhibiting cell growth and inducing apoptosis. These effects might be by regulating FOXO expression in HCC cells.",ok,Retraction: MicroRNA-142-5p Overexpression Inhibits Cell Growth and Induces Apoptosis by Regulating FOXO in Hepatocellular Carcinoma Cells,crossref,[],False,True,YES
70006.0,"Long Noncoding RNA CAT104 Promotes Cell Viability, Migration, and Invasion in Gastric Carcinoma Cells Through Activation of MicroRNA-381-Inhibiting Zinc Finger E-box-Binding Homeobox 1 (ZEB1) Expression",(BLS) Biology - Cancer;(BLS) Biology - Cellular;(BLS) Genetics;(HSC) Medicine - Gastroenterology;,"Department of Gastroenterology, 401 Hospital of People’s Liberation Army, Qingdao, P.R. China; Gang Yuan 1 , Jingzi Quan 1 , Dongfang Dong 1 , Qunying Wang 1",Oncology Research Featuring Preclinical and Clinical Cancer Therapeutics,Cognizant Communication Corporation,China,Gang Yuan;Jingzi Quan;Dongfang Dong;Qunying Wang,,Research Article;,9/29/2024 0:00,10.32604/or.2024.056895,39449802.0,8/23/2018 0:00,10.3727/096504017x15144748428127,29295724.0,Retraction,Author Unresponsive;Concerns/Issues about Data;Duplication of Data;Euphemisms for Duplication;Euphemisms for Plagiarism;Investigation by Journal/Publisher;Investigation by Third Party;Original Data and/or Images not Provided and/or not Available;Paper Mill;Plagiarism of Data;Unreliable Data;,No,See also: https://pubpeer.com/publications/181BFCCD4C6B3E85122632698D19EF,,"Gastric carcinoma (GC) remains the second leading cause of cancer-related deaths worldwide. Good biomarkers are of paramount importance for GC therapy. This study aimed to assess the role of long noncoding RNA (lncRNA) CAT104 in GC. We found that CAT104 was highly expressed in human GC NCI-N87, SGC7901, BGC823, BGC803, and AGS cells. Suppression of CAT104 decreased NCI-N87 cell viability, migration, and invasion, but promoted apoptosis. CAT104 knockdown enhanced the expression of microRNA-381 (miR-381) expression in NCI-N87 cells. miR-381 participated in the regulatory effects of CAT104 on NCI-N87 cell viability, migration, invasion, and apoptosis. Zinc finger E-box-binding homeobox 1 (ZEB1) was identified as a direct target of miR-381. Overexpression of ZEB1 reversed the miR-381 mimic-induced cell viability, migration, and invasion inhibition. Suppression of ZEB1 reversed the miR-381 inhibitor-induced activation of the c-Jun N-terminal kinase (JNK) pathway and Wnt/β-catenin signaling pathways in NCI-N87 cells. In conclusion, CAT104 might function as an oncogenic factor in GC cells via regulating the expression of miR-381 and ZEB1.",ok,"Retraction: long noncoding RNA CAT104 promotes cell viability, migration, and invasion in gastric carcinoma cells through activation of microRNA-381-inhibiting zinc finger e-box-binding homeobox 1 (ZEB1) expression",crossref,[],False,True,YES
66532.0,"Propofol suppresses growth, migration and invasion of A549 cells by down-regulation of miR-372",(BLS) Biology - Cancer;(BLS) Biology - Cellular;(BLS) Genetics;(HSC) Medicine - Anesthesia/Anaesthesia;(HSC) Medicine - Pharmacology;,"Department of Anesthesiology, China-Japan Union Hospital of Jilin University, No.126, Xiantai Street, Changchun, Jilin, 130033, China;",BMC Cancer,Springer - Biomed Central (BMC),China,Hai Sun;Dengyu Gao,https://retractionwatch.com/?s=paper+mill,Research Article;,4/15/2024 0:00,10.1186/s12885-024-12247-0,38622580.0,12/14/2018 0:00,10.1186/s12885-018-5175-y,30547768.0,Retraction,Concerns/Issues about Data;Investigation by Third Party;Paper Mill;Unreliable Data;,No,See also: https://pubpeer.com/publications/FDB8ABCA19AA8AB45DBC1CFFEA8F22,,"Abstract Background Propofol, a commonly used intravenous anesthetic during cancer resection surgery, has been found to exhibit tumor inhibitory effects in vitro and in vivo. The role of propofol in lung cancer has been previously reported, whereas its action mechanism remains unclear. This study further investigated the effects of propofol on lung cancer A549 cell growth, migration and invasion, as well as the underlying mechanisms. Methods Cell viability, proliferation, migration, invasion and apoptosis were assessed by CCK-8 assay, BrdU assay, two chamber transwell assay and flow cytometry, respectively. The regulatory effect of propofol on microRNA-372 (miR-372) expression in A549 cells was analyzed by qRT-PCR. Cell transfection was used to change the expression of miR-372. The protein expression of key factors involving in cell proliferation, apoptosis, migration and invasion, as well as Wnt/β-catenin and mTOR pathways were analyzed by western blotting. Results Propofol inhibited lung cancer A549 cell viability, proliferation, migration, and invasion, but promoted cell apoptosis. Moreover, miR-372 was down-regulated in propofol-treated A549 cells. Overexpression of miR-372 abrogated the effects of propofol on proliferation, migration, invasion and apoptosis of A549 cells. Knockdown of miR-372 had opposite effects. Furthermore, propofol suppressed Wnt/β-catenin and mTOR signaling pathways by down-regulating miR-372. Conclusion Propofol inhibits growth, migration and invasion of lung cancer A549 cells at least in part by down-regulating miR-372 and then inactivating Wnt/β-catenin and mTOR pathways.",ok,"Retraction Note: Propofol suppresses growth, migration and invasion of A549 cells by down-regulation of miR-372",crossref,[],False,True,YES
66531.0,"Curcumin inhibits proliferation, migration, invasion and promotes apoptosis of retinoblastoma cell lines through modulation of miR-99a and JAK/STAT pathway",(BLS) Biology - Cancer;(BLS) Biology - Cellular;(BLS) Genetics;(HSC) Medicine - Ophthalmology;(HSC) Medicine - Pharmacology;,"Department of Ophthalmology, The Second Hospital of Jilin University, Changchun, Jilin, 130041, China; Department of Gastroenterological Surgery, China-Japan Union Hospital of Jilin University, Changchun, Jilin, 130033, China; Department of Vascular Surgery, China-Japan Union Hospital of Jilin University, No.126, Xiantai Street, Changchun, Jilin, 130033, China;",BMC Cancer,Springer - Biomed Central (BMC),China,Yaping Li;Weixuan Sun;Ning Han;Ying Zou;Dexin Yin,https://retractionwatch.com/?s=paper+mill,Research Article;,4/15/2024 0:00,10.1186/s12885-024-12248-z,38622642.0,12/10/2018 0:00,10.1186/s12885-018-5130-y,30526546.0,Retraction,Concerns/Issues about Data;Investigation by Third Party;Paper Mill;Unreliable Data;,No,See also: https://pubpeer.com/publications/A6F67A83CE9A4865B0B57C352E9E6F,,"Abstract Background Curcumin, a primary active ingredient extracted from the Curcuma longa , has been recently identified as a potential anti-tumor agent in multiple kinds of cancers. However, the effect of curcumin on retinoblastoma (Rb) is still unclear. Therefore, we attempted to reveal the functional impacts and the underlying mechanisms of curcumin in Rb cells. Methods Two Rb cell lines SO-Rb50 and Y79 were pre-treated with various doses of curcumin, and then cell proliferation, apoptosis, migration, and invasion were assessed, respectively. Further, regulatory effects of curcumin on miR-99a expression, as well as the activation of JAK/STAT pathway were studied. Results Data showed that curcumin significantly inhibited the viability, colony formation capacity, migration and invasion, while induced apoptosis of SO-Rb50 and Y79 cells. Up-regulation of miR-99a was observed in curcumin-treated cells. Curcumin suppressed the phosphorylation levels of JAK1, STAT1, and STAT3, while curcumin did not inhibit the activation of JAK/STAT pathway when miR-99a was knocked down. Conclusion Curcumin inhibited proliferation, migration, invasion, but promoted apoptosis of Rb cells. The anti-tumor activities of curcumin on Rb cells appeared to be via up-regulation of miR-99a, and thereby inhibition of JAK/STAT pathway.",ok,"Retraction Note: Curcumin inhibits proliferation, migration, invasion and promotes apoptosis of retinoblastoma cell lines through modulation of miR-99a and JAK/STAT pathway",crossref,[],False,True,YES
60822.0,Overexpression of lncRNA ANRIL up-regulates VEGF expression and promotes angiogenesis of diabetes mellitus combined with cerebral infarction by activating NF-κB signaling pathway in a rat model,(BLS) Biochemistry;(BLS) Biology - Cellular;(BLS) Genetics;,"Department of Neurosurgery, The First Hospital of Jilin University, Changchun, P.R. China; Department of Ophthalmology, The First Hospital of Jilin University, Changchun, P.R. China; Department of Radiology, The First Hospital of Jilin University, Changchun, P.R. China;",Oncotarget,Impact Journals,China,Bo Zhang;Dan Wang;Tie-Feng Ji;Lei Shi;Jin-Lu Yu,,Research Article;,1/20/2025 0:00,10.18632/oncotarget.28572,39832299.0,1/3/2017 0:00,10.18632/oncotarget.14468,28060742.0,Retraction,Concerns/Issues about Image;Euphemisms for Plagiarism;Investigation by Journal/Publisher;Investigation by Third Party;Paper Mill;Plagiarism of Image;,No,see also: https://pubpeer.com/publications/FA3F32B4A866C2B02976AEB2BF1248,,"This study aimed to explore the effects of lncRNA ANRIL on vascular endothelial growth factor (VEGF) and angiogenesis in diabetes mellitus (DM) combined with cerebral infarction (CI) through NF-κB signaling pathway. Adult male Wistar rats were randomly divided into control group and DM + CI group, and the DM + CI group were subdivided into Vector, shANRIL, PDTC, pcDNA-ANRIL, and pcDNA-ANRIL + PDTC groups. VEGF and FMS-like tyrosine kinase (FLT-1) expressions were measured by immunohistochemistry and endothelium dependent microvessel density (MVD) was detected by differentiation 31 (CD31) and para-amiuosalicylic acid (PAS) double staining. The qRT-PCR was applied to measure mRNA expressions of VEGF, FLT-1, Kinase insert domain protein receptor (FLK-1) and NF-κB, and Western blotting was conducted to detected expressions of VEGF, NF-κB and p-IκB/IκB. Compared with the control group, protein expressions of VEGF, NF-κB, p-IκB/IκB, expression of ANRIL, and mRNA expressions of VEGF, FLT-1 and NF-κB were increased in the DM + CI group. Compared with the Vector group, protein expressions of VEGF, NF-κB, p-IκB/IκB, expression of ANRIL, mRNA expressions of VEGF, FLT-1 and NF-κB, and endothelium dependent MVD were increased in the pcDNA-ANRIL group, while decreased in the shANRIL group and PDTC group. Compared with the pcDNA-ANRIL group, protein expressions of VEGF, NF-κB, p-IκB/IκB, expression of ANRIL, mRNA expressions of VEGF, FLT-1 and NF-κB, and endothelium dependent MVD were decreased in the pcDNA-ANRIL + PDTC group. Overexpressed lncRNA ANRIL upregulates VEGF and promotes angiogenesis by activating NF-κB signaling pathway in DM + CI rats. .",ok_via_pubmed,Retraction: Overexpression of lncRNA ANRIL up-regulates VEGF expression and promotes angiogenesis of diabetes mellitus combined with cerebral infarction by activating NF-κB signaling pathway in a rat model,crossref,[],False,True,YES
59728.0,Matrine reverses the drug resistance of K562/ADM cells to ADM and VCR via promoting autophagy,(BLS) Biochemistry;(BLS) Toxicology;,"Department of Hematology, Qilu Hospital of Shandong University (Qingdao), Qingdao 266035, China;",Translational Cancer Research,AME Publishing Company,China,Zhao Li;Ning Wang;Ting Yue;Lu Liu,,Research Article;,11/27/2024 0:00,10.21037/tcr-2024-9,39697702.0,2/28/2020 0:00,10.21037/tcr.2019.12.11,35117424.0,Retraction,Concerns/Issues about Data;Concerns/Issues about Results and/or Conclusions;Investigation by Third Party;Paper Mill;,No,see also: https://pubpeer.com/publications/03EE32D9A97A40FA7E6481FF289348,,"This study aimed to investigate the effects of matrine (MAT) on the drug resistance of K562/ADM cells. K562/S and K562/ADM cells were treated with different concentrations of vincristine (VCR), adriamycin (ADM), and/or MAT for 48 h. The cell viability was determined by MTT assay, and the drug-resistant multiple and drug-resistant reversal multiple were calculated based on half-inhibitory concentration (IC50). The cell apoptosis, as well as cell cycle were detected by flow cytometry. The autophagy was evaluated by transmission electron microscope and GFP-LC3 staining. Autophagy-related protein levels of LC3 II, and P62 were detected by Western blot. MAT reduced the viability of K562/S and K562/ADM cells in a dose-dependent manner, and 0.5 mg/mL was identified as the non-cytotoxic concentration. MAT eliminated the drug resistance of K562/ADM cells to ADM and VCR, and the drug resistance reversal multiple was 10.12 and 4.91, respectively. Chloroquine (CQ), a lysosomal inhibitor significantly reversed the inhibitory effect of MAT on the viability of K562/ADM cells. In addition, MAT induced the apoptosis of K562/ADM cells through arresting the cell cycle at G0/G1 phase in a dose-dependent manner. MAT also increased the autophagic vacuoles, the LC3+ punctate fluorescence, as well as the LC3 II protein level, and decreased P62 protein level in K562/ADM cells in a dose-dependent manner. MAT reversed the drug resistance of K562/ADM cells to ADM and VCR through promoting autophagy.",ok_via_pubmed,Retraction: Matrine reverses the drug resistance of K562/ADM cells to ADM and VCR via promoting autophagy,crossref,[],False,True,YES
58882.0,MEK inhibitors induce apoptosis via FoxO3a-dependent PUMA induction in colorectal cancer cells,(BLS) Biochemistry;(BLS) Biology - Cancer;(BLS) Biology - Cellular;(BLS) Genetics;,"Department of Clinical Laboratory, the First Affiliated Hospital of Dalian Medical University, Dalian, Liaoning, 116011, China;",Oncogenesis,Springer - Nature Publishing Group,China,Lin Lin;Dapeng Ding;Yanmei Jiang;Yan Li;Shijun Li,,Research Article;,11/21/2024 0:00,10.1038/s41389-024-00543-0,39572524.0,9/7/2018 0:00,10.1038/s41389-018-0078-y,30190455.0,Retraction,Euphemisms for Plagiarism;Investigation by Journal/Publisher;Paper Mill;Plagiarism of Data;Unreliable Results and/or Conclusions;,No,,,"Abstract Mutations in BRAF are common to many cancers, including CRC. The MEK inhibitors are being investigated in BRAF -mutant CRC. In this study, we aimed to investigate how MEK inhibitor suppresses growth of BRAF -mutated CRC cells as well as its potential mechanisms. Our findings indicated that MEK inhibitor promote PUMA expression via ERK/FoxO3a signaling pathway. In addition, PUMA induction is essential for MEK inhibitor-induced apoptosis. Moreover, PUMA induction is required for MEK inhibitors to induced apoptosis in combination with cisplatin, dabrafenib, or Gefitinib. Knockdown of PUMA suppressed the anticancer effect of the MEK inhibitor in vivo. Our findings indicate a novel role for PUMA as a regulator of the antitumor effects of MEK inhibitor, suggesting that PUMA induction may modulate MEK inhibitor sensitivity.",ok,Retraction Note: MEK inhibitors induce apoptosis via FoxO3a-dependent PUMA induction in colorectal cancer cells,crossref,[],False,True,UNCLEAR
57764.0,"MCCK1 enhances the anticancer effect of temozolomide in attenuating the invasion, migration and epithelial-mesenchymal transition of glioblastoma cells in vitro and in vivo",(BLS) Biochemistry;(BLS) Biology - Cancer;(BLS) Biology - Cellular;(BLS) Genetics;,"Department of Neurosurgery, BeijingTiantan Hospital, Capital MedicalUniversity, Beijing, China;",Cancer Medicine,Wiley,China,Tie Liu;Anqi Li;Yulun Xu;Yu Xin,,Research Article;,10/10/2024 0:00,10.1002/cam4.70300,39387476.0,1/18/2019 0:00,10.1002/cam4.1951,30656846.0,Retraction,Duplication of/in Image;Euphemisms for Duplication;Euphemisms for Plagiarism;Investigation by Journal/Publisher;Investigation by Third Party;Manipulation of Images;Paper Mill;Plagiarism of Image;Unreliable Results and/or Conclusions;,No,,,"Abstract Chemotherapy with temozolomide (TMZ) is the traditional treatment for glioblastoma (GBM). Nevertheless, majority of GBM patients have recurrence from resistance to the chemotherapy. Herein, we examined combinational effects of MCCK1 (a specific and effective IKKε inhibitor) with TMZ in GBM U251MG and U‐87MG cell lines as well as U251MG xenograft models to overcome the therapeutic limitation of chemotherapy for GBM. Although MCCK1 alone showed inhibitory effects on in vitro proliferation, migration, invasion, and EMT of U251MG and U‐87MG cells, combination of MCCK1 and TMZ showed enhanced inhibitory effects. In the U251MG GBM xenograft models, MCCK1 showed synergistic therapeutic effects in combination with TMZ to reduce tumor volumes significantly. These data indicated that MCCK1 could be a candidate sensitizer to potentiate therapeutic effects of conventional cytotoxic treatment for GBM.",ok,"Retraction: T. Liu, A. Li, Y. Xu, and Y. Xin, “MCCK1 Enhances the Anticancer Effect of Temozolomide in Attenuating the Invasion, Migration and Epithelial‐Mesenchymal Transition of Glioblastoma Cells in Vitro and in Vivo,” Cancer Medicine 8, no. 2 (2019): 751–760. https://doi.org/10.1002/cam4.1951 . The above article, published online on 18 January 2019, in Wiley Online Library (wileyonlinelibrary.com), has been retracted by agreement between the authors, the journal Editor‐in‐Chief, Stephen Tait, and John Wiley &amp; Sons Ltd. A report submitted by a third party noted image duplications with other articles by different author groups. Specifically, the report found image duplications with other published articles in Figures 1E, 2B, 3A, 3D and 4C. The report also found image overlap between images in Figure 3A. The retraction has been agreed to because the evidence of image duplication across different articles, each of which describes different experimental conditions, fundamentally compromises the editors' confidence in the conclusions presented. The authors have voluntarily agreed with the retraction.",crossref,[],False,True,UNCLEAR
57763.0,"Puerarin 6″-O-xyloside suppressed HCC via regulating proliferation, stemness, and apoptosis with inhibited PI3K/AKT/mTOR",(BLS) Biochemistry;(BLS) Biology - Cancer;(BLS) Biology - Cellular;(BLS) Genetics;,"Department of General Surgery, People'sHospital of Rizhao, Rizhao, ShandongProvince, China;",Cancer Medicine,Wiley,China,Long Li;Jun-Dong Liu;Guo-Dong Gao;Kai Zhang;Yu-Wei Song;Hong-Bo Li,,Research Article;,10/10/2024 0:00,10.1002/cam4.70301,39387478.0,7/21/2020 0:00,10.1002/cam4.3285,32691991.0,Retraction,Euphemisms for Plagiarism;Investigation by Journal/Publisher;Investigation by Third Party;Manipulation of Images;Paper Mill;Plagiarism of Image;Unreliable Results and/or Conclusions;,No,see also: https://pubpeer.com/publications/6D7C295E1726836B0C3366F9758D5D,,"Abstract Puerarin 6″‐O‐xyloside is a tumor suppressive derivate of Puerarin that is recently characterized as a lysine‐specific demethylase 6B inhibitor. Here we investigated the effects of Puerarin 6″‐O‐xyloside in hepatocellular carcinoma (HCC) cell lines SMMC‐7721 and HepG2. Cell viability, proliferation, stemness, protein expression, and autophagy were tested by CCK‐8, colony formation, sphere formation, western blotting, and LC3B GFP puncta per cell, respectively. Apoptosis, CD133‐positive cells, and JC‐1‐labeled mitochondrial membrane potential were measured by flow cytometry. The effects of Puerarin 6″‐O‐xyloside in vivo were explored in HepG2 xenograft mice. Puerarin 6″‐O‐xyloside inhibited cell viability, proliferation, and stemness, and promoted apoptosis in both SMMC‐7721 and HepG2 cells. Further experiments showed promoted autophagy and decreased mitochondrial membrane potential, and decreased expression of p‐PI3K, p‐AKT, and p‐mTOR in HepG2 cells. Co‐administration of 3‐MA with Puerarin 6″‐O‐xyloside obviously augmented these effects including inhibited protein expression of p‐PI3K, p‐AKT, and p‐mTOR, and inhibited proliferation, promoted apoptosis, and decreased stemness. In HepG2 xenograft mice, 100 mg/kg/d Puerarin 6″‐O‐xyloside significantly suppressed tumor growth, stemness, and apoptosis. In conclusion, our study indicated that Puerarin 6″‐O‐xyloside decreased cell viability, proliferation, and stemness, and promoted autophagy and mitochondria‐dependent apoptosis of HCC, at least partly through inhibiting PI3K/AKT/mTOR. These results highlighted Puerarin 6″‐O‐xyloside as a promising prodrug that could inhibit both PI3K/AKT/mTOR and epigenetic demethylation.",ok,"Retraction: L. Li, J.‐D. Liu, G.‐D. Gao, K. Zhang, Y.‐W. Song, and H.‐B. Li, “Puerarin 6″‐O‐xyloside Suppressed HCC via Regulating Proliferation, Stemness, and Apoptosis with Inhibited PI3K/AKT/mTOR,” Cancer Medicine 9, no. 17 (2020): 6399–6410. https://doi.org/10.1002/cam4.3285 . The above article, published online on 21 July 2020, in Wiley Online Library (wileyonlinelibrary.com), has been retracted by agreement between the journal Editor in Chief, Stephen Tait, and John Wiley &amp; Sons Ltd. A report submitted by a third party noted image duplications with other articles by different author groups. Specifically, the report found image duplications with other published articles in Figures 2A, 2C, 3A, 4A, 5D, and 6A. The retraction has been agreed to because the evidence of image duplication across different articles, each of which describes different experimental conditions, fundamentally compromises the editors' confidence in the conclusions presented. The authors did not respond to our notice regarding the retraction.",crossref,[],False,True,YES
57762.0,Long noncoding RNA CASC9 promotes the proliferation and metastasis of papillary thyroid cancer via sponging miR-488-3p,(BLS) Biochemistry;(BLS) Biology - Cancer;(BLS) Biology - Cellular;(BLS) Genetics;,"Department of Nuclear Medicine, Peking Union Medical College Hospital, Chinese Academy of Medical Sciences and Peking Union Medical College, Beijing, China; Beijing Key Laboratory of Molecular Targeted Diagnosis and Therapy in Nuclear Medicine, Beijing, China; Department of Nuclear Medicine, The Mine Hospital of Xuzhou, Xuzhou, China; Department of Radionuclide Treatment Center, Beijing Nuclear Industry Hospital,Beijing, China;",Cancer Medicine,Wiley,China,Yonghui Chen;Yaomei Li;Hongbo Gao,,Research Article;,10/10/2024 0:00,10.1002/cam4.70302,39387533.0,1/13/2020 0:00,10.1002/cam4.2839,31943867.0,Retraction,Duplication of/in Image;Euphemisms for Duplication;Euphemisms for Plagiarism;Investigation by Journal/Publisher;Investigation by Third Party;Manipulation of Images;Paper Mill;Plagiarism of Image;Unreliable Results and/or Conclusions;,No,see also: https://pubpeer.com/publications/A1B0E573F104DCD3E870B1B938FE19,,"Abstract Cancer susceptibility candidate 9 (CASC9) is a recently identified lncRNA that acted as a tumor promotor in diversified cancer types. However, its role in papillary thyroid cancer (PTC) remains unknown. The expression of CASC9 was measured in 52 human PTC tissues and PTC cell lines as well as their controls. The proliferation, migration, and invasion of PTC cells were determined after knockdown or overexpression of CASC9 to evaluate the effect of CASC9 on PTC cells. Also, the role of PTC tumorigenesis was confirmed in mice xenograft models. Additionally, the underlying mechanisms of CASC9 were further researched. We found that CASC9 expression was augmented in human PTC tissues and cells. Higher CASC9 expression was associated with large tumor size, advanced stage, or lymph node metastasis. Downregulation of CASC9 significantly attenuated the proliferative, migrative, and invasive abilities of PTC cells, and suppressed tumorigenesis in vivo. While overexpression of CASC9 elevated the proliferation, migration, and invasion of PTC cells. miR‐488‐3p expression was decreased, and ADAM9 level was increased in PTC tissues and cells. CASC9 expression was negatively related to miR‐488‐3p, but positively associated with ADAM9 expression in PTC tissues. Molecular mechanism analysis revealed that CASC9 functioned via sponging miR‐488‐3p to regulate ADAM9 expression, followed by activation of EGFR‐Akt signaling. In conclusion, lncRNA CASC9 promoted the malignant phenotypes of PTC via modulating miR‐488‐3p/ADAM9 pathway. This study may provide a novel therapeutic target for the treatment of PTC.",ok,"Retraction: Y. Chen, Y. Li, and H. Gao, “Long Noncoding RNA CASC9 Promotes the Proliferation and Metastasis of Papillary Thyroid Cancer Via Sponging miR‐488‐3p,” Cancer Medicine 9, no. 5 (2020): 1830–1841. https://doi.org/10.1002/cam4.2839 . The above article, published online on 13 January 2020, in Wiley Online Library (wileyonlinelibrary.com), has been retracted by agreement between the journal Editor‐in‐Chief, Stephen Tait, and John Wiley &amp; Sons Ltd. A report submitted by a third party noted image duplications with other articles by different author groups. Specifically, the report found image duplications with other published articles in Figures 2D, 3C, 4B, 4C, 5C and 7B. The report also found image overlap between images in Figures 2C and 6H. The retraction has been agreed to because the evidence of image duplication across different articles, each of which describes different experimental conditions, fundamentally compromises the editors' confidence in the conclusions presented. The authors did not respond to our notice regarding the retraction.",crossref,[],False,True,YES
56270.0,MicroRNA-138 acts as a tumor suppressor in non small cell lung cancer via targeting YAP1,(BLS) Biochemistry;(BLS) Biology - Cancer;(BLS) Biology - Cellular;(BLS) Genetics;,"Department of Clinical Pharmacology, Xiangya Hospital, Central South University, Hunan 410078, P.R. China; Institute of Clinical Pharmacology, Central South University, Hunan Key Laboratory of Pharmacogenetics, Changsha, Hunan 410078, P.R. China; Department of Histology and Embryology, School of Basic Medical Sciences, Central South University, Changsha, Hunan 410013, P.R. China; The Affiliated Cancer Hospital, XiangYa School of Medicine, Central South University, Changsha, Hunan 410014, P.R. China;",Oncotarget,Impact Journals,China,Ling Xiao;Hui Zhou;Xiang-Ping Li;Juan Chen;Chao Fang;Chen-Xue Mao;Jia-Jia Cui;Wei Zhang;Hong-Hao Zhou;Ji-Ye Yin;Zhao-Qian Liu,,Research Article;,8/26/2024 0:00,10.18632/oncotarget.28645,39189975.0,5/19/2016 0:00,10.18632/oncotarget.9480,27223073.0,Retraction,Duplication of/in Image;Investigation by Company/Institution;Investigation by Journal/Publisher;Investigation by Third Party;Paper Mill;,No,see also: https://pubpeer.com/publications/B1E2D5CEBC0207B074935EA68FD6A9,,"MicroRNA (miR)-138 was found to have suppressive effects on the growth and metastasis of different human cancers. In this study, we aimed to investigate the regulatory mechanism of miR-138 in non-small cell lung cancer (NSCLC). We applied the Quantitative real-time PCR (qRT-PCR) to detect the miR-138 levels in NSCLC tissues (n=21) and cell lines, Bioinformatical predication, luciferase reporter assay and western blot to identify the target gene of miR-138. We also applied Cell transfection, MTT, transwell, and wound healing assays to reveal the role of miR-138 in NSCLC cell proliferation and malignant transformation. We observed that miR-138 expression level was significantly decreased in NSCLC tissues compared to their matched adjacent normal tissues. It was also downregulated in tissues with poor differentiation, advanced stage or lymph nodes metastasis, as well as in several NSCLC cell lines compared to normal lung epithelial cell. We further identified YAP1 as a direct target gene of miR-138, and observed that the protein level of YAP1 was negatively mediated by miR-138 in NSCLC A549 cells. Moreover, overexpression of miR-138 significantly inhibited A549 cell growth, invasion and migration, while knockdown of miR-138 enhanced such capacities. Further investigation showed that the cell proliferation capacity was higher in the miR-138+YAP1 group, when compared with that in the miR-138 group, suggesting that overexpression of YAP1 rescued the suppressive effects of miR-138 upregulation on NSCLC cell proliferation. However, we found no difference of cell invasion and migration capacities between miR-138+YAP1 group and miR-138 group. Finally, YAP1 was markedly upregulated in NSCLC tissues compared to their marched adjacent normal tissues. Its mRNA levels were reversely correlated with the miR-138 levels in NSCLC tissues. In summary, our study suggests that miR-138 may play a suppressive role in the growth and metastasis of NSCLC cells partly at least by targeting YAP1.",ok_via_pubmed,Retraction: MicroRNA-138 acts as a tumor suppressor in non small cell lung cancer via targeting YAP1,crossref,[],False,True,YES
55931.0,G-protein-signaling modulator 2 expression and role in a CD133+ pancreatic cancer stem cell subset,(BLS) Biology - Cancer;(BLS) Biology - Cellular;(BLS) Genetics;,"Department of General Surgery, Affiliated Hospital of Jiangsu University, Zhenjiang, Jiangsu 212001, People’s Republic of China; Department of Obstetrics and Gynecology, ChangShu No. 2 People’s Hospital, Changshu, Jiangsu 215500, People’s Republic of China; Department of Oncology, Zhenjiang Hospital of Traditional Chinese and Western Medicine, Zhenjiang, Jiangsu 212001, People’s Republic of China;",OncoTargets and Therapy,Taylor and Francis - Dove Press,China,Sheng-Chun Dang;Xiao-Bao Qian;Wei Jin;Lei Cui;Ji-Xiang Chen;Min Gu,,Research Article;,8/14/2024 0:00,10.2147/OTT.S491280,39161886.0,1/23/2019 0:00,10.2147/OTT.S187670,30774366.0,Retraction,Concerns/Issues about Third Party Involvement;Euphemisms for Plagiarism;Investigation by Journal/Publisher;Paper Mill;Plagiarism of Image;Unreliable Results and/or Conclusions;,No,,,To investigate the expression and role of G-protein-signaling modulator 2 (GPSM2) in a CD133 Pancreatic cancer stem cells (PCSCs) from the cell line PANC-1 were sorted into CD133 CD133 The CD133,ok_via_pubmed,G-Protein-Signaling Modulator 2 Expression and Role in a CD133+ Pancreatic Cancer Stem Cell Subset [Retraction],crossref,[],False,True,YES
55753.0,"Transcription elongation factor A-like 7, regulated by miR-758-3p inhibits the progression of melanoma through decreasing the expression levels of c-Myc and AKT1",(BLS) Biochemistry;(BLS) Biology - Cancer;(BLS) Biology - Cellular;(BLS) Genetics;,"Department of Hand Surgery, China Japan Union Hospital of Jilin University, Changchun, 130033, Jilin, China; Orthopaedic Surgery, China Japan Union Hospital of Jilin University, Changchun, 130033, Jilin, China; Emergency Medical of China Japan Union Hospital of Jilin University, No. 126 Xian Tai Street, Changchun, 130033, Jilin, China;",Cancer Cell International,Springer - Biomed Central (BMC),China,Xilin Liu;Xianji Song;Hong Li,,Research Article;,8/14/2024 0:00,10.1186/s12935-024-03472-5,39143572.0,1/11/2021 0:00,10.1186/s12935-020-01737-3,33430878.0,Retraction,Concerns/Issues about Data;Concerns/Issues about Image;Duplication of/in Image;Euphemisms for Duplication;Investigation by Journal/Publisher;Investigation by Third Party;Paper Mill;Unreliable Data;,No,see also: https://pubpeer.com/publications/990D3D606A8DA730C4E5A196E2FCE2,,"Abstract Background Ectopic expression of transcription elongation factor A (SII)-like 7 (TCEAL7) has been observed in several kinds of cancers, but its role in melanoma is still unclear. This study was carried out to investigate TCEAL7 role in melanoma progression, and uncover the underlying mechanisms. Methods TCEAL7 expression levels in melanoma tissues and cells were determined by using real-time quantitative PCR (RT-PCR) and western blotting. CCK-8, transwell chambers, flow cytometry, starch assay and tumorigenesis assay were applied to detect cell growth, invasion, apoptosis, migration and tumorigenesis, respectively. Results A low expression level of TCEAL7 was observed in melanoma tissues and cells, which was associated with malignant clinical process and poor prognosis. TCEAL7 negatively modulated AKT1, AKT2, c-Myc, N-cadherin and PCNA expression and inhibited cancer progression via decreasing AKT1 and c-Myc levels. In addition, TCEAL7 was negatively modulated by miR-758-3p which promoted melanoma progression. Moreover, overexpression of TCEAL7 abolished miR-758-3p role in promoting melanoma progression. Conclusion This study demonstrated that TCEAL7, regulated by miR-758-3p inhibited melanoma progression through decreasing the expression levels of c-Myc and AKT1.",ok,"Retraction Note: Transcription elongation factor A-like 7, regulated by miR-758-3p inhibits the progression of melanoma through decreasing the expression levels of c-Myc and AKT1",crossref,[],False,True,YES
55593.0,CUL4B promotes bladder cancer metastasis and induces epithelial-to-mesenchymal transition by activating the Wnt/β-catenin signaling pathway,(BLS) Biochemistry;(BLS) Biology - Cancer;(BLS) Biology - Cellular;(BLS) Genetics;,"Department of Urology, The Second Affiliated Hospital of Zhejiang University School of Medicine, Hangzhou 310009, P.R. China;",Oncotarget,Impact Journals,China,Xia-Wa Mao;Jia-Quan Xiao;Gang Xu;Zhong-Yi Li;Hui-Feng Wu;Yi Li;Yi-Chun Zheng;Nan Zhang,,Research Article;,8/5/2024 0:00,10.18632/oncotarget.28407,39102210.0,8/24/2017 0:00,10.18632/oncotarget.20455,29100384.0,Retraction,Concerns/Issues about Image;Duplication of/in Image;Investigation by Journal/Publisher;Investigation by Third Party;Paper Mill;,No,see also: https://pubpeer.com/publications/693F98A9E5B417281A0B8E7764AFA4,,"Increased expression of cullin 4B (CUL4B) is linked to progression in several cancers. This study aims to explore the effects of CUL4B on bladder cancer (BC) metastasis and epithelial-to-mesenchymal transition (EMT) and potential correlation to the Wnt/β-catenin signaling pathway. We collected BC tissues and adjacent normal tissues from 124 BC patients. Quantitative real-time polymerase chain reaction (qRT-PCR) and western blotting were employed in order to detect the expression of Wnt/β-catenin signaling pathway-related proteins and EMT markers. MTT and Transwell assays were used in order to measure cell proliferation, migration, and invasion. BC 5637 cells were transfected with control, siRNA scramble control (siRNA-NC), si-CUL4B, and CUL4B or Wnt inhibitory factor 1 (WIF-1) overexpression constructs. Levels of CUL4B mRNA and protein were increased in BC tissues in comparison with the adjacent normal tissues. CUL4B expression was negatively correlated with the expression of E-cadherin and positively correlated to the expression of N-cadherin and Vimentin. Compared to the control group, levels of β-catenin, cyclinD1, c-myc, MMP7, and EMT markers were reduced, whereas phosphorylated GSK3β",ok_via_pubmed,Retraction: CUL4B promotes bladder cancer metastasis and induces epithelial-to-mesenchymal transition by activating the Wnt/β-catenin signaling pathway,crossref,[],False,True,YES
55592.0,IGF-1 induces the epithelial-mesenchymal transition via Stat5 in hepatocellular carcinoma,(BLS) Biochemistry;(BLS) Biology - Cancer;(BLS) Biology - Cellular;(BLS) Genetics;,"Department of General Surgery, Qilu Hospital of Shandong University, Jinan, P.R. China; Department of Cardiology, Shandong Provincial Hospital Affiliated to Shandong University, Jinan, P.R. China; Department of General, Thoracic, Vascular and Transplantation Surgery, University of Rostock, Rostock, Germany;",Oncotarget,Impact Journals,China;Germany,Chuanzong Zhao;Qian Wang;Ben Wang;Qi Sun;Zhaobin He;Jianguo Hong;Florian Kuehn;Enyu Liu;Zongli Zhang,,Research Article;,8/5/2024 0:00,10.18632/oncotarget.28573,39102211.0,12/5/2017 0:00,10.18632/oncotarget.22952,29340101.0,Retraction,Duplication of/in Image;Investigation by Journal/Publisher;Investigation by Third Party;Paper Mill;,No,see also: https://pubpeer.com/publications/00167CF5407AFBC4EC355A753499C6,,"It has been reported that the epithelial-mesenchymal transition (EMT) plays an important role in hepatocellular carcinoma (HCC). However, the relationship between the insulin-like growth factor-1 (IGF-1) and EMT of HCC was not fully elucidated. In the present work, we found that the expression of N-cadherin, Vimentin, Snail1, Snail2, and Twist1 was positively associated with IGF-1R expression, while E-cadherin expression was negatively associated with IGF-1 expression in human HCC samples. Furthermore, we observed that IGF-1 up-regulated the expression of N-cadherin, Vimentin, Snail1, Snail2 and Twist1, and down-regulated the expression of E-cadherin. In addition, Stat5 was induced in IGF-1-treated HepG2 and Hep3B cells, and Stat5 inhibition or siRNA significantly affected IGF-1-induced EMT in HepG2 and Hep3B cells. In conclusion, IGF-1 induces EMT of HCC via Stat5 signaling pathway. Thus, IGF-1/Stat5 can be recommended as a potential and novel therapeutic strategy for HCC patients.",ok_via_pubmed,Retraction: IGF-1 induces the epithelial-mesenchymal transition via Stat5 in hepatocellular carcinoma,crossref,[],False,True,YES
55437.0,Long Noncoding RNA UCA1 Targets miR-582-5p and Contributes to the Progression and Drug Resistance of Bladder Cancer Cells Through ATG7-Mediated Autophagy Inhibition,(BLS) Biochemistry;(BLS) Biology - Cancer;(BLS) Biology - Cellular;(BLS) Genetics;,"Department of Urology, Renmin Hospital of Wuhan University, Wuhan, Hubei, China; Department of Anesthesiology, People’s Hospital of Wuhan University, Wuhan, Hubei, China;",OncoTargets and Therapy,Taylor and Francis - Dove Press,China,Junfeng Wu;Wei Li;Jinzhuo Ning;Weimin Yu;Ting Rao;Fan Cheng,,Research Article;,7/25/2024 0:00,10.2147/OTT.S488460,39081814.0,1/9/2019 0:00,10.2147/OTT.S183940,30666128.0,Retraction,Euphemisms for Plagiarism;Investigation by Journal/Publisher;Investigation by Third Party;Paper Mill;Plagiarism of Image;Unreliable Results and/or Conclusions;,No,see also: https://pubpeer.com/publications/E101CE60C89563994C7267DD357A65,,"Rently, the incidence of bladder cancer has been on the rise. Accumulating researches have been conducted to clarify the molecular mechanisms and potential therapeutic targets of bladder cancer. The present study aims to explore the regulatory mechanism of the urothelial carcinoma-associated 1 (UCA1)-miR-582-5p-ATG7 axis in bladder cancer. Quantitative real-time polymerase chain reaction was used to detect mRNA level. Relative protein expression was detected by western blot. wound healing assay and transwell were used to determine migration and invasion of cells. in addtion, luciferase reporter assay and immunohistochemistry were performed. UCA1 expression was upregulated in bladder cancer tissues and cells, while the depletion of UCA1 by shRNA resulted in the suppression of cell proliferation, invasion, migration, and drug resistance. Further studies demonstrated that UCA1 could directly interact with miR-582-5p, and that there was an inverse correlation between miR-582-5p and UCA1. In addition, we found that ATG7 is a target of miR-582-5p and can be downregulated by either miR-582-5p overexpression or UCA1 knockdown. In particular, the autophagy is reduced when UCA1 shRNA is introduced. Moreover, the in vivo experiment further demonstrated the contribution of UCA1 in bladder cancer including tumor growth, invasion, and migration, and UCA1 knockdown can inhibit the aforementioned activities. These results provided evidence for a novel UCA1 interaction regulatory network in bladder cancer, that is, UCA1-miR-582-5p-ATG7-autophagy axis. Our study provides a new insight into the treatment of bladder cancer.",ok_via_pubmed,Long Noncoding RNA UCA1 Targets miR-582-5p and Contributes to the Progression and Drug Resistance of Bladder Cancer Cells Through ATG7-Mediated Autophagy Inhibition [Retraction],crossref,[],False,True,YES
54273.0,"lncRNA ABHD11-AS1, regulated by the EGFR pathway, contributes to the ovarian cancer tumorigenesis by epigenetically suppressing TIMP2",(BLS) Biochemistry;(BLS) Biology - Cancer;(BLS) Biology - Cellular;(BLS) Genetics;,"Department of Gynecology, The ThirdXiangya Hospital of Central SouthUniversity, Changsha, P.R. China;",Cancer Medicine,Wiley,China,Xiang-Yang Zeng;Xiao-Yan Jiang;Jia-Hui Yong;Hui Xie;Jing Yuan;Da Zeng;Ying-Yu Dou;Song-Shu Xiao,,Research Article;,3/12/2024 0:00,10.1002/cam4.7098,38470371.0,9/30/2019 0:00,10.1002/cam4.2586,31568657.0,Retraction,Author Unresponsive;Concerns/Issues about Image;Duplication of/in Image;Euphemisms for Duplication;Investigation by Journal/Publisher;Investigation by Third Party;Original Data and/or Images not Provided and/or not Available;Paper Mill;Unreliable Results and/or Conclusions;,No,see also: https://pubpeer.com/publications/B709BB39FB7FFED9202224E48A7DF6,,"Abstract Objective Epithelial ovarian cancer (EOC) is a common gynecologic malignancy characterized by extensive peritoneal metastasis and high mortality rate. ABHD11 Antisense RNA1 (ABHD11‐AS1) has recently been identified as a regulator of growth and metastasis in multiple tumors, including EOC. However, the biological function and potential mechanism of ABHD11‐AS1 in EOC remains poorly understood. Methods Immunohistochemistry, western blot, and qRT‐PCR analysis were used to determine the expression pattern of ABHD11‐AS1 and epidermal growth factor receptor (EGFR) in both EOC tissues and cell lines, respectively. Colony formation, transwell and wound healing assays were performed to evaluate the roles of EGFR and ABHD11‐AS1 on the capacity of cell proliferation, migration, and invasion. Western blot analysis was performed to measure the regulation of EGFR pathway on STAT3. Moreover, chromatin immunoprecipitation was employed to demonstrate the interaction between ABHD11‐AS1 and STAT3. RNA immunoprecipitation was subjected to prove the direct binding between ABHD11‐AS1 and EZH2. Immunofluorescence staining was performed to measure the expression and localization of TIMP2. EOC mouse model was conducted for validating the role of ABHD11‐AS1 in vivo. Results EGFR and ABHD11‐AS1 were highly expressed in EOC tissues and cell lines. Knockdown of EGFR or ABHD11‐AS1 inhibited cell growth, migration, and invasion of EOC cells. Expression of ABHD11‐AS1 was regulated by the activation of EGFR signaling pathway, mediated by STAT3. Besides, ABHD11‐AS1 was shown to silence TIMP2 by binding to chromatin‐modifying enzyme EZH2. Furthermore, inhibition of EGFR pathway or ABHD11‐AS1 repressed the tumor growth of EOC. Conclusion We defined the regulatory relationship between the EGFR signaling pathway, ABHD11‐AS1, EZH2, and TIMP2 suggesting that ABHD11‐AS1 may act as an oncogene and a potential target for antitumor therapies in ovarian cancer.",ok,"Abstract Xiang‐Yang Zeng, Xiao‐Yan Jiang, Jia‐Hui Yong, Hui Xie, Jing Yuan, Da Zeng, Ying‐Yu Dou, Song‐Shu Xiao “lncRNA ABHD11‐AS1, regulated by the EGFR pathway, contributes to the ovarian cancer tumorigenesis by epigenetically suppressing TIMP2” Cancer Med. 2019; 8: 7074–7085 ( https://doi.org/10.1002/cam4.2586 ) The above article, published online on 30 September 2019, in Wiley Online Library ( wileyonlinelibrary.com ), has been retracted by agreement between the journal's Editor‐in‐Chief, Stephen Tait, and John Wiley and Sons Ltd. Following publication, concerns were raised by a third party regarding image overlap within Figure 2b. Furthermore, several figure elements have been published elsewhere, identifying the cells as originating from different cell lines and subjected to different treatment. The authors did not respond to the concerns raised and did not provide the original data. The editors consider the results and conclusion reported in this article unreliable.",crossref,[],False,True,UNCLEAR
53846.0,Long Noncoding RNA NEAT1 Promotes Cell Proliferation and Invasion and Suppresses Apoptosis in Hepatocellular Carcinoma by Regulating miRNA-22-3p/akt2 in vitro and in vivo,(BLS) Biochemistry;(BLS) Biology - Cancer;(BLS) Biology - Cellular;(BLS) Genetics;,"Department of Intervention, Xuzhou Central Hospital, Xuzhou Medical University, XuZhou 221009, People’s Republic of China; Department of Medical Oncology, Xuzhou Central Hospital, Xuzhou Medical University, XuZhou 221009, People’s Republic of China; Department of Medical Oncology, The First Affiliated Hospital of Soochow University, Suzhou 215006, People’s Republic of China;",OncoTargets and Therapy,Taylor and Francis - Dove Press,China,Xichang Zhou;Xiang Wang;Yizhou Zhou;Long Cheng;Youwei Zhang;Yangmei Zhang,,Research Article;,5/7/2024 0:00,10.2147/OTT.S476432,38737389.0,10/31/2019 0:00,10.2147/OTT.S224521,31802908.0,Retraction,Author Unresponsive;Euphemisms for Plagiarism;Investigation by Journal/Publisher;Paper Mill;Plagiarism of Image;Unreliable Results and/or Conclusions;,No,see also: https://pubpeer.com/publications/23B9349C894C5E311860371303BDC3,,"Hepatocellular carcinoma (HCC) is one of the most aggressive cancers that is associated with cirrhosis and other chronic liver diseases. Although remarkable progress has been made in past decades, it is still necessary to continue exploring the pathology and development of HCC. In this study, we elucidated the effect of long noncoding RNA (lncRNA) NEAT1 on HCC development and underlying mechanisms. Clinicopathological features of HCC patients were collected and the correlations with NEAT1 expression were assessed. To determine cell activities, CCK-8, flow cytometry, invasion assays, and TUNEL assays were performed. Real-time PCR, Western blot, and luciferase reporter assays were performed to investigate the related mechanism of HCC. The results revealed that NEAT1 expression was associated with tumor size and differentiation where NEAT1 was upregulated in both HCC tissues and cell lines. Overexpression of NEAT1 promoted proliferation and invasion while inhibited apoptosis in HCC cells, which was opposite to the effect of NEAT1 knockdown. Also, AKT2 was increased in HCC tissues. Downregulation of AKT2 was associated with reduced cell proliferation and invasion while increased apoptosis, while overexpression of AKT2 exerted opposite roles. In addition, the expression of miRNA-22-3p displayed an inverse association with NEAT1. miRNA-22-3p mimic and inhibitor suppressed and promoted HCC development, respectively. The luciferase assay revealed that both NEAT1 and AKT2 were direct target genes of miRNA-22-3p. Furthermore, knockdown and overexpression of NEAT1 suppressed and promoted tumor growth in the HCC mouse model, which were abolished by the miRNA-22-3p inhibitor and mimic, respectively. In conclusion, the results demonstrate that NEAT1 promotes the development of HCC, both in vitro and in vivo, through regulating miRNA-22-3p/AKT2, and provides insight into developing a new strategy for HCC treatment.",ok_via_pubmed,Long Noncoding RNA NEAT1 Promotes Cell Proliferation and Invasion and Suppresses Apoptosis in Hepatocellular Carcinoma by Regulating miRNA-22-3p/akt2 in vitro and in vivo [Retraction],crossref,[],False,True,YES
53802.0,MCM3AP-AS1/miR-876-5p/WNT5A axis regulates the proliferation of prostate cancer,(BLS) Biochemistry;(BLS) Biology - Cancer;(BLS) Biology - Cellular;(BLS) Genetics;,"Department of Pathology, The Affiliated Hospital of Qingdao University, Jiangsu Road, South District, Qingdao, 266003, Shandong, China; Department of Dermatology, The Affiliated Hospital of Qingdao University, Qingdao, 266003, China;",Cancer Cell International,Springer - Biomed Central (BMC),China,Jie Wu;Yalin Lv;Yujun Li;Yanxia Jiang;Lili Wang;Xiangyan Zhang;Mengqi Sun;Yuwei Zou;Jin Xu;Li Zhang,,Research Article;,5/29/2024 0:00,10.1186/s12935-024-03381-7,38811962.0,7/13/2020 0:00,10.1186/s12935-020-01365-x,32684844.0,Retraction,Concerns/Issues about Image;Concerns/Issues about Third Party Involvement;Lack of IRB/IACUC Approval and/or Compliance;Original Data and/or Images not Provided and/or not Available;Paper Mill;Unreliable Results and/or Conclusions;,No,,,"Abstract Background Although the fact that long non-coding RNA MCM3AP antisense RNA 1 (MCM3AP-AS1) is oncogenic in several cancers is well documented, very few researchers investigate its expression and function in prostate cancer. Methods Paired prostate cancer samples were selected, and expressions of MCM3AP-AS1, miR-876-5p and WNT5A were examined by qRT-PCR. MCM3AP-AS1 shRNA was transfected into LNCaP and PC-3 cell lines, and then the proliferative activity and apoptosis of cancer cells were detected by CCK-8 assay, EdU assay and flow cytometry analysis, respectively. qRT-PCR and Western blot were used to analyze the changes of miR-876-5p and WNT5A. Luciferase reporter gene assay was employed to determine the regulatory relationship between miR-876-5p and MCM3AP-AS1, miR-876-5p and WNT5A. Results MCM3AP-AS1 was significantly up-regulated in cancerous tissues of prostate cancer samples, positively correlated with the expression of WNT5A, while negatively related with miR-876-5p. After transfection of MCM3AP-AS1 shRNA into prostate cancer cells, the proliferative ability of cancer cells was signally inhibited, but the apoptosis of cancer cells was increased. MCM3AP-AS1 shRNA could reduce the expression of WNT5A on both mRNA and protein levels. Besides, MCM3AP-AS1 was identified as a sponge of miR-876-5p. WNT5A was validated as a target gene of miR- 876-5p. Conclusion MCM3AP-AS1 is abnormally up-regulated in prostate cancer tissues and can modulate the proliferation and apoptosis of prostate cancer cells, which has the potential to be the “ceRNA” to regulate the expression of WNT5A by targeting miR-876-5p.",ok,Retraction Note: MCM3AP-AS1/miR-876-5p/WNT5A axis regulates the proliferation of prostate cancer cells,crossref,[],False,True,YES
53799.0,LINC01224 accelerates malignant transformation via MiR-193a-5p/CDK8 axis in gastric cancer,(BLS) Biochemistry;(BLS) Biology - Cancer;(BLS) Biology - Cellular;(BLS) Genetics;,"Department of Tumor Surgery, Weifang People's Hospital, Kuiwen District, Weifang, Shandong, China; Department of Neurosurgery, Weifang Yidu Central Hospital, Qingzhou, Shandong, China; Oncology Department, Jiangdu People's Hospital Affiliated to Medical College of Yangzhou University, Yangzhou, Jiangsu, China;",Cancer Medicine,Wiley,China,Hui Sun;Jihong Yan;Guangyu Tian;Xiaojun Chen;Wenbo Song,,Research Article;,5/30/2024 0:00,10.1002/cam4.7337,38813645.0,3/2/2021 0:00,10.1002/cam4.3726,33655711.0,Retraction,Author Unresponsive;Concerns/Issues about Image;Error in Data;Investigation by Journal/Publisher;Investigation by Third Party;Original Data and/or Images not Provided and/or not Available;Paper Mill;Unreliable Data;Unreliable Results and/or Conclusions;,No,see also: https://pubpeer.com/publications/BDC60F9B8B1A4FE1E0424CD9FF7FD4,,"Abstract Background Gastric cancer (GC) is a malignant tumor with a significantly high mortality rate, yet, its pathogenesis is not fully understood. Bioinformatics predicted that LINC01224 is highly expressed in stomach adenocarcinoma (STAD), and showed that LINC01224 adsorbed miR‐193a‐5p to target CDK8. Therefore, this study intended to verify the effect of the LINC01224/miR‐193a‐5p/CDK8 axis on the biological behavior of gastric cancer. Methods Expressions of LINC01224, miR‐193a‐5p, CDK8, apoptosis‐, and EMT‐related genes were analyzed using the GEPIA website, RT‐qPCR, in situ hybridization, and Western blot as needed. Bioinformatics and dual luciferase assay were used to evaluate the relationship between LINC01224, miR‐193a‐5p, and CDK8. Functional experiments and rescue experiments (MTT assay, flow cytometry, wound healing assay, and Transwell) were conducted to detect the effects of the above genes on the biological characteristics of GC cells. Tumorigenesis assay was used to verify the results of in vitro experiments. Results LINC01224 adsorbed miR‐193a‐5p to target and upregulate CDK8. The expressions of LINC01224 and CDK8 were increased, while the expression of miR‐193a‐5p was decreased in GC. Overexpressed LINC01224 promoted cell viability, migration and invasion, accelerated tumor formation, attenuated apoptosis, inhibited the expressions of apoptosis‐related proteins, and promoted the expressions of EMT‐related proteins, whereas silenced LINC01224 led to the opposite effect. MiR‐193a‐5p inhibitor partially offset the effect of silenced LINC01224; interestingly, siCDK8 significantly reversed the effect of miR‐193a‐5p inhibitor on GC cells. Conclusion LINC01224 affects the biological behavior of gastric cancer by mediating miR‐193a‐5p to regulate CDK8.",ok,"Abstract RETRACTION : H. Sun, J. Yan, G. Tian, X. Chen, W. Song, “LINC01224 accelerates malignant transformation via MiR‐193a‐5p/CDK8 axis in gastric cancer,” Cancer Medicine 10, no. 4 (2021): 1377‐1393, https://doi.org/10.1002/cam4.3726 . The above article, published online on 2 March 2021, in Wiley Online Library ( wileyonlinelibrary.com ), has been retracted by agreement between the journal Editor‐in‐Chief, Stephen Tait, and John Wiley and Sons Ltd. Following publication, concerns were raised by third parties regarding the origin of figure 10A. Several scientific irregularities and unexpected similarities between an instrument in this figure and figures from other papers by unrelated author groups were found. The authors had initially contacted the journal requesting to withdraw their article due to errors presented in their data. However, the authors did not provide further details and did not respond to our invitation to comment on the additional concerns raised, or provide the original, unmodified figures. The editors have lost confidence in the data and conclusions of this study.",crossref,[],False,True,YES
53798.0,"Long noncoding RNA UCA1 promotes cell growth, migration, and invasion by targeting miR-143-3p in oral squamous cell carcinoma",(BLS) Biochemistry;(BLS) Biology - Cancer;(BLS) Biology - Cellular;(BLS) Genetics;,"Jiangsu Key Laboratory of Oral Diseases, Nanjing Medical University, Nanjing, Jiangsu, China; Department of Oral and Maxillofacial Surgery, Affiliated Hangzhou First People's Hospital, Medical College of Zhejiang University, Hangzhou, Zhejiang, China; Department of Ophtalmology, Hangzhou Jianggan District People's Hospital, Hangzhou, Zhejiang, China; Department of Oral and Maxillofacial Surgery, The Affiliated Huaian No.1 People's Hospital of Nanjing Medical University, Huaian, Jiangsu, China;",Cancer Medicine,Wiley,China,Qingyun Duan;Mei Xu;Meng Wu;Xiong Zhang;Min Gan;Hongbing Jiang,,Research Article;,5/30/2024 0:00,10.1002/cam4.7338,38813651.0,3/4/2020 0:00,10.1002/cam4.2808,32130788.0,Retraction,Author Unresponsive;Concerns/Issues about Image;Duplication of/in Image;Investigation by Journal/Publisher;Investigation by Third Party;Original Data and/or Images not Provided and/or not Available;Paper Mill;Unreliable Data;Unreliable Results and/or Conclusions;,No,see also: https://pubpeer.com/publications/9FF719AB109355BA827CF97FC9E907,,"Abstract Background The long noncoding RNA (lncRNA) urothelial carcinoma‐associated 1 ( UCA1 ) is dysregulated in many types of tumors; however, its role in oral squamous cell carcinoma (OSCC) remains unclear. This study aims to determine the effect of lncRNA UCA1 on OSCC. Methods Fifty‐six paired OSCC and adjacent nontumorous tissues were collected and the levels of UCA1 , miR‐143‐3p, and MYO6 in the tissues were evaluated by qRT‐PCR. In in vitro experiments, cell viability, migration, and invasion were measured by, respectively, performing CCK‐8, wound healing, and transwell assays. The target relationships among UCA1 , miR‐143‐3p, and MYO6 were verified by dual‐luciferase assay. Western blot and immunohistochemistry were carried out to determine the protein levels. Xenograft mouse model was established to explore the effects of UCA1 in vivo. Results Levels of UCA1 and MYO6 were increased significantly in OSCC, while the level of miR‐143‐3p was decreased compared with the adjacent nontumorous tissues. UCA1 promoted OSCC cell growth, migration, and invasion both in vitro and in vivo, while miR‐143‐3p reversed the progression. MYO6 was validated as a target for miR‐143‐3p, and MYO6 overexpression reversed the effects of miR‐143‐3p mimic on OSCC cells. Conclusion LncRNA UCA1 contributes to the proliferation and metastasis of OSCC cells by targeting miR‐143‐3p and upregulating its downstream gene MYO6 . UCA1 could serve as a promising novel target therapy for treatment of OSCC.",ok,"Abstract RETRACTION: Q. Duan, M. Xu, M. Wu, X. Zhang, M. Gan, H. Jiang, “Long noncoding RNA UCA1 promotes cell growth, migration, and invasion by targeting miR‐143‐3p in oral squamous cell carcinoma,” Cancer Medicine 9, no. 9 (2020): 3115–3129, https://doi.org/10.1002/cam4.2808 . The above article, published online on March 4, 2020, in Wiley Online Library ( wileyonlinelibrary.com ), has been retracted by agreement between the journal Editor‐in‐Chief, Stephen Tait, and John Wiley and Sons Ltd. Following publication, concerns were raised by third parties regarding the origin of figures 7A and 7C. Unexpected similarities between an instrument in this figure and figures from other papers by unrelated author groups were found. Furthermore, duplication of a panel from figure 6D (showing MK1 cells under control conditions at 24 hours) were found within a figure from another article published elsewhere in a different scientific context. The authors were contacted and invited to comment on the concerns raised and to provide the original, unmodified figures, but did not respond. The editors have lost confidence in the data and conclusions of this study.",crossref,[],False,True,YES
53759.0,"miRNA-99b-5p Targets FZD8 to Inhibit Non-Small Cell Lung Cancer Proliferation, Migration and Invasion",(BLS) Biochemistry;(BLS) Biology - Cancer;(BLS) Biology - Cellular;(BLS) Genetics;,"Yunnan Key Laboratory of Pharmacology for Natural Products, Kunming Medical University, Kunming 650031, People’s Republic of China; Department of Oncology, The First People’s Hospital of Yunnan Province, Kunming 650032, Yunnan, People’s Republic of China;",OncoTargets and Therapy,Taylor and Francis - Dove Press,China,Rui Liu;Yajuan Chen;Tao Shou;Jing Hu;Chen Qing,,Research Article;,5/23/2024 0:00,10.2147/OTT.S479422,38803384.0,4/8/2019 0:00,10.2147/OTT.S199196,31040702.0,Retraction,Concerns/Issues about Image;Duplication of/in Image;Investigation by Journal/Publisher;Investigation by Third Party;Original Data and/or Images not Provided and/or not Available;Paper Mill;Unreliable Results and/or Conclusions;,No,see also: https://pubpeer.com/publications/4B5D62497259E183281D9BE8CC196E,,"miRNAs were found to play crucial roles in regulating cellular behaviors. The aim of this study was to investigate the biological function of miRNA-99b-5p (miR-99b-5p) in non-small cell lung cancer (NSCLC). miR-99b-5p expression level in NSCLC cell lines was detected by quantitative real-time PCR (qRT-PCR). Cell proliferation, migration and invasion were examined by cell counting kit-8 (CCK-8) assay, wound-healing assay and Transwell invasion assay, respectively. Dual-luciferase activity reporter assay and Western blot assay were conducted to validate the target of miR-99b-5p. The expression of miR-99b-5p was decreased in NSCLC cell lines compared with normal cell line. Overexpression of miR-99b-5p inhibits cell proliferation, migration and invasion in vitro. FZD8 was validated as a direct target of miR-99b-5p. Overexpression of FZD8 partially abolished the effects of miR-99b-5p mimic on NSCLC cell behaviors. Collectively, our results demonstrated that miR-99b-5p inhibits NSCLC cell proliferation, migration and invasion through targeting FZD8. This newly identified miR-99b-5p/FZD8 axis provided novel insights into the mechanisms underlying NSCLC progression.",ok_via_pubmed,"miRNA-99b-5p Targets FZD8 to Inhibit Non-Small Cell Lung Cancer Proliferation, Migration and Invasion [Retraction]",crossref,[],False,True,YES
53114.0,TNFα Promotes Glioblastoma A172 Cell Mitochondrial Apoptosis via Augmenting Mitochondrial Fission and Repression of MAPK-ERK-YAP Signaling Pathways,(BLS) Biochemistry;(BLS) Biology - Cancer;(BLS) Biology - Cellular;(BLS) Genetics;,"Department of Neurosurgery, Chinese PLA General Hospital, Beijing 100853, China;",OncoTargets and Therapy,Taylor and Francis - Dove Press,China,Changyu Lu;Xiaolei Chen;Qun Wang;Xinghua Xu;Bainan Xu,,Research Article;,4/3/2024 0:00,10.2147/OTT.S471180,38586815.0,10/18/2018 0:00,10.2147/OTT.S184337,30425514.0,Retraction,Author Unresponsive;Concerns/Issues about Image;Duplication of/in Image;Investigation by Journal/Publisher;Investigation by Third Party;Original Data and/or Images not Provided and/or not Available;Paper Mill;,No,,,"The present study was designed to explore the roles of mitochondrial fission and MAPK-ERK-YAP signaling pathways and to determine their mutual relationship in TNFα-mediated glioblastoma mitochondrial apoptosis. Cellular viability was measured via TUNEL staining, MTT assays, and Western blot. Immunofluorescence was performed to observe mitochondrial fission. YAP overexpression assays were conducted to observe the regulatory mechanisms of MAPK-ERK-YAP signaling pathways in mitochondrial fission and glioblastoma mitochondrial apoptosis. The results in our present study indicated that TNFα treatment dose dependently increased the apoptotic rate of glioblastoma cells. Functional studies confirmed that TNFα-induced glioblastoma apoptosis was attributable to increased mitochondrial fission. Excessive mitochondrial fission promoted mitochondrial dysfunction, as evidenced by decreased mitochondrial potential, repressed ATP metabolism, elevated ROS synthesis, and downregulated antioxidant factors. In addition, the fragmented mitochondria liberated cyt-c into the cytoplasm/nucleus where it activated a caspase-9-involved mitochondrial apoptosis pathway. Furthermore, our data identified MAPK-ERK-YAP signaling pathways as the primary molecular mechanisms by which TNFα modulated mitochondrial fission and glioblastoma apoptosis. Reactivation of MAPK-ERK-YAP signaling pathways via overexpression of YAP neutralized the cytotoxicity of TNFα, attenuated mitochondrial fission, and favored glioblastoma cell survival. Overall, our data highlight that TNFα-mediated glioblastoma apoptosis stems from increased mitochondrial fission and inactive MAPK-ERK-YAP signaling pathways, which provide potential targets for new therapies against glioblastoma.",ok_via_pubmed,TNFα Promotes Glioblastoma A172 Cell Mitochondrial Apoptosis via Augmenting Mitochondrial Fission and Repression of MAPK–ERK–YAP Signaling Pathways [Retraction],crossref,[],False,True,UNCLEAR
52721.0,The efficacy and adverse effects of anlotinib in the treatment of high-grade glioma: a retrospective analysis,(HSC) Medicine - Neurology;(HSC) Medicine - Oncology;(HSC) Medicine - Pharmacology;,"Radiotherapy Department, Nanjing JinLing Hospital, Xuanwu District, Nanjing, Jiangsu, China;",Frontiers in Oncology,Frontiers,China,Fangcheng Shen;Jing Li;Feng Liu;Ni Sun;XiangNan Qiu;Wei Ding;XiangDong Sun,,Research Article;,2/20/2024 0:00,10.3389/fonc.2024.1383410,38444679.0,2/17/2023 0:00,10.3389/fonc.2023.1095362,36874124.0,Retraction,Concerns/Issues about Results and/or Conclusions;Concerns/Issues about Third Party Involvement;Concerns/Issues about Peer Review;Compromised Peer Review;Investigation by Journal/Publisher;Paper Mill;Unreliable Results and/or Conclusions;,No,,,"Introduction Anlotinib, a novel multi-kinase inhibitor, was found to improve progression-free survival (PFS) in brain metastases. Methods This paper retrospectively analyzed 26 newly diagnosed or recurrent high-grade gliomas from 2017 to 2022, and the patients received oral anlotinib during concurrent postoperative chemoradiotherapy or after recurrence. Efficacy was evaluated according to the Response Assessment in Neuro-Oncology (RANO) criteria, and the main study endpoints were PFS at 6 months and overall survival (OS) at 1 year. Results After the follow-up, until May 2022, 13 patients survived and 13 patients died, with a median follow-up time of 25.6 months. The disease control rate (DCR) was 96.2% (25/26), and the overall response rate (ORR) rate was 73.1% (19/26). The median PFS after oral anlotinib was 8.9 months (0.8–15.1), and the PFS at 6 months was 72.5%. The median OS after oral anlotinib was 12 months (1.6–24.4), and the OS at 12 months was 42.6%. Anlotinib-related toxicities were observed in 11 patients, mostly grades 1–2. In the multivariate analysis, patients with Karnofsky Performance Scale (KPS) above 80 had a highermedian PFS of 9.9months (p = 0.02), and their sex, age, IDH mutation, MGMTmethylation, and whether anlotinib was combined with chemoradiotherapy or maintenance treatment had no effect on PFS. Conclusion We found that anlotinib combined with chemoradiotherapy in treating high-grade central nervous system (CNS) tumors can prolong PFS and OS and that it was safe.",ok,Retraction: The efficacy and adverse effects of anlotinib in the treatment of high-grade glioma: a retrospective analysis,crossref,[],False,True,NO
52720.0,Meta analysis of clinical prognosis of radiofrequency ablation versus partial nephrectomy in the treatment of early renal cell carcinoma,(HSC) Medicine - Oncology;(HSC) Medicine - Surgery;(HSC) Medicine - Urology/Nephrology;,"Department of Urological Surgery, Cancer Hospital of China Medical University/Liaoning Cancer Hospital & Institute, Shenyang, Liaoning, China;",Frontiers in Oncology,Frontiers,China,Hongchen Qu;Kai Wang;Bin Hu,,Meta-Analysis;Review Article;,2/20/2024 0:00,10.3389/fonc.2024.1383353,38444681.0,4/25/2023 0:00,10.3389/fonc.2023.1105877,37182152.0,Retraction,Concerns/Issues about Results and/or Conclusions;Concerns/Issues about Third Party Involvement;Concerns/Issues about Peer Review;Compromised Peer Review;Investigation by Journal/Publisher;Paper Mill;Unreliable Results and/or Conclusions;,No,,,"Objective To systematically review the differences between radiofrequency ablation and partial nephrectomy in patients with early-stage renal cell carcinoma, and to provide evidence-based medical evidence for the choice of surgery for patients with early-stage renal cell carcinoma. Methods According to the search strategy recommended by the Cochrane Collaboration, Chinese databases such as CNKI, VIP Chinese Science and Technology Periodicals Database (VIP), and Wanfang Full-text Database were searched with Chinese search terms. And PubMed and MEDLINE as databases for English literature retrieval. Retrieve the relevant literature on renal cell carcinoma surgical methods published before May 2022, and further screen radiofrequency ablation and partial nephrectomy in patients with renal cell carcinoma The relevant literature on the application is analyzed. RevMan5.3 software was used for heterogeneity test and combined statistical analysis, sensitivity analysis, and subgroup analysis. Analysis, and draw forest plot, using Stata software Begger quantitative assessment of publication bias. Results A total of 11 articles were involved, including 2958 patients. According to the Jadad scale, 2 articles were of low quality, and the remaining 9 articles were of high quality. Results of this study demonstrates the advantages of radiofrequency ablation in early-stage renal cell carcinoma. The results of this meta-analysis showed that compared with partial nephrectomy, there was significant difference in the 5-year overall survival rate between radiofrequency ablation and partial nephrectomy and there was a statistically significant difference between the two surgical methods in the 5-year relapse free survival rate of early renal cell carcinoma. Conclusion 1. Compared with partial nephrectomy, the 5-year relapse-free survival rate, the 5-year cancer specific survival rate and the overall 5-year survival rate were higher in the radiofrequency ablation group. 2. Compared with partial nephrectomy, there was no significant difference in the postoperative local tumor recurrence rate of radiofrequency ablation. 3. Compared with partial resection, radiofrequency ablation is more beneficial to patients with renal cell carcinoma.",ok,Retraction: Meta analysis of clinical prognosis of radiofrequency ablation versus partial nephrectomy in the treatment of early renal cell carcinoma,crossref,[],False,True,NO
52647.0,SIRT6 Overexpression Induces Apoptosis of Nasopharyngeal Carcinoma by Inhibiting NF-κB Signaling,(BLS) Biochemistry;(BLS) Biology - Cancer;(BLS) Biology - Cellular;(BLS) Genetics;,"Department of Otolaryngology, Head and Neck Surgery, the Second Xiangya Hospital, Central South University, Changsha 410011, Hunan, People’s Republic of China; Department of Otolaryngology, Head and Neck Surgery, the Affiliated Hospital of Guilin Medical College, the Institute of Otolaryngology of Guilin Medical College, Guilin, 541001 Guangxi, People’s Republic of China;",OncoTargets and Therapy,Taylor and Francis - Dove Press,China,Lei Ouyang;Liang Yi;Jingkun Li;Shijiang Yi;Shisheng Li;Peng Liu;Xinming Yang,,Research Article;,2/24/2024 0:00,10.2147/OTT.S465407,38426082.0,11/1/2018 0:00,10.2147/OTT.S179866,30464510.0,Retraction,Concerns/Issues about Image;Investigation by Journal/Publisher;Investigation by Third Party;Original Data and/or Images not Provided and/or not Available;Paper Mill;Unreliable Results and/or Conclusions;,No,see also: https://pubpeer.com/publications/09BEA97270A3850D9FC759FC567FBB,,"Previous reports show that SIRT6 serves as a critical modulator of the development of multiple malignancies as well as other disorders. However, its role in nasopharyngeal carcinoma (NPC) is unknown. Thus, we elucidated the effects of SIRT6 on the survival of NPC cells, and modulation of cell death. We found that expression of SIRT6 is downregulated in ten human NPC specimens as well as in the human NPC cell lines, 5-8 F and CNE1, as compared with that in healthy tissues and normal nasopharyngeal NP69 cells. The MTT assay and colony formation assay revealed that upregulation of SIRT6 impaired the proliferation, as well as the survival of 5-8 F and CNE1 cells. The TUNEL assay, annexin V-FITC/propidium iodide, and flow cytometry were performed to detect apoptosis. The results revealed that the expression of SIRT6 resulted in increased apoptosis. Western blotting results showed that SIRT6 overexpression decreased anti-apoptotic Bcl-2 levels, whereas it promoted an increase in pro-apoptotic Bax and cleaved caspase-3 levels. Moreover, NF-κB levels were markedly reduced in cells expressing SIRT6, whereas they were increased in cells transfected with shRNA-SIRT6. Recovery of NF-κB expression was found to counter the suppressive influence of SIRT6 on NPC cell survival, whereas,  Thus, the findings of our study offer insight into the biological and molecular mechanisms underlying the development of NPC and may lead to the development of new and innovative strategies for the treatment of NPC.",ok_via_pubmed,SIRT6 Overexpression Induces Apoptosis of Nasopharyngeal Carcinoma by Inhibiting NF-κB Signaling [Retraction],crossref,[],False,True,YES
52602.0,Coronin 3 Promotes the Development of Oncogenic Properties in Glioma Through the Wnt/β-Catenin Signaling Pathway,(BLS) Biochemistry;(BLS) Biology - Cancer;(BLS) Biology - Cellular;,"Department of Neurosurgery, Shandong Provincial Hospital Affiliated to Shandong First Medical University, Jinan, Shandong 250014, People’s Republic of China; Department of Gastrointestinal Surgery, Shandong Provincial Hospital Affiliated to Shandong First Medical University, Jinan, Shandong 250014, People’s Republic of China;",OncoTargets and Therapy,Taylor and Francis - Dove Press,China,Min Wang;Qi Li;Shengyuan Yu;Zexiang Zhang;Peng Qiu;Yubao Zhang;Wei Yang;Guangming Xu;Tongjiang Xu,,Research Article;,2/23/2024 0:00,10.2147/OTT.S465180,38414760.0,7/7/2020 0:00,10.2147/OTT.S257001,32764958.0,Retraction,Concerns/Issues about Image;Concerns/Issues about Third Party Involvement;Duplication of/in Image;Investigation by Journal/Publisher;Investigation by Third Party;Paper Mill;Unreliable Results and/or Conclusions;,No,see also: https://pubpeer.com/publications/97BE227E95401BDFB154A9E13FB37B,,"Evidence indicates that the actin-binding protein Coronin 3, which is aberrantly expressed in various cancers, is associated with cancer development and progression. However, little is known about the role of Coronin 3 in glioma tumorigenesis. Here, we aimed to explore the biological function and regulatory mechanism of Coronin 3 in glioblastoma (GBM). Coronin 3 level in human GBM clinical samples and cell lines was investigated. The shRNA knockdown strategy was used to assess the tumor characteristics of GBM cell lines. The role of β-catenin in Coronin 3-mediated oncogenic phenotypes was evaluated. Coronin 3 was found to be highly upregulated in glioma cell lines. Furthermore, knockdown of Coronin 3 significantly inhibited the growth of glioma cells both in vivo and in vitro and suppressed the expression of Wnt/β-catenin pathway genes, including β-catenin, Cyclin D1, and c-Myc. Moreover, we demonstrated that Coronin 3 regulates the expression of β-catenin in glioma. Our results revealed that Coronin 3-stimulated tumor growth was β-catenin-dependent. Our study reveals a new molecular mechanism of Coronin 3 in promoting glioma growth and development through regulating the Wnt/β-catenin signaling pathway.",ok_via_pubmed,Coronin 3 Promotes the Development of Oncogenic Properties in Glioma Through the Wnt/β-Catenin Signaling Pathway [Retraction],crossref,[],False,True,YES
52392.0,"Swainsonine represses glioma cell proliferation, migration and invasion by reduction of miR-92a expression",(BLS) Biochemistry;(BLS) Biology - Cancer;(BLS) Biology - Cellular;(BLS) Genetics;,"Department of Neurosurgery, China-Japan Union Hospital of Jilin University, No.126, Xiantai Street, Changchun, 130033, Jilin Province, China; Department of Vascular Surgery, China-Japan Union Hospital of Jilin University, Changchun, 130033, Jilin Province, China; Department of Science and Education, China-Japan Union Hospital of Jilin University, Changchun, 130033, Jilin Province, China;",BMC Cancer,Springer - Biomed Central (BMC),China,Libo Sun;Xingyi Jin;Lijuan Xie;Guangjun Xu;Yunxia Cui;Zhuo Chen,,Research Article;,2/29/2024 0:00,10.1186/s12885-024-12034-x,38424611.0,3/19/2019 0:00,10.1186/s12885-019-5425-7,30890138.0,Retraction,Concerns/Issues about Data;Investigation by Third Party;Paper Mill;Unreliable Data;,No,,,"Abstract Background Swainsonine is a natural indolizidine alkaloid, its anti-tumor activity has been widely reported in varied cancers. This study aimed to investigate whether Swainsonine exerted anti-tumor impact on glioma cells, likewise uncovered the relative molecular mechanisms. Methods After administration with diverse concentrations of Swainsonine, cell growth, migration and invasion in U251 and LN444 cells were appraised by the common-used CCK-8, BrdU, flow cytometry and Transwell assays. MiR-92a mimic, inhibitor and the correlative NC were transfected into U251 and LN444 cells, and assessment of miR-92a expression was by utilizing qRT-PCR. Functions of miR-92a in above-mentioned cell biological processes were analyzed again in Swainsonine-treated cells. The momentous proteins of cell cycle, apoptosis and PI3K/AKT/mTOR pathway were ultimately examined by western blot. Results Swainsonine significantly hindered cell proliferation through decreasing cell viability, declining the percentage of BrdU cells, down-regulating CyclinD1 and up-regulating p16 expression. Enhancement of percentage of apoptotic cells was presented in Swainsonine-treated cells via activating cleaved-Caspase-3 and cleaved-Caspase-9. Additionally, Swainsonine impeded the abilities of migration and invasion by decreasing MMP-2, MMP-9, Vimentin and E-cadherin. Repression of miR-92a was observed in Swainsonine-treated cells, and miR-92a overexpression overturned the anti-tumor activity of Swainsonine in glioma cells. Finally, western blot assay displayed that Swainsonine hindered PI3K/AKT/mTOR pathway via regulating miR-92a. Conclusions These discoveries corroborated that Swainsonine exerted anti-tumor impacts on glioma cells via repression of miR-92a, and inactivation of PI3K/AKT/mTOR signaling pathway.",ok,"Retraction Note: Swainsonine represses glioma cell proliferation, migration and invasion by reduction of miR-92a expression",crossref,[],False,True,YES
52333.0,SHP-2 Interacts with CD81 and Regulates the Malignant Evolution of Colorectal Cancer by Inhibiting Epithelial-Mesenchymal Transition,(BLS) Biochemistry;(BLS) Biology - Cancer;(BLS) Biology - Cellular;(BLS) Genetics;,"Department of Oncology, Nanjing Gaochun People’s Hospital Affiliated to Yangzhou University, Nanjing, Jiangsu 211316, People’s Republic of China; Department of Orthopedics, Nanjing Gaochun People’s Hospital Affiliated to Yangzhou University, Nanjing, Jiangsu 211316, People’s Republic of China; Department of Oncology, Gulou Hospital Affiliated to Medical College of Nanjing University, Nanjing, Jiangsu 210000, People’s Republic of China; Department of Oncology, The First Affiliated Hospital with Nanjing Medical University, Nanjing, Jiangsu 210029, People’s Republic of China;",Cancer Management and Research,Taylor and Francis - Dove Press,China,Huaqin Yuan;Jun Zhao;Yang Yang;Rongfu Wei;Liangxue Zhu;Jie Wang;Meiqing Ding;Mingyun Wang;Yanhong Gu,,Research Article;,2/24/2024 0:00,10.2147/CMAR.S465405,38419857.0,12/23/2020 0:00,10.2147/CMAR.S270813,33380834.0,Retraction,Duplication of/in Image;Investigation by Journal/Publisher;Investigation by Third Party;Original Data and/or Images not Provided and/or not Available;Paper Mill;,No,see also: https://pubpeer.com/publications/A352B1801F34F74E00BF65B4D7BE16,,"Colon cancer is a common malignant tumor of the digestive system. This project verified the negative role of protein tyrosine phosphatase (SHP-2) in the regulation of colon cancer and further clarified the key targets and molecular mechanisms in the regulation process. The expression levels of SHP-2 in colon cancer tissues, adjacent tissues, normal colon cell lines, and cancer cell lines were detected via Quantitative Real-time PCR (qRT-PCR). The effect of SHP-2 on colon cancer cell function was verified using cell proliferation, Transwell, scratch, and apoptotic assays. CD81 was identified as the interaction protein of SHP-2 by immunoprecipitation. The expression of SHP-2 was decreased in colorectal cancer compared with that in adjacent tissues. This expression was also decreased in colon cancer cells compared with that in intestinal epithelial cells. In addition, the tumor tissues of patients with metastatic colon cancer exhibited downregulated expression of SHP-2 compared with those of patients with non-metastatic colon cancer. Cell proliferation, Transwell, scratch, and apoptotic assay showed that the overexpression of SHP-2 inhibited proliferation, adhesion, and metastasis of colon cancer cell lines and promoted apoptosis. CO-IP proved that SHP-2 could interact with CD81 and inhibit the function of CD81. Recovery experiments confirmed that the overexpression of CD81 reversed the anti-cancer effect of SHP-2. Overexpression of SHP-2 inhibited malignant progression of colon cancer. Mechanism experiments showed that the anti-cancer effect of SHP-2 was realized through the interaction with CD81. This study elucidated the molecular mechanism of SHP-2 regulation in colon cancer and provided guidance for the diagnosis and prognosis assessment of colon cancer.",ok_via_pubmed,SHP-2 Interacts with CD81 and Regulates the Malignant Evolution of Colorectal Cancer by Inhibiting Epithelial–Mesenchymal Transition [Retraction],crossref,[],False,True,UNCLEAR
52332.0,The lncRNA LINC01194/miR-486-5p Axis Facilitates Malignancy in Non-Small Cell Lung Cancer via Regulating CDK4,(BLS) Biochemistry;(BLS) Biology - Cancer;(BLS) Biology - Cellular;(BLS) Genetics;,"Department of Blood Transfusion, Hebei Chest Hospital, Shijiazhuang City, Hebei Province 050041, People’s Republic of China; Department of Radiology, Hebei Chest Hospital, Shijiazhuang City, Hebei Province 050041, People’s Republic of China; Department of Laboratory, Hebei Chest Hospital, Shijiazhuang City, Hebei Province 050041, People’s Republic of China;",OncoTargets and Therapy,Taylor and Francis - Dove Press,China,Zhiwei Xing;Zhihua Zhang;Yanjun Gao;Xun Zhang;Xianglong Kong;Jianwu Zhang;Hongzhong Bai,,Research Article;,2/23/2024 0:00,10.2147/OTT.S465182,38420288.0,4/15/2020 0:00,10.2147/OTT.S235037,32346298.0,Retraction,Author Unresponsive;Duplication of/in Image;Investigation by Journal/Publisher;Investigation by Third Party;Original Data and/or Images not Provided and/or not Available;Paper Mill;Unreliable Results and/or Conclusions;,No,see also: https://pubpeer.com/publications/D66F0FFEF5466999420C67F7356490,,"This experimental design was based on lncRNA LINC01194 to explore the pathogenesis of NSCLC. RT-qPCR was used to detect the expression of lncRNA LINC01194 and miR-486-5p in NSCLC tissues and cell lines. CCK-8, colony formation, and transwell assays were used to examine the effects of lncRNA LINC01194 and miR-486-5p on NSCLC cell proliferation and migration invasiveness. For target gene prediction and screening, luciferase reporter assays were used to verify downstream target genes for lncRNA LINC01194 and miR-486-5p. The protein expression of CDK4 was detected using Western blotting. The tumor changes in mice were detected by in vivo experiments in nude mice. LncRNA LINC01194 was highly expressed in NSCLC tissues and NSCLC lines (A549, H1299, H460 cells, H1975), and lncRNA LINC01194 significantly promoted cell proliferation and migration of NSCLC cells. MiR-486-5p was identified as a potential target for LINC01194, and miR-486-5p was expressed at a low level in NSCLC tissues and NSCLC lines (A549, H1299, H460 cells, H1975). CDK4 was identified as a potential target for miR-486-5p. LncRNA LINC01194 was able to inhibit miR-486-5p expression and upregulate the expression level of CDK4. Finally, the results of in vivo animal models confirmed that lncRNA LINC01194 promoted NSCLC progression by modulating the miR-486-5p/CDK4 axis. LncRNA LINC01194 promoted the progression of NSCLC by modulating the miR-486-5p/CDK4 axis.",ok_via_pubmed,The lncRNA LINC01194/miR-486-5p Axis Facilitates Malignancy in Non-Small Cell Lung Cancer via Regulating CDK4 [Retraction],crossref,[],False,True,YES
51853.0,Effects of Blood Purification on Serum Levels of Inflammatory Cytokines and Cardiac Function in a Rat Model of Sepsis,(BLS) Biochemistry;(BLS) Biology - Cellular;(BLS) Biology - Molecular;,"Department of Hematology, Zhangzhou Affiliated Hospital of Fujian Medical University, Zhangzhou, PR China; Department of Laboratory, Zhangzhou Affiliated Hospital of Fujian Medical University, Zhangzhou, PR China; Department of Intensive Care Unit, Fujian Institute of Hematology, Fujian Provincial Key Laboratory of Hematology, Fujian Medical University Union Hospital, Fuzhou, PR China; Department of Hematology, Fujian Institute of Hematology, Fujian Provincial Key Laboratory of Hematology, Fujian Medical University Union Hospital, Fuzhou, PR China;",Blood Purification,Karger,China,Cong-Meng Lin;Cun-Rong Chen;Xue-Qiong Wu;Jin-Hua Ren;Shao-Zhen Chen;Xiao-Feng Luo;Xu-Qiao Mei;Lv-Ying Shen;Meng-Xian Guo;Xu-Dong Ma;Ting Yang,,Research Article;,2/12/2024 0:00,10.1159/000537697,38346415.0,2/28/2017 0:00,10.1159/000455060,28241128.0,Retraction,Concerns/Issues about Image;Concerns/Issues about Third Party Involvement;Euphemisms for Plagiarism;Objections by Author(s);Paper Mill;Plagiarism of Image;Unreliable Results and/or Conclusions;,No,,,"&lt;b&gt;&lt;i&gt;Objective:&lt;/i&gt;&lt;/b&gt; The study aimed to explore the effects of blood purification (BP) on serum levels of inflammatory cytokines and cardiac function in a rat model of sepsis. &lt;b&gt;&lt;i&gt;Methods:&lt;/i&gt;&lt;/b&gt; A rat model of sepsis was established by cecal ligation and puncture. All rats were divided into the normal control, sham operation, model, sham treatment, and BP treatment groups. Cardiac functions, inflammatory cytokines, myocardial enzymes, pathological score of cardiac muscle tissue, and myocardial apoptosis of rats in each group were compared. &lt;b&gt;&lt;i&gt;Results:&lt;/i&gt;&lt;/b&gt; Sepsis rats had higher serum levels of inflammatory cytokines and lower cardiac function than those in the normal control and sham operation groups. Compared with the model and sham treatment groups, improved cardiac functions, decreased inflammatory cytokines, myocardial enzymes, pathological score, and myocardial apoptosis and mortality were observed in the BP treatment group. &lt;b&gt;&lt;i&gt;Conclusion:&lt;/i&gt;&lt;/b&gt; BP may reduce serum levels of inflammatory cytokines and improve cardiac function of sepsis rats.",ok,Retraction Statement,crossref,[],False,True,NO
51693.0,Long non-coding RNA ARAP1-AS1 promotes tumorigenesis and metastasis through facilitating proto-oncogene c-Myc translation via dissociating PSF/PTB dimer in cervical cancer,(BLS) Biology - Cancer;(BLS) Biology - Cellular;(BLS) Genetics;,"Department of Gynaecology and Obstetrics, Shengjing Hospital of China Medical University, Shenyang, China;",Cancer Medicine,Wiley,China,Yao Zhang;Dan Wu;Dian Wang,,Research Article;,2/9/2024 0:00,10.1002/cam4.6941,38334005.0,1/17/2020 0:00,10.1002/cam4.2860,31953923.0,Retraction,Duplication of/in Image;Error in Image;Euphemisms for Duplication;Investigation by Journal/Publisher;Investigation by Third Party;Paper Mill;Unreliable Results and/or Conclusions;,No,see also: https://pubpeer.com/publications/5B62DA04EAC140251B88D35556DAE3,,"Abstract Long non‐coding RNA (lncRNA) is emerging as a pivotal regulator in tumorigenesis and aggressive progression. Here, we focused on an oncogenic lncRNA, ARAP1 antisense RNA 1 (ARAP1‐AS1), which was notably upregulated in cervical cancer (CC) tissues, cell lines and serum. High ARAP1‐AS1 expression was closely associated with larger tumor size, advanced FIGO stage as well as lymph node metastasis. Importantly, it was identified as an effective diagnostic and prognostic biomarker for CC. In vitro and in vivo assays showed that knockdown of ARAP1‐AS1 inhibited, while overexpression of ARAP1‐AS1 promoted CC cell growth and dissemination. Stepwise mechanistic dissection unveiled that ARAP1‐AS1 could directly interact with PSF to release PTB, resulting in accelerating the internal ribosome entry site (IRES)‐driven translation of proto‐oncogene c‐Myc, thereby facilitating CC development and progression. Moreover, c‐Myc was able to transcriptionally activate ARAP1‐AS1 by directly binding to the E‐box motif located on ARAP1‐AS1 promoter. Taken together, our findings clearly reveal the crucial role of ARAP1‐AS1 in CC tumorigenesis and metastasis via regulation of c‐Myc translation, targeting ARAP1‐AS1 and its related regulatory loop implicates the therapeutic possibility for CC patients.",ok,Retraction,crossref,[],False,True,UNCLEAR
50384.0,Study on Attenuating Angiogenesis and Epithelial-Mesenchymal Transition (EMT) of Non-Small Cell Lung Carcinoma (NSCLC) by Regulating MAGEC2,(BLS) Biochemistry;(BLS) Biology - Cancer;(BLS) Biology - Cellular;(BLS) Genetics;,"Department of Thoracic Surgery, Medical College of Nanchang University, Nanchang, Jiangxi, China; Department of Thoracic Surgery, Jiangxi Province Tumor Hospital, Nanchang, Jiangxi, China; Department of Oncology, Medical College of Nanchang University, Nanchang, Jiangxi, China; Department of Thoracic Surgery, The Third Affiliated Hospital of Nanchang University, Nanchang, Jiangxi, China;",Technology in Cancer Research & Treatment,SAGE Publications,China,Sicong Jiang;Xi Liu;Daojing Li;Meiying Yan;Cheng Ju;Jun Sun;Feng Jiang,,Research Article;,12/18/2023 0:00,10.1177/15330338231218448,38111166.0,9/9/2018 0:00,10.1177/1533033818797587,30198403.0,Retraction,Concerns/Issues about Image;Concerns/Issues about Third Party Involvement;Duplication of/in Image;Euphemisms for Duplication;Investigation by Journal/Publisher;Investigation by Third Party;Manipulation of Images;Paper Mill;Unreliable Results and/or Conclusions;,No,see also: https://pubpeer.com/publications/E44A65A14C31A61585FF65E3F4403A,,"To investigate the role of MAGE family member C2 in angiogenesis and epithelial-mesenchymal transition of non-small cell lung carcinoma. The Cancer Genome Atlas data set was analyzed to filter the highly expressed gene melanoma antigen family C2 in non-small cell lung carcinoma. Quantitative reverse transcription-polymerase chain reaction was performed to verify the overexpression of melanoma antigen family C2 in non-small cell lung carcinoma cell lines. Melanoma antigen family C2 complementary DNA and short hairpin RNA (shRNA) were transfected into SK-MES-1 cells to regulate melanoma antigen family C2 expression. Cell Counting Kit-8 assay, flow cytometry, wound healing assay, and Transwell assay were performed to investigate the effect of melanoma antigen family C2 on proliferation, apoptosis, migration, and invasion of SK-MES-1 cell line. Western blot was used to detect the expression of epithelial-mesenchymal transition markers. Enzyme-linked immunosorbent assay was performed to investigate the secretion of vascular endothelial growth factor, and tube formation assay was conducted to explore the effect of melanoma antigen family C2 on angiogenesis ability of the tumor. Tumor xenograft on nude mice and immunohistochemical/hematoxylin and eosin staining were also performed to detect the influence of melanoma antigen family C2 on growth and metastasis of non-small cell lung carcinoma cells. Melanoma antigen family C2 was highly expressed in non-small cell lung carcinoma cells; melanoma antigen family C2 promoted the expression of epithelial-mesenchymal transition-related proteins as well as enhance the secretion of vascular endothelial growth factor and promote angiogenesis; melanoma antigen family C2 promoted proliferation, migration, and invasion and suppressed apoptosis of non-small cell lung carcinoma cells. It could also facilitate growth and metastasis of non-small cell lung carcinoma in vivo. Melanoma antigen family C2 was a critical factor of angiogenesis and epithelial-mesenchymal transition in non-small cell lung carcinoma.",ok_via_pubmed,Retraction Notice,crossref,[],False,True,YES
50124.0,Hsa_circ_0008945 Promoted Breast Cancer Progression by Targeting miR-338-3p,(BLS) Biology - Cancer;(BLS) Biology - Cellular;(BLS) Genetics;,"Department of Pathology, People’s Hospital of Xinchang County, Xinchang Affiliated Hospital of Wenzhou Medical University, Xinchang, Zhejiang, People’s Republic of China;",OncoTargets and Therapy,Taylor and Francis - Dove Press,China,Li Zhang;Fengping Ding,,Research Article;,12/1/2023 0:00,10.2147/OTT.S452396,38058738.0,8/16/2019 0:00,10.2147/OTT.S213994,31496747.0,Retraction,Author Unresponsive;Duplication of/in Image;Investigation by Journal/Publisher;Investigation by Third Party;Original Data and/or Images not Provided and/or not Available;Paper Mill;,No,see also: https://pubpeer.com/publications/8919DF74F34A7EFF2E95839281B0AD,,"To detect the expression and function of circ_0008945 in breast cancer (BC) and to explore its potential molecular mechanisms in BC tumorigenesis. We measured expression levels of circ_0008945, miR-338-3p and homeobox A3 ( We found that circ_0008945 expression was significantly increased in both BC tissue specimens and cells. This increase was correlated with poor prognosis in BC patients. Knockdown of circ_0008945 inhibited BC cell proliferation, migration and invasion while promoting BC cell apoptosis in vitro. Overexpression of circ_0008945 remarkably promoted BC tumor growth in vivo. Mechanistically, circ_0008945 acted as a miRNA sponge for miR-338-3p and inhibited its expression in BC cells. Moreover, miR-338-3p targeted and inhibited  We found that circ_0008945 acted as a BC oncogene by physically binding miR-338-3p, which further targeted and regulated",ok_via_pubmed,Hsa_circ_0008945 Promoted Breast Cancer Progression by Targeting miR-338-3p [Retraction],crossref,[],False,True,YES
49934.0,LncRNA FTX Promotes Proliferation and Invasion of Gastric Cancer via miR-144/ZFX Axis,(BLS) Biochemistry;(BLS) Biology - Cancer;(BLS) Biology - Cellular;(BLS) Genetics;,"College of Clinical Medicine, The First Affiliated Hospital of Henan University of Science and Technology, Luoyang, Henan Province 471003, People’s Republic of China; Hepatobiliary Pancreatic Surgery, The First Affiliated Hospital of Henan University of Science and Technology, Luoyang, Henan Province 471000, People’s Republic of China;",OncoTargets and Therapy,Taylor and Francis - Dove Press,China,Hongbo Li;Guoliang Yao;Jingming Zhai;Dingwen Hu;Yonggang Fan,,Research Article;,11/28/2023 0:00,10.2147/OTT.S451969,38047059.0,12/31/2019 0:00,10.2147/OTT.S220998,32021248.0,Retraction,Author Unresponsive;Concerns/Issues about Image;Investigation by Journal/Publisher;Investigation by Third Party;Original Data and/or Images not Provided and/or not Available;Paper Mill;Unreliable Results and/or Conclusions;,No,see also: https://pubpeer.com/publications/6B869B7F2AA7A6786E165131D5DD31,,"Long non-coding RNAs are important regulators in cancer cell tumorigenesis. We have demonstrated in a prior study that lncRNA FTX is dysregulated in gastric cancer (GC). In this study, we aim to report gastric cancer-related lncRNA FTX as a main regulator in GC development and progression. In vitro and in vivo assays of FTX alterations have been performed to reveal a complex integrated phenotype affecting cell growth, migration, and invasion. lncRNA FTX expression levels in gastric cancer cells and normal cells were measured by RT-PCR. Luciferase reporter assays, Western blotting, and many immune, microscopy technologies were utilized to investigate the expressions of FTX- related proteins and RNAs. The functional role of FTX in cell growth, migration, and invasion were observed in vitro and in vivo. We explored the underlying mechanisms of FTX in GC development, and the microRNAs' relationship with FTX. We found that FTX promoted cell proliferation, migration, and invasion, as well as tumor growth, and this effect could latterly be attenuated by miR-144. ZFX attenuated the effects of FTX/miR-144 axis by sponging with miR-144. In summary, the above results support a model in which the FTX/miR-144/ZFX act as important effectors in GC tumorigenesis and progression, indicating new therapeutic methods in GC.",ok_via_pubmed,LncRNA FTX Promotes Proliferation and Invasion of Gastric Cancer via miR-144/ZFX Axis [Retraction],crossref,[],False,True,YES
49890.0,LINC00261 Inhibits Esophageal Cancer Radioresistance by Down-Regulating microRNA-552-3p and Promoting DIRAS1,(BLS) Biochemistry;(BLS) Biology - Cancer;(BLS) Biology - Cellular;(BLS) Genetics;,"Department of Radiotherapy Oncology, The Second Affiliated Hospital of Xian Jiaotong University, Xian, Shanxi Province, 710004, People’s Republic of China;",Cancer Management and Research,Taylor and Francis - Dove Press,China,Baolong Yang;Hongbing Ma;Yan Bian,,Research Article;,11/11/2023 0:00,10.2147/CMAR.S449002,38027238.0,11/13/2021 0:00,10.2147/CMAR.S332640,34803403.0,Retraction,Duplication of/in Image;Investigation by Journal/Publisher;Investigation by Third Party;Original Data and/or Images not Provided and/or not Available;Paper Mill;Unreliable Results and/or Conclusions;,No,see also: https://pubpeer.com/publications/689DAB6588976C622E2F75A4C3608C,,"Esophageal cancer (EC) represents a life-threatening tumor with an ever-increasing incidence rate. Long intergenic non-protein coding RNAs (LINCs) have also become a topic of interest in EC. In a similar light, the current study aimed to investigate the role of LINC00261 in EC radioresistance. Firstly, radioresistant EC cell lines TE-1-R and TE-5-R were established using TE-1 and TE-5 cells. Subsequently, LINC00261, microRNA (miR)-552-3p, and DIRAS1 expression patterns in EC tissues and adjacent normal tissues and EC cells were evaluated. In addition, survival fraction (SF), colony formation, apoptosis, and γ-H2AX levels were analyzed, followed by the detection of the binding relation between LINC00261 and miR-552-3p and between miR-552-3p and DIRAS1. Lastly, xenograft transplantation was carried out to confirm the effects of LINC00261 on EC radioresistance in vivo. LINC00261 and DIRAS1 were poorly-expressed in EC tissues and cells, but miR-552-3p was over-expressed. In EC cells with X-ray radiation, over-expression of LINC00261 reduced SF and cell viability, strengthened γ-H2AX levels, and promoted apoptosis, while all these trends were counteracted by miR-522-3p over-expression or DIRAS1 silencing. Mechanistic investigation further validated the binding relation between LINC00261 and miR-552-3p, and between miR-552-3p and DIRAS1. Moreover, LINC00261 over-expression suppressed tumor growth and reduced EC radioresistance in vivo. Altogether, our findings indicated that LINC00261 exerts a suppressive effect on EC radioresistance via the competing endogenous RNA network to sponge miR-552-3p and up-regulate DIRAS1 transcription.",ok_via_pubmed,LINC00261 Inhibits Esophageal Cancer Radioresistance by Down-Regulating microRNA-552-3p and Promoting DIRAS1 [Retraction],crossref,[],False,True,YES
49802.0,Prognosis and Biological Function of miR-3195 in Non-Small Cell Lung Cancer,(BLS) Biology - Cancer;(BLS) Biology - Cellular;(BLS) Genetics;,"Shanghai Key Laboratory of Clinical Geriatric Medicine, Department of Thoracic Surgery Huadong Hospital Affiliated to Fudan University, Shanghai, People’s Republic of China;",Cancer Management and Research,Taylor and Francis - Dove Press,China,Yingjie Lu;Xuelin Zhang;Huibiao Zhang;Zhenghong Zhu,,Research Article;,11/10/2023 0:00,10.2147/CMAR.S448603,38027243.0,1/11/2022 0:00,10.2147/CMAR.S345618,35046724.0,Retraction,Author Unresponsive;Duplication of/in Image;Investigation by Journal/Publisher;Investigation by Third Party;Original Data and/or Images not Provided and/or not Available;Paper Mill;,No,see also: https://pubpeer.com/publications/E1BF0F02B4D60A57A4AF18B00C801B,,"Lung cancer has the highest mortality and morbidity rates worldwide. Among the subtypes of lung cancer, non-small cell lung cancer (NSCLC) accounts for approximately 85% of cases. The present study evaluated the potential prognostic value and biological function of miR-3195 in NSCLC. In total, 129 patients with NSCLC were enrolled in this study. The expression of miR-3195 expression in NSCLC tissues and cell lines was evaluated by quantitative real-time polymerase chain reaction (qRT-PCR). Kaplan-Meier survival curve analysis and multivariate Cox regression analysis were used to elucidate the prognostic value of miR-3195. The Cell Counting Kit-8 (CCK-8) assay and Transwell cell migration experiments were carried out to explore the effective effect of miR-3195 on the biological behavior of NSCLC cells. The expression of miR-3195 was downregulated in NSCLC tissues and cell lines. Moreover, the decreased expression of miR-3195 was correlated with positive lymph node metastasis and high TNM stage. The overall survival of patients with low expression of miR-3195 was worse than those with high expression of miR-3195. Furthermore, miR-3195 was an independent prognostic indicator for overall survival in patients with NSCLC. Enhanced expression of miR-3195 restrained cell growth, migration, and invasion of NSCLC tumor cells, while attenuation of miR-3195 expression augmented cell proliferation activities, migration, and invasion potential. Our findings suggest that miR-3195 may be used as a prognostic biomarker for NSCLC and is likely to act as a tumor suppressor for NSCLC.",ok_via_pubmed,Prognosis and Biological Function of miR-3195 in Non-Small Cell Lung Cancer [Retraction],crossref,[],False,True,YES
49801.0,LINC-PINT Inhibited Malignant Progression of Bladder Cancer by Targeting miR-155-5p,(BLS) Biochemistry;(BLS) Biology - Cancer;(BLS) Biology - Cellular;(BLS) Genetics;,"Department of Urology, Affiliated Hospital of Weifang Medical University, Weifang, Shandong, 261031, People’s Republic of China; Department of Pathology, Weifang Traditional Chinese Hospital, Weifang, Shandong, 261041, People’s Republic of China;",Cancer Management and Research,Taylor and Francis - Dove Press,China,Xiancheng Han;Jing Liu;Yongguo Liu;Linkai Mou;Chunlong Li,,Research Article;,11/10/2023 0:00,10.2147/CMAR.S448606,38027244.0,6/1/2021 0:00,10.2147/CMAR.S305547,34103994.0,Retraction,Author Unresponsive;Duplication of/in Image;Investigation by Journal/Publisher;Investigation by Third Party;Original Data and/or Images not Provided and/or not Available;Paper Mill;Unreliable Results and/or Conclusions;,No,see also: https://pubpeer.com/publications/1D72BE38E507EECAC26B1AE2ACEB70,,"This study mainly explored the expression level of LINC-PINT in bladder cancer and its relationship with prognosis. Meanwhile, the effect of LINC-PINT on the biological function of bladder cancer was also explored. The expression levels of LINC-PINT and miR-155-5p were detected by qRT-PCR. The prognostic significance of LINC-PINT in bladder cancer was studied by the Kaplan-Meier curve and Log rank test. CCK-8 and Transwell assays were used to analyze the proliferation, migration, and invasion ability. The targeting relationship between LINC-PINT and miR-155-5p was analyzed using bioinformatics and dual-luciferase reporter assays. The expression of LINC-PINT was downregulated in bladder cancer tissues and cell lines, and miR-155-5p showed the opposite trend in bladder cancer tissues. Kaplan-Meier curve proved that the patients with low LINC-PINT expression had a lower five-year survival rate and the Log rank test displayed that LINC-PINT was a prognostic factor of BC. CCK-8 and Transwell results showed that LINC-PINT could inhibit the ability of proliferation, migration, and invasion. LINC-PINT was proved to target miR-155-5p in bladder cancer. Dual-luciferase reporter gene assay showed that the relative luciferase activity of overexpression miR-155-5p co-transfected with LINC-PINT-wt was significantly lower. LINC-PINT was negatively correlated with miR-155-5p. LINC-PINT is a potential prognostic marker of bladder cancer, and the up-regulation of Lin-PINT can inhibit the proliferation, invasion, and migration of bladder cancer cells by targeting miR-155-5p.",ok_via_pubmed,LINC-PINT Inhibited Malignant Progression of Bladder Cancer by Targeting miR-155-5p [Retraction],crossref,[],False,True,YES
49683.0,Continuous Blood Purification Ameliorates Multiple Organ Failure Through Inhibiting the Activation of the P38 MAPK Signaling Pathway in a Rat Model,(BLS) Biochemistry;(BLS) Biology - Cellular;(BLS) Genetics;,"Emergency Department, China-Japan Friendship Hospital, Beijing, China; Department of Vascular Surgery, Jilin University, Changchun, China;",Kidney and Blood Pressure Research,Karger,China,Lan Ling;Qian-Kuan Wen;Shan-Hong Zhang;Li-Da Zhi;Hong Li;Gang Li;Wen-Jia Zhang,,Research Article;,11/24/2023 0:00,10.1159/000535280,38008069.0,6/7/2018 0:00,10.1159/000490473,29895012.0,Retraction,Concerns/Issues about Image;Duplication of/in Image;Euphemisms for Plagiarism;Investigation by Journal/Publisher;Investigation by Third Party;Original Data and/or Images not Provided and/or not Available;Paper Mill;Plagiarism of Image;Upgrade/Update of Prior Notice(s);,No,see also: https://pubpeer.com/publications/A7921590DA541515A0FEC3E853E67D,,"Background/Aims: Multiple organ failure (MOF) is a primary threat to the survival of patients with systemic inflammation. Blood purification is employed in the treatment of MOF, as an artificial kidney or artificial liver. This study focuses on the effects of continuous blood purification (CBP) on ameliorating MOF through regulating the p38 mitogen-activated protein kinase (MAPK) signaling pathway in a rat model. Methods: A rat model of MOF was successfully established by endotoxin injection after hemorrhagic shock resuscitation. The mRNA expressions of inducible nitric oxide synthase (iNOS) and p38 MAPK of liver, kidney, and lung tissues in each group were measured by RT-qPCR at each measuring time point. To evaluate the activation of p38 MAPK signaling pathway, protein levels of phosphorylated p38 (p-p38) MAPK and p38 MAPK was measured by western blot analysis. The serum levels of nitric oxide and TNF-α were determined. Results: After CBP treatment, the levels of SGPT, SGOT, Cr, and BUN were significantly declined, while the PaO2 value was increased. Expressions of p38 MAPK mRNA, iNOS mRNA, p-p38 MAPK protein and p38 MAPK protein, and nitric oxide and TNF-α levels were markedly elevated in MOF, an effect blunted by CPB. Meanwhile, pathological sections of liver, kidney, and lung tissues after CPB treatment ameliorated swelling and inflammation. Conclusion: Our study proved that CBP could downregulate the p38 MAPK signaling pathway, suppress iNOS expression, reduced the serum levels of nitric oxide and TNF-α, thus ameliorate symptom of MOF.",ok,Retraction Statement,crossref,[],False,True,NO
49316.0,Long Non-Coding RNA ZNF667-AS1 Knockdown Curbs Liver Metastasis in Acute Myeloid Leukemia by Regulating the microRNA-206/AKAP13 Axis,(BLS) Biology - Cancer;(BLS) Biology - Cellular;(BLS) Genetics;,"Laboratory Diagnosis Center, Zhongshan People’s Hospital, Zhongshan, 528403 Guangdong, People’s Republic of China;",Cancer Management and Research,Taylor and Francis - Dove Press,China,Nan Wang;Yanping Feng;Jinye Xie;Hui Han;Qian Dong;Weijia Wang,,Research Article;,11/7/2023 0:00,10.2147/CMAR.S448409,37953887.0,12/23/2020 0:00,10.2147/CMAR.S269258,33380835.0,Retraction,Concerns/Issues about Image;Duplication of/in Image;Investigation by Journal/Publisher;Investigation by Third Party;Paper Mill;,No,see: https://docs.google.com/spreadsheets/d/1nByrktm4HCILKHEcQNMJY9vBHyYyJgTqVwctPGnw4PI/edit?usp=sharing,,"Zinc finger protein 667-antisense RNA 1 ( The bone marrow samples from AML patients and controls were selected for microarray analysis to select significantly upregulated lncRNAs. Next, effects of  The expression of",ok_via_pubmed,Long Non-Coding RNA ZNF667-AS1 Knockdown Curbs Liver Metastasis in Acute Myeloid Leukemia by Regulating the microRNA-206/AKAP13 Axis [Retraction],crossref,[],False,True,YES
48578.0,MicroRNA-188-5p Promotes Epithelial-Mesenchymal Transition by Targeting ID4 Through Wnt/β-Catenin Signaling in Retinoblastoma,(BLS) Biology - Cancer;(BLS) Biology - Cellular;(BLS) Genetics;,"Beijing Tongren Eye Center, Beijing Key Laboratory of Intraocular Tumor Diagnosis and Treatment, Beijing Ophthalmology & Visual Sciences Key Lab, Beijing Tongren Hospital, Capital Medical University, Beijing 100730, People’s Republic of China;",OncoTargets and Therapy,Taylor and Francis - Dove Press,China,Ming Yang;Yang Li;Wenbin Wei,,Research Article;,10/20/2023 0:00,10.2147/OTT.S445550,37881683.0,11/27/2019 0:00,10.2147/OTT.S229739,31819510.0,Retraction,Author Unresponsive;Concerns/Issues about Data;Concerns/Issues about Image;Duplication of/in Image;Investigation by Journal/Publisher;Investigation by Third Party;Original Data and/or Images not Provided and/or not Available;Paper Mill;Unreliable Results and/or Conclusions;,No,see also: https://pubpeer.com/publications/A61685AC9AE7713942D513E898C5C4,,"Here, we investigated the involvement of the miR-188-5p/inhibitor of the DNA binding 4 (ID4) axis in retinoblastoma (Rb). We included 35 Rb tissues and the corresponding adjacent normal tissues. RT-qPCR, Western blot, lentivirus transfection, measurement of cell migration in vitro, and chip analysis were performed during the study. Mouse Rb models were established to investigate the in vivo mechanisms. We showed that miR-188-5p was upregulated in Rb tissues; moreover, we identified a pathway involving the upregulation of miR-188-5p and its downstream target, ID4, in vitro. Cell experiments revealed that the overexpression of miR-188-5p significantly downregulated the expression of ID4 and the underlying mechanism involved direct targeting of the ID4 3'-UTR. The levels of ID4 are lower in Rb tissues; it plays an antitumor role by inhibiting Rb metastasis in vitro and in vivo. Further investigation revealed that the miR-188-5p/ID4 axis regulated metastasis by promoting epithelial-mesenchymal transition (EMT). We demonstrated that microRNA-188-5p promoted EMT by targeting ID4 through Wnt/β catenin signaling in Rb. miRNA-188-5p can promote EMT by targeting ID4 through the Wnt/β‑catenin signaling pathway.",ok_via_pubmed,MicroRNA-188-5p Promotes Epithelial–Mesenchymal Transition by Targeting ID4 Through Wnt/β-Catenin Signaling in Retinoblastoma [Retraction],crossref,[],False,True,YES
48525.0,LncRNA SNHG7 Functions as an Oncogene in Cervical Cancer by Sponging miR-485-5p to Modulate JUND Expression,(BLS) Biology - Cancer;(BLS) Biology - Cellular;(BLS) Genetics;,"Department of Reproductive Center, The First Affiliated Hospital of Guangxi Medical University, Nanning, Guangxi Province, People’s Republic of China; Department of Obstetrics, Chongzuo People’s Hospital, Chongzuo, Guangxi Province, People’s Republic of China; School of Public Health of Guangxi Medical University, Nanning, Guangxi Province, People’s Republic of China;",OncoTargets and Therapy,Taylor and Francis - Dove Press,China,Danyang Zhao;Hui Zhang;Jianxiong Long;Mujun Li,,Research Article;,10/20/2023 0:00,10.2147/OTT.S445559,37881682.0,2/25/2020 0:00,10.2147/OTT.S237802,32161467.0,Retraction,Author Unresponsive;Concerns/Issues about Data;Concerns/Issues about Image;Duplication of/in Image;Investigation by Journal/Publisher;Investigation by Third Party;Original Data and/or Images not Provided and/or not Available;Paper Mill;Unreliable Results and/or Conclusions;,No,see also: https://pubpeer.com/publications/712F94E998E07861618D99209BD13B,,"Long non-coding RNA (LncRNA) SNHG7 is involved in the development of multiple cancers. However, its role in cervical cancer (CC) has not been elucidated. This study aimed to explore the function of SNHG7 in CC progression and the underlying mechanisms. The expression levels of SNHG7 and miR-485-5p in CC tissues and cell lines were measured by qPCR. Functional experiments including CCK-8 assay, wound healing assay, transwell assay, flow cytometry, Western blot, luciferases reporter assay and immunoprecipitation (RIP) were performed to explore the SNHG7/miR-485-5p/JUND pathway. Additionally, in vivo study was carried out by establishing tumor xenograft models. We found that SNHG7 was markedly enhanced in CC tissues and cell lines, and associated with poor clinical characteristics. In vitro, knockdown of SNHG7 inhibited CC cell proliferation, migration and invasion, as well as aggravated cell apoptosis. As to mechanism investigation, rescue experiments revealed that miR-485-5p inhibitor could partially reverse the effects on CC cells induced by SNHG7 knockdown. SNHG7 upregulated JUND expression via miR-485-5p. Moreover, tumor xenograft models were established to confirm the findings in vivo. SNHG7 promoted CC progression through miR-485-5p/JUND axis. The SNHG7/miR-485-5p/JUND pathway might provide a novel therapeutic target for CC treatment.",ok_via_pubmed,LncRNA SNHG7 Functions as an Oncogene in Cervical Cancer by Sponging miR-485-5p to Modulate JUND Expression [Retraction],crossref,[],False,True,YES
48523.0,LncRNA EWSAT1 Promotes Colorectal Cancer Progression Through Sponging miR-326 to Modulate FBXL20 Expression,(BLS) Biochemistry;(BLS) Biology - Cancer;(BLS) Biology - Cellular;(BLS) Genetics;,"Imaging Department, Affiliated Hospital of Guizhou Medical University, Guiyang, People’s Republic of China; Forensic Clinical Teaching and Research Office, Guizhou Medical University, Guiyang, People’s Republic of China; Surgery, Guizhou Medical University, Guiyang, People’s Republic of China; Department of Pathology, Guiyang Maternal and Child Health Hospital, Guiyang, People’s Republic of China; General Surgery, Affiliated Hospital of Guizhou Medical University, Guiyang, People’s Republic of China; Department of Traditional Chinese Medicine, Guizhou Provincial People’s Hospital, Guiyang, People’s Republic of China;",OncoTargets and Therapy,Taylor and Francis - Dove Press,China,Jing Liu;Shimei Huang;Xin Liao;Zhongsheng Chen;Lianghe Li;Lei Yu;Wei Zhan;Rui Li,,Research Article;,10/20/2023 0:00,10.2147/OTT.S445558,37881684.0,1/13/2021 0:00,10.2147/OTT.S272895,33469313.0,Retraction,Author Unresponsive;Concerns/Issues about Data;Concerns/Issues about Image;Duplication of/in Image;Investigation by Journal/Publisher;Investigation by Third Party;Original Data and/or Images not Provided and/or not Available;Paper Mill;Unreliable Results and/or Conclusions;,No,see also: https://pubpeer.com/publications/89EE40D367E4C027D551A46E4042C3,,"Ewing sarcoma-associated transcript 1 ( The expression patterns of  We found that  Taken together, the data showed that",ok_via_pubmed,LncRNA EWSAT1 Promotes Colorectal Cancer Progression Through Sponging miR-326 to Modulate FBXL20 Expression [Retraction],crossref,[],False,True,YES
48519.0,Identification of Osteosarcoma Metastasis-Associated Gene Biomarkers and Potentially Targeted Drugs Based on Bioinformatic and Experimental Analysis,(BLS) Biology - Cancer;(BLS) Biology - Cellular;(BLS) Genetics;(HSC) Biostatistics/Epidemiology;(HSC) Medicine - Drug Design;,"Department of Orthopaedics, The Fifth Affiliated Hospital of Sun Yat-Sen University, Zhuhai 519000, Guangdong, People’s Republic of China; Department of Orthopedics, The First Affiliated Hospital of Guangdong Pharmaceutical University, Guangzhou 510000, Guangdong, People’s Republic of China;",OncoTargets and Therapy,Taylor and Francis - Dove Press,China,Ming De Cao;Yan Cheng Song;Zhong Meng Yang;Da Wei Wang;Yi Ming Lin;Hua Ding Lu,,Research Article;,10/20/2023 0:00,10.2147/OTT.S445542,37881685.0,8/14/2020 0:00,10.2147/OTT.S256617,32884293.0,Retraction,Concerns/Issues about Data;Concerns/Issues about Image;Duplication of/in Image;Investigation by Journal/Publisher;Investigation by Third Party;Paper Mill;Unreliable Results and/or Conclusions;,No,see also: https://pubpeer.com/publications/610A271A75ADE83D8C9A818D9511F0,,"Metastasis is the leading cause of death for patients with osteosarcoma (OS). In the present study, we explore the biomarkers for metastatic OS and provide potential therapeutic approaches. RNA-Seq data and clinical follow-up information were downloaded from TARGET and GEO databases. A Cox regression model was used to analyze metastatic events. L1000FWD, DGIdb, and CMap databases were used to identify potential drugs related to metastasis. Invasion and migration transwell assays and an adhesion assay were used to identify biological functions of genes. A total of 15 metastasis-related signatures (MRSs) were associated with the prognosis based on the TARGET or GSE21257 cohorts, among which  We identified a set of MRS that may be related to OS metastases. Among them,",ok_via_pubmed,Identification of Osteosarcoma Metastasis-Associated Gene Biomarkers and Potentially Targeted Drugs Based on Bioinformatic and Experimental Analysis [Retraction],crossref,[],False,True,NO
48517.0,"Long Non-Coding RNA LEF1-AS1 Promotes Migration, Invasion and Metastasis of Colon Cancer Cells Through miR-30-5p/SOX9 Axis",(BLS) Biology - Cancer;(BLS) Biology - Cellular;(BLS) Genetics;,"Department of Blood Transfusion, Cancer Hospital of China Medical University, Liaoning Cancer Hospital and Institute, Shenyang 110042, People’s Republic of China; Department of Colorectal Surgery, Cancer Hospital of China Medical University, Liaoning Cancer Hospital and Institute, Shenyang 110042, People’s Republic of China;",OncoTargets and Therapy,Taylor and Francis - Dove Press,China,Ting Sun;Zhexian Liu;Rui Zhang;Siping Ma;Tao Lin;Yanxi Li;Shihua Yang;Wanchuan Zhang;Yongpeng Wang,,Research Article;,10/20/2023 0:00,10.2147/OTT.S445553,37881686.0,4/7/2020 0:00,10.2147/OTT.S232839,32308428.0,Retraction,Author Unresponsive;Concerns/Issues about Data;Duplication of/in Image;Investigation by Journal/Publisher;Investigation by Third Party;Original Data and/or Images not Provided and/or not Available;Paper Mill;Unreliable Results and/or Conclusions;,No,see also: https://pubpeer.com/publications/7F833CC6EADAE9A50432BEBCBE7767,,"Aberrant expression of long non-coding RNAs (lncRNAs) has been implicated in the tumorigenesis and progression of colon cancer. Lymphoid enhancer-binding factor 1 antisense RNA 1 (LEF1-AS1), a highly conserved and newly discovered long non-coding RNA, has been reported to be upregulated and correlated with poor prognosis in colon cancer, but the exact role of it remains uncertain. In our study, the biological functions of LEF1-AS1 in colon cancer were analyzed by cell viability assay, colony formation assay, scratch wound healing assay, transwell cell invasion assay, soft agar assay, luciferase reporter assay, pull down assay, tumor xenograft model and Western blot. We found that LEF1-AS1 was upregulated in colon cancer patients and correlated with poor overall survival and recurrent-free survival. Besides, enforced expression of LEF1-AS1 in HT29 and T84 cells promoted migration, invasion, anchorage-independent growth, tumor xenograft formation and lung metastasis, while knockdown of LEF1-AS1 in COLO320 cells suppressed cell migration, invasion, anchorage-independent growth and tumor xenograft formation. In addition, LEF1-AS1 was directly interacted and inversely correlated with miR-30-5p in colon cancer, and SOX9 was a downstream target for miR-30-5p. LEF1-AS1 overexpression increased the expression level of SOX9, and restoration of SOX9 attenuated the effects caused by LEF1-AS1 knockdown in cell migration, invasion, anchorage-independent growth and tumor xenograft formation. Our results indicated that LEF1-AS1 promoted migration, invasion and metastasis of colon cancer cells partially through miR-30-5p/SOX9 axis. The oncogenic LEF1-AS1 could be a potential prognostic biomarker for colon cancer.",ok_via_pubmed,"Long Non-Coding RNA LEF1-AS1 Promotes Migration, Invasion and Metastasis of Colon Cancer Cells Through miR-30-5p/SOX9 Axis [Retraction]",crossref,[],False,True,YES
47524.0,HOXA7 plays a critical role in metastasis of liver cancer associated with activation of Snail,(BLS) Biology - Cancer;(BLS) Biology - Cellular;(BLS) Genetics;(HSC) Medicine - Oncology;,"Department of Hepatobiliary Surgery, Guilin Medical University, Affiliated Hospital, Guilin, 541001, Guangxi, People’s Republic of China; Laboratory of Liver Injury and Repair Molecular Medicine, Guilin Medical University, Guilin, 541001, Guangxi, People’s Republic of China; Department of Pathology and Physiopathology, Guilin Medical University, Guilin, 541004, Guangxi, People’s Republic of China; Department of Gastroenterology, First Affiliated Hospital of Dalian Medical University, Dalian, 116011, Liaoning, People’s Republic of China; Department of Clinical Pharmacology, College of Pharmacy, Dalian Medical University, Dalian, 116011, Liaoning, People’s Republic of China;",Molecular Cancer,Springer - Biomed Central (BMC),China,Bo Tang;Guangying Qi;Xiaoyu Sun;Fang Tang;Shengguang Yuan;Zhenran Wang;Xingsi Liang;Bo Li;Shuiping Yu;Jie Liu;Qi Huang;Yangchao Wei;Run Zhai;Biao Lei;Xinjin Guo;Songqing He,,Research Article;,9/13/2023 0:00,10.1186/s12943-023-01855-2,37705027.0,9/6/2016 0:00,10.1186/s12943-016-0540-4,27600149.0,Retraction,Concerns/Issues about Data;Concerns/Issues about Image;Duplication of/in Image;Error in Data;Error in Image;Euphemisms for Duplication;Investigation by Journal/Publisher;Investigation by Third Party;Paper Mill;,No,see also: https://pubpeer.com/publications/5F74306F26CE3FBEEA730479947758,,"Abstract Background Liver cancer is one of the main causes of cancer-related death in human. HOXA7 has been proved to be related with several cancers. Method The expression levels of HOXA7 were examined by Western blot, qRT-PCR or ICH. MTT was used to detect the proliferative rate of liver cancer cells. The invasive abilities were examined by matrigel and transwell assay. The metastatic abilities of liver cancer cells were revealed in BALB/c nude mice. Results In this report, we revealed that HOXA7 promoted metastasis of HCC patients. First, increased levels of HOXA7 were examined in liver cancer especially in metastatic liver cancer. Moreover, higher expression level of HOXA7 was associated with poorer prognosis of liver cancer patients. Overexpression of HOXA7 significantly enhanced proliferation, migration, invasion in vitro and tumor growth and metastasis in vivo meanwhile silencing HOXA7 significantly inhibited the aboves abilities of liver cancer cells. In this research, we identified that HOXA7 performed its oncogenic characteristics through activating Snail . Conclusion Collectively, we identify the critical role and possible mechanism of HOXA7 in metastasis of liver cancer which suggest that HOXA7 may be a potential therapeutic target of liver cancer patients.",ok,Retraction Note: HOXA7 plays a critical role in metastasis of liver cancer associated with activation of Snail,crossref,[],False,True,YES
47518.0,Targeting a novel LncRNA SNHG15/miR-451/c-Myc signaling cascade is effective to hamper the pathogenesis of breast cancer (BC) in vitro and in vivo,(BLS) Biology - Cancer;(BLS) Biology - Cellular;(BLS) Genetics;(HSC) Medicine - Obstetrics/Gynecology;,"Department of Breast and Thyroid Surgery, The 3rd Affiliated Teaching Hospital of Xinjiang Medical University (Affiliated Cancer Hospital), Suzhou East Street No. 789, Xinshi District, Urumqi, 830011, Xinjiang, China",Cancer Cell International,Springer - Biomed Central (BMC),China,Jiang Du;Hong Zhong;Binlin Ma,,Research Article;,9/14/2023 0:00,10.1186/s12935-023-03049-8,37710222.0,3/31/2021 0:00,10.1186/s12935-021-01885-0,33952250.0,Retraction,Duplication of/in Image;Euphemisms for Duplication;Investigation by Journal/Publisher;Investigation by Third Party;Paper Mill;Unreliable Results and/or Conclusions;,No,see also: https://pubpeer.com/publications/D32A680433336A4594332A84BFB9BE,,"Abstract Background To our knowledge, LncRNA SNHG15 exerted its tumor-promoting effects to facilitate the development of breast cancer (BC), but there still needed more data to elucidate the potential underlying mechanisms. Methods We examined genes expression status by performing Real-Time qPCR and Western Blot analysis, and cellular functions, including cell proliferation, viability, apoptosis, mobility, were measured by using the CCK-8 assay, colony formation assay, trypan blue staining assay, flow cytometer (FCM), transwell assay and wound scratch assay, respectively. The predicted targeting sites in LncRNA SNHG15, miR-451 and c-Myc 3′UTR were validated by dual-luciferase reporter gene system assay. Finally, we established the tumor-bearing mice models, and the expression status, including its enrichment and cellular localization were examined by immunohistochemistry (IHC) assay. Results Our data indicated LncRNA SNHG15 upregulated c-Myc to facilitate BC progression by sponging miR-451 in a competing endogenous RNA (ceRNA)-dependent manner in vitro and in vivo. Specifically, LncRNA SNHG15 and c-Myc were upregulated, while miR-451 was downregulated in BC cells and clinical tissues, compared to their normal counterparts. In addition, miR-451 negatively correlated with LncRNA SNHG15 and c-Myc, and LncRNA SNHG15 was positively relevant to c-Myc in BC tissues. Next, we validated that LncRNA SNHG15 sponged miR-451 to upregulate c-Myc in BC cells. Further gain- and loss-of-function experiments evidenced that LncRNA SNHG15 promoted, while miR-451 inhibited malignant phenotypes, including cell proliferation, viability, migration, invasion and epithelial-mesenchymal transition (EMT) in BC cells. Interestingly, the inhibiting effects of LncRNA SNHG15 ablation on BC progression were abrogated by both silencing miR-451 and overexpressing c-Myc. Conclusions We concluded that targeting the LncRNA SNHG15/miR-451/c-Myc signaling cascade was novel to hamper BC progression, which broadened our knowledge in this field, and provided potential biomarkers for BC diagnosis and treatment.",ok,Retraction Note: Targeting a novel LncRNA SNHG15/miR-451/c-Myc signaling cascade is effective to hamper the pathogenesis of breast cancer (BC) in vitro and in vivo.,pubmed,[],False,True,YES
47415.0,Silencing of long non-coding RNA XIST represses gastric cancer progression through blocking NFκB pathway via inhibiting HNF4A-mediated transcription of EPHA1,(BLS) Biochemistry;(BLS) Biology - Cancer;(BLS) Biology - Cellular;(BLS) Genetics;(HSC) Medicine - Gastroenterology;(HSC) Medicine - Oncology;,"Department of Central Laboratory, Huaian Tumor Hospital & Huaian Hospital of Huaian City, Huaian, 223200, PR China; Department of General Surgery, Huaian Tumor Hospital & Huaian Hospital of Huaian City, Huaian, 223200, PR China; Department of Experimental Surgery-Cancer Metastasis, Medical Faculty Mannheim, Ruprecht Karls University, Mannheim, 68167, Germany; Department of General Surgery, Northern Jiangsu Province Hospital, Clinical Medical College, Institute of General Surgery-Yangzhou, Yangzhou University, Yangzhou, 225000, PR China; Department of General Surgery, Jiangdu People’s Hospital of Yangzhou, Yangzhou, 225200, PR China;",Cancer Gene Therapy,Springer - Nature Publishing Group,China;Germany,Ping Li;Liuhua Wang;Pengfei Li;Fangyong Hu;Yi Cao;Dong Tang;Gang Ye;Hongbo Li;Daorong Wang,,Research Article;,9/12/2023 0:00,10.1038/s41417-023-00667-2,37700193.0,11/6/2020 0:00,10.1038/s41417-020-00220-5,33199830.0,Retraction,Concerns/Issues about Data;Concerns/Issues about Image;Duplication of/in Image;Investigation by Third Party;Lack of IRB/IACUC Approval and/or Compliance;Paper Mill;,No,see also: https://pubpeer.com/publications/25E5C0B89B7FB24F07174E8634CDCD,,"Gastric cancer (GC) is a common cancer and a leading cause of cancer-related deaths worldwide. Recent studies have supported the important role of long non-coding RNAs (lncRNAs) in GC progression. This study identified functional significance of X inactive specific transcript (XIST) in GC. The expression of XIST and EPHA1 in GC tissues and cells was measured. Then, dual luciferase reporter gene assay, RNA immunoprecipitation (RIP) assay and Chromatin Immunoprecipitation (ChIP) assay were performed to explore the interaction among XIST, EPHA1 and HNF4A. The effects of XIST on GG progression were evaluated by determining expression of proliferation- and invasion-related proteins (Ki67, PCNA, MMP-2, and MMP-9). Further, the functional role of XIST in GC with the involvement of NFκB pathway was also analyzed. Subsequently, the tumor growth in nude mice was evaluated. High expression of XIST and EPHA1 was observed in GC. XIST elevated EPHA1 expression by recruiting HNF4A. In addition, silencing of XIST inhibited GC progression in vitro and in vivo. Overexpressed XIST and EPHA1 yielded a reversed effect on cell proliferation and invasion. SN50 treatment (inhibitor of NFκB pathway) counteracted the promotive effect on GC cell proliferation and invasion mediated by XIST. The present study unveils that XIST increases the enrichment of HNF4A in the promoter region of EPHA1, thus promoting the deterioration of GC.",ok_via_pubmed,Retraction Note: Silencing of long non-coding RNA XIST represses gastric cancer progression through blocking NFκB pathway via inhibiting HNF4A-mediated transcription of EPHA1,crossref,[],False,True,YES
47378.0,CAR-NK Cell: a new paradigm in tumor immunotherapy,(BLS) Biology - Cancer;(BLS) Biology - Cellular;(HSC) Medicine - Immunology;(HSC) Medicine - Oncology;,"Immunology Research Center (IRC), Tabriz University of Medical Sciences, Tabriz, Iran; College of Medicine, University of Babylon, Babylon, Iraq; College of Medicine, University of Sulaimani, Sulaymaniyah, Iraq; Department of Medical Laboratory Sciences, Komar University of Science and Technology, Sulaymaniyah, Iraq; Tyumen State Medical University, Tyumen, Russia; Tyumen Industrial University, Tyumen, Russia; Department of Health and Rehabilitation Sciences, College of Applied Medical Sciences, Prince Sattam bin Abdulaziz University, Al Kharj, Saudi Arabia; Department of Physical Therapy, Kasr Al-Aini Hospital, Cairo University, Giza, Egypt; Sechenov First Moscow State Medical University, Moscow, Russia; Department of Biology, School of Basic Science, Science and Research Branch, Islamic Azad University, Tehran, Iran; Department of Applied Cell Sciences, School of Advanced Technologies in Medicine, Tehran University of Medical Sciences, Tehran, Iran; Stem Cell Transplantation and Regenerative Medicine, Department of Pediatrics, Stanford University School of Medicine, Palo Alto, CA, United States; DigiCare Behavioral Research, Casa Grande, AZ, United States; German Cancer Research Center, Toxicology and Chemotherapy Unit (G401), Heidelberg, Germany;",Frontiers in Oncology,Frontiers,Egypt;Germany;Iran;Iraq;Russia;Saudi Arabia;United States,Faroogh Marofi;Alaa S Al-Awad;Heshu Sulaiman Rahman;Alexander Markov;Walid Kamal Abdelbasset;Yulianna Ivanovna Enina;Mahnaz Mahmoodi;Ali Hassanzadeh;Mahboubeh Yazdanifar;Max Stanley Chartrand;Mostafa Jarahian,https://retractionwatch.com/2023/09/08/frontiers-retracts-nearly-40-papers-linked-to-authorship-for-sale/;https://retractionwatch.com/2023/10/25/cancer-researcher-with-nine-retractions-says-hell-take-publisher-to-court/,Review Article;,9/4/2023 0:00,10.3389/fonc.2023.1285219,37731635.0,6/10/2021 0:00,10.3389/fonc.2021.673276,34178661.0,Retraction,Concerns/Issues about Authorship/Affiliation;Investigation by Journal/Publisher;Paper Mill;,No,see also: https://blog.frontiersin.org/2023/09/04/frontiers-implements-new-policy-to-counter-authorship-for-sale/,,"The tumor microenvironment (TME) is greatly multifaceted and immune escape is an imperative attribute of tumors fostering tumor progression and metastasis. Based on reports, the restricted achievement attained by T cell immunotherapy reflects the prominence of emerging other innovative immunotherapeutics, in particular, natural killer (NK) cells-based treatments. Human NK cells act as the foremost innate immune effector cells against tumors and are vastly heterogeneous in the TME. Currently, there exists a rapidly evolving interest in the progress of chimeric antigen receptor (CAR)-engineered NK cells for tumor immunotherapy. CAR-NK cells superiorities over CAR-T cells in terms of better safety (e.g., absence or minimal cytokine release syndrome (CRS) and graft-versus-host disease (GVHD), engaging various mechanisms for stimulating cytotoxic function, and high feasibility for ‘off-the-shelf’ manufacturing. These effector cells could be modified to target various antigens, improve proliferation and persistence in vivo , upturn infiltration into tumors, and defeat resistant TME, which in turn, result in a desired anti-tumor response. More importantly, CAR-NK cells represent antigen receptors against tumor-associated antigens (TAAs), thereby redirecting the effector NK cells and supporting tumor-related immunosurveillance. In the current review, we focus on recent progress in the therapeutic competence of CAR-NK cells in solid tumors and offer a concise summary of the present hurdles affecting therapeutic outcomes of CAR-NK cell-based tumor immunotherapies.",ok,Retraction: CAR-NK Cell: a new paradigm in tumor immunotherapy,crossref,[],False,True,NO
47094.0,Histone methyltransferase SUV39H2 regulates LSD1-dependent CDH1 expression and promotes epithelial mesenchymal transition of osteosarcoma,(BLS) Biochemistry;(BLS) Biology - Cancer;(BLS) Biology - Cellular;(BLS) Genetics;(HSC) Medicine - Oncology;(HSC) Medicine - Orthopedics;,"Department of Anesthesiology, Union Hospital of Jilin University, Changchun, 130033, People’s Republic of China; Department of Radiology, Union Hospital of Jilin University, No. 126, Xiantai Street, Changchun, 130033, Jilin, People’s Republic of China;",Cancer Cell International,Springer - Biomed Central (BMC),China,Yingying Miao;Guifeng Liu;Lin Liu,,Research Article;,8/18/2023 0:00,10.1186/s12935-023-03016-3,37596581.0,1/4/2021 0:00,10.1186/s12935-020-01636-7,33397384.0,Retraction,Duplication of/in Image;Investigation by Third Party;Lack of IRB/IACUC Approval and/or Compliance;Paper Mill;Results Not Reproducible;Unreliable Results and/or Conclusions;,No,see also: https://pubpeer.com/publications/2410BF55F544D85547715341B3A4A6,,"Abstract Objective Osteosarcoma (OS) is a malignant tumor characterized by the direct production of bone or osteoid tissues by proliferating tumor cells. Suppressor of variegation 3–9 homolog 2 (SUV39H2) is implicated in the occurrence of OS. Therefore, we designed this study to investigate effects of SUV39H2 in OS meditated by the lysine specific demethylase-1/E-cadherin (LSD1/CDH1) axis. Methods Clinical OS tissues and paracancerous tissues were collected for analysis of SUV39H2, LSD1 and CDH1 expression, and Kaplan–Meier survival analysis was applied to test the relationship between SUV39H2 expression and overall survival. Loss- and gain-of-function assays were conducted to determine the roles of SUV39H2, LSD1 and CDH1 in OS epithelial mesenchymal transition (EMT) and migration in OS cells, with quantitation of relevant proteins by immunofluorescence. We confirmed the effects of modulating the SUV39H2/CDH1 axis in a mouse OS tumor model. Results SUV39H2 and LSD1 were highly expressed, while CDH1 was downregulated in OS tissues and cells. SUV39H2 expression correlated inversely with overall survival of patients with OS. SUV39H2 positively regulated LSD1 expression, while LSD1 negatively regulated CDH1 expression. SUV39H2 or LSD1 overexpression, or CDH1 silencing promoted migration and EMT, as indicated by reduced E-cadherin and dramatically upregulated Vimentin and N-cadherin of OS cells. SUV39H2 expedited the progression of OS, which was reversed by CDH1 repression in the setting of OS in vitro and in vivo. Conclusions Collectively, our results demonstrate highly expressed SUV39H2 in OS elevates the expression of LSD1 to downregulate CDH1 expression, thereby aggravating OS, providing a potential therapeutic target for treatment of OS.",ok,Retraction Note: Histone methyltransferase SUV39H2 regulates LSD1-dependent CDH1 expression and promotes epithelial mesenchymal transition of osteosarcoma,crossref,[],False,True,YES
46836.0,APLNR promotes the progression of osteosarcoma by stimulating cell proliferation and invasion,(BLS) Biology - Cancer;(BLS) Biology - Cellular;(BLS) Genetics;(HSC) Medicine - Oncology;(HSC) Medicine - Orthopedics;,"Department of Ophthalmology Surgery, Yantai Yuhuangding Hospital, Yantai, Shandong Province, China; Department of Surgery, Yantai Yuhuangding Hospital, Yantai, Shandong Province, China; Department of Joint Orthopaedics, Yantai Yuhuangding Hospital, Yantai, Shandong Province, China; Department of Orthopedics, Tianjin Hospital, Tianjin, China; Department of Endocrinology, Tianjin First Center Hospital, Tianjin, China;",Anti-Cancer Drugs,Wolters Kluwer - Lippincott Williams & Wilkins,China,Lei Cui;Jing Yuan Zhang;Zhi Peng Ren;He Jun Zhao;Gui Shi Li,,Research Article;,8/9/2023 0:00,10.1097/CAD.0000000000001534,37555813.0,10/1/2019 0:00,10.1097/CAD.0000000000000785,30920988.0,Retraction,Concerns/Issues about Image;Duplication of/in Image;Investigation by Third Party;Paper Mill;,No,see also: https://pubpeer.com/publications/8E3D5FD11BF66A1F2131AC9B23FC49,,"Osteosarcoma is the most common type of bone malignancies with a poor prognosis. In recent years, targeted therapy has shown great potential in the treatment of osteosarcoma, and more effective therapeutic targets for this disease need to be developed. APLNR is a seven transmembrane G-protein-coupled receptor expressed widely in multiple tissues. As has been reported, APLNR is involved in various physiological and pathological processes. Although APLNR plays a role in the development and progression of multiple tumors, the potential role of APLNR in osteosarcoma, a highly malignant tumor, remains unclear. Here, we reported that APLNR expression was correlated positively with clinical features including tumor size and stage of osteosarcoma. We found that APLNR knockdown inhibited the proliferation and invasion of osteosarcoma cells in vitro. In addition, APLNR could promote the progression and metastasis of osteosarcoma in mice. Collectively, this study showed the potential link between APLNR and osteosarcoma and suggested APLNR as a novel therapeutic target for osteosarcoma.",ok_via_pubmed,APLNR promotes the progression of osteosarcoma by stimulating cell proliferation and invasion: Retraction,crossref,[],False,True,YES
46812.0,Long Intergenic Non-Coding RNA LINC00885 Promotes Tumorigenesis of Cervical Cancer by Upregulating MACC1 Expression Through Serving as a Competitive Endogenous RNA for microRNA-432-5p,(BLS) Biology - Cancer;(BLS) Biology - Cellular;(BLS) Biology - General;(BLS) Biology - Molecular;,"Department of Gynaecology, The First People's Hospital of Chongqing Liangjiang New Area, Chongqing, 401120, People's Republic of China; Department of Gynaecology and Obstetrics, Chongqing Health Center for Women and Children, Chongqing, 400021, People's Republic of China;",Cancer Management and Research,Dovepress,China,Hongwei Chen;Yugang Chi;Mengyue Chen;Limei Zhao,,Research Article;,8/2/2023 0:00,10.2147/CMAR.S433206,37551294.0,2/12/2021 0:00,10.2147/CMAR.S291778,33603486.0,Retraction,Author Unresponsive;Concerns/Issues about Data;Duplication of/in Image;Paper Mill;Upgrade/Update of Prior Notice(s);,No,see also: https://pubpeer.com/publications/CCDEB38ED9B7DCA0C2380CC899B672,,"Long intergenic non-protein coding RNA 885 (LINC00885) has been well studied in breast cancer; however, its contribution in cervical cancer remains unclear. In this study, we aimed to determine the detailed functions of LINC00885 in cervical cancer and elucidate the underlying molecular regulation mechanism. The expression status of LINC00885 in cervical cancer was determined using reverse transcription-quantitative polymerase chain reaction and by searching The Cancer Genome Atlas database. The detailed functions of LINC00885 in cervical cancer cells were confirmed using Cell Counting Kit 8 assay, flow cytometry analysis, Transwell cell migration and invasion assays, and tumor xenograft assay. Mechanistic experiments included bioinformatics prediction, RNA immunoprecipitation, luciferase reporter assay, and rescue experiments. LINC00885 was clearly overexpressed in cervical cancer, which was linked with unfavorable clinical outcomes. Functionally, LINC00885 deficiency suppressed cervical cancer cell proliferation, migration, and invasion but stimulated cell apoptosis in vitro. Furthermore, loss of LINC00885 restricted the growth of cervical cancer cells in vivo. Mechanistically, LINC00885 functioned as a competitive endogenous RNA for microRNA-432-5p (miR-432-5p) in cervical cancer. Furthermore, metastasis-associated colon cancer 1 (MACC1) was confirmed as the direct target of miR-432-5p, and LINC00885 could enhance MACC1 expression by sequestering miR-432-5p. Rescue experiments revealed that silencing of miR-432-5p or upregulation of MACC1 expression could effectively counteract the restrained aggressive properties of cervical cancer cells induced by LINC00885 deficiency. LINC00885 upregulated MACC1 expression in cervical cancer cells by sponging miR-432-5p, thereby promoting cancer progression. The LINC00885/miR-432-5p/MACC1 pathway may help in the identification of potential prognostic biomarkers and therapeutic targets in cervical cancer.",ok_via_pubmed,Long Intergenic Non-Coding RNA LINC00885 Promotes Tumorigenesis of Cervical Cancer by Upregulating MACC1 Expression Through Serving as a Competitive Endogenous RNA for microRNA-432-5p [Retraction],crossref,[],False,True,YES
46790.0,LncRNA XIST Depletion Prevents Cancer Progression in Invasive Pituitary Neuroendocrine Tumor by Inhibiting bFGF via Upregulation of microRNA-424-5p,(BLS) Biochemistry;(BLS) Biology - Cancer;(BLS) Biology - Cellular;(BLS) Genetics;,"Department of Neurosurgery, The First Affiliated Hospital of Xinjiang Medical University, Urumqi 830054, People’s Republic of China;",OncoTargets and Therapy,Taylor and Francis - Dove Press,China,Kai Zhou;Shaoshan Li;Guojia Du;Yandong Fan;Pengfei Wu;Hongjie Sun;Tingrong Zhang,,Research Article;,7/31/2023 0:00,10.2147/OTT.S432665,37546175.0,9/2/2019 0:00,10.2147/OTT.S208329,31564894.0,Retraction,Author Unresponsive;Concerns/Issues about Data;Duplication of/in Image;Investigation by Third Party;Original Data and/or Images not Provided and/or not Available;Paper Mill;,No,see also: https://pubpeer.com/publications/80288271C4877309EB5A9DFA620FF1,,"Long noncoding RNAs (lncRNAs) are vital mediators in human cancers including pituitary neuroendocrine tumor (PitNET) and could function as competing endogenous RNAs (ceRNAs) of microRNAs (miRNAs). The main objective of this study is to identify effect of lncRNA X-inactive specific transcript (XIST) and microRNA-424-5p (miR-424-5p) on PitNET. Microarray analysis was employed to identify the PitNET-related differentially expressed lncRNAs. PitNET tissues, including both invasive and non-invasive subtypes in parallel with normal pituitary tissues were collected for the determination of the expression of XIST, miR-424-5p and basic fibroblast growth factor (bFGF) and the interaction among them. Subsequently, the expression of XIST, miR-424-5p and bFGF in PitNET cells was altered to elucidate their biological significance in the aspects of proliferation, migration, invasion, and the apoptosis. Both XIST and bFGF exhibited high expression, but miR-424-5p had a low expression in invasive PitNET tissues as compared to non-invasive PitNET normal pituitary tissues. Additionally, XIST competitively bound to miR-424-5p to elevate the expression of bFGF. Furthermore, depleted XIST or bFGF, or elevated miR-424-5p was revealed to suppress the proliferation, migration, invasion, and promote cell cycle arrest and apoptosis of invasive PitNET cells. miR-424-5p repressed the proliferation, migration, invasion of invasive PitNET cells by targeting bFGF. In conclusion, the fundamental findings of the present study suggested that the functional suppression of XIST downregulated bFGF to inhibit the development of PitNET by increasing miR-424-5p expression, proposing XIST as a novel therapeutic target for PitNET.",ok_via_pubmed,LncRNA XIST Depletion Prevents Cancer Progression in Invasive Pituitary Neuroendocrine Tumor by Inhibiting bFGF via Upregulation of microRNA-424-5p [Retraction],crossref,[],False,True,YES
46603.0,Long Intergenic Non-Protein Coding RNA 519 Promotes the Biological Activities of Tongue Squamous Cell Carcinoma by Sponging microRNA-876-3p and Consequently Upregulating MACC1,(BLS) Biology - Cancer;(BLS) Biology - Cellular;(BLS) Biology - General;(BLS) Biology - Molecular;,"Department of Clinical Laboratory, Henan Provincial People's Hospital, Zhengzhou, Henan 450003, People's Republic of China;",OncoTargets and Therapy,Dovepress,China,Dejun Liu;Jing Zhao;Huiling Wang;Hui Li;Yanjie Li;Wangsen Qin,,Research Article;,7/26/2023 0:00,10.2147/OTT.S432309,37525843.0,11/20/2020 0:00,10.2147/OTT.S279798,33244240.0,Retraction,Author Unresponsive;Concerns/Issues about Data;Investigation by Journal/Publisher;Original Data and/or Images not Provided and/or not Available;Paper Mill;Upgrade/Update of Prior Notice(s);,No,see also: https://pubpeer.com/publications/14C9E54792577B728166350158E37A,,Long intergenic non-protein coding RNA 519 ( The expression of,ok_via_pubmed,Long Intergenic Non-Protein Coding RNA 519 Promotes the Biological Activities of Tongue Squamous Cell Carcinoma by Sponging microRNA-876-3p and Consequently Upregulating MACC1 [Retraction],crossref,[],False,True,YES
46596.0,"Long Noncoding RNA FGD5-AS1 Promotes Glioma Cell Proliferation, Migration and Invasion by Regulating Wnt/β-Catenin Pathway",(BLS) Biology - Cancer;(BLS) Biology - Cellular;(BLS) Genetics;,"Department of Neurosurgery, Jiaozuo People’s Hospital, Jiaozuo 454000, Henan Province, People’s Republic of China; Department of Neurosurgery, The First Affiliated Hospital of Zhengzhou University, Zhengzhou 450052, Henan Province, People’s Republic of China;",Cancer Management and Research,Taylor and Francis - Dove Press,China,Jun Bo Zhao;Jun Feng Xue;Wu Zhong Zhang;Yong Lu Ren;Dong Ming Yan,,Research Article;,7/27/2023 0:00,10.2147/CMAR.S432308,37529010.0,7/23/2020 0:00,10.2147/CMAR.S250284,32801867.0,Retraction,Author Unresponsive;Concerns/Issues about Data;Investigation by Third Party;Original Data and/or Images not Provided and/or not Available;Paper Mill;Unreliable Results and/or Conclusions;,Yes,see also: https://pubpeer.com/publications/4391505C3E3A3EDF30B4D0E5CAE012https://pubpeer.com/publications/4391505C3E3A3EDF30B4D0E5CAE012,,"To investigate the specific function of long noncoding RNA FGD5 antisense RNA 1 (lncRNA FGD5-AS1) in glioma. The level of FGD5-AS1 was detected in clinical samples and cell lines by qRT-PCR. Small interfering RNA (siRNA) of FGD5-AS1 or scramble siRNA was transfected into U87 cell lines to examine the role of FGD5-AS1 on glioma development. The proliferation of glioma cells was tested by Cell Counting Kit-8 (CCK-8), the migration and invasion of glioma cells were tested by transwell assay without matrigel or with matrigel. Western blot was used to detect the protein expression, and XAV-939 was used to inhibit wnt/β-catenin pathway. The effect of FGD5-AS1 on tumorigenesis of glioma was confirmed by xenograft nude mice model. FGD5-AS1 was significantly increased in glioma tissues and cells. Loss of FGD5-AS1 inhibited the proliferation, migration and invasion of U87 cells. Furthermore, overexpression of FGD5-AS1 increased the mRNA and protein levels of β-catenin and cyclin D1. Blocking of wnt/β-catenin using XAV-939 reversed the promotion role of FGD3-AS1 on glioma cells' migration and invasion. The in vivo tumor growth assay showed that FGD3-AS1 accelerated glioma tumorigenesis with activating wnt/β-catenin pathway. Our research emphasized FGD5-AS1 acting as an oncogene by regulating wnt/β-catenin signaling pathway, thus providing some novel experimental basis for clinical treatment of glioma.",ok_via_pubmed,"Long Noncoding RNA FGD5-AS1 Promotes Glioma Cell Proliferation, Migration and Invasion by Regulating Wnt/β-Catenin Pathway [Retraction]",crossref,[],False,True,YES
46431.0,LINC00504 Promotes the Malignant Biological Behavior of Breast Cancer Cells by Upregulating HMGB3 via Decoying MicroRNA-876-3p,(BLS) Biology - Cancer;(BLS) Biology - Cellular;(BLS) Genetics;,"Department of Hematology, Jilin Cancer Hospital, Changchun, Jilin, 130012, People’s Republic of China; Department of Nephrology, Jilin Province FAW General Hospital, Changchun, Jilin, 130013, People’s Republic of China; Department of Medical Oncology, Jilin Cancer Hospital, Changchun, Jilin, 130012, People’s Republic of China;",Cancer Management and Research,Taylor and Francis - Dove Press,China,Hao Yu;Liqian Dong;Hongyu Wang;Yang Zhang;Zhuo Wang;Can Wang;Hong Xia;Huizheng Bao,,Research Article;,7/19/2023 0:00,10.2147/CMAR.S430424,37489174.0,2/22/2021 0:00,10.2147/CMAR.S276290,33654429.0,Retraction,Concerns/Issues about Data;Investigation by Third Party;Paper Mill;Unreliable Results and/or Conclusions;,No,see also: https://pubpeer.com/publications/616454E5D492F3B9CECEE17153D917,,"Long intergenic non-protein coding RNA 504 (LINC00504) is a long non-coding RNA that has an important regulatory role in a variety of human cancers. In this study, LINC00504 expression in breast cancer tissues and cell lines was detected. Studies were also conducted to determine the impact of LINC00504 on the tumor behavior of breast cancer cells. The potential mechanisms underlying the oncogenic role of LINC00504 in breast cancer cells were elucidated in detail. Expression of LINC00504 in breast cancer was analyzed by quantitative real-time polymerase chain reaction. The effects of LINC00504 on proliferation, apoptosis, in vitro migration and invasion, and in vivo tumor growth were elucidated using Cell Counting Kit-8 assay, flow cytometry, Transwell assays, and tumor xenograft models, respectively. Bioinformatics analyses in conjunction with RNA immunoprecipitation, luciferase reporter assays, and rescue experiments were conducted to investigate the underlying molecular mechanisms. LINC00504 was upregulated in breast cancer tissues and cell lines. Knocking down LINC00504 suppressed breast cancer cell proliferation, migration, and invasion and facilitated apoptosis in vitro. In addition, tumor growth in vivo was significantly inhibited by LINC00504 depletion. Regarding the underlying mechanism, LIN00504 could function as a competing endogenous RNA in breast cancer by sponging microRNA-876-3p (miR-876-3p), resulting in the upregulation of high mobility group box 3 (HMGB3). Rescue experiments further revealed that miR-876-3p downregulation or HMGB3 upregulation effectively reversed the inhibitory effects of LIN00504 deficiency on breast cancer cells. The LIN00504-miR-876-3p-HMGB3 axis shows carcinogenic effects in modulating the biological behavior of breast cancer cells. This pathway may represent an effective target for CRC diagnosis and anticancer therapy.",ok_via_pubmed,LINC00504 Promotes the Malignant Biological Behavior of Breast Cancer Cells by Upregulating HMGB3 via Decoying MicroRNA-876-3p [Retraction],crossref,[],False,True,YES
46093.0,Long Noncoding RNA VPS9D1-AS1 Sequesters microRNA-525-5p to Promote the Oncogenicity of Colorectal Cancer Cells by Upregulating HMGA1,(BLS) Biology - Cancer;(BLS) Biology - Cellular;(BLS) Genetics;,"Department of Abdominal Surgery, Jilin Cancer Hospital, Changchun, Jilin 130021, People’s Republic of China; Department of Oncology Medicine, Jilin Cancer Hospital, Changchun, Jilin 130021, People’s Republic of China; Department of Childhood Solid Tumor, First Hospital of Jilin University, Changchun, Jilin 130021, People’s Republic of China; Department of Radiotherapy, Jilin Cancer Hospital, Changchun, Jilin 130021, People’s Republic of China;",Cancer Management and Research,Taylor and Francis - Dove Press,China,Hairui Liu;Xueying Zhang;Xianmei Jin;Yubo Yang;Guodong Liang;Yuehan Ma;Bing Wang,,Research Article;,7/13/2023 0:00,10.2147/CMAR.S430213,37469373.0,10/9/2020 0:00,10.2147/CMAR.S273687,33116849.0,Retraction,Duplication of/in Image;Investigation by Third Party;Original Data and/or Images not Provided and/or not Available;Paper Mill;Unreliable Results and/or Conclusions;,No,see also: https://pubpeer.com/publications/7D4CA4008DCD32D680C697474E0115,,"The long noncoding RNA VPS9D1 antisense RNA 1 (VPS9D1-AS1) has emerged as a critical regulator in non-small-cell lung, gastric, and prostate cancers. In this study, we measured the expression levels of VPS9D1-AS1 in colorectal cancer (CRC) and determined the role of VPS9D1-AS1 in regulating the biological activities of CRC cells. In addition, we thoroughly elucidated the molecular mechanism mediating the oncogenic activities of VPS9D1-AS1 in CRC. The expression levels of VPS9D1-AS1 in CRC tissues and cell lines were detected via quantitative reverse transcription-polymerase chain reaction. Loss-of-function experiments were performed to detect the effects of VPS9D1-AS1 silencing on CRC cell proliferation, apoptosis, migration, and invasion as well as on tumor growth in vivo. Bioinformatics analysis predicted the potential microRNAs (miRNAs) interacting with VPS9D1-AS1, and this prediction was further confirmed via RNA immunoprecipitation and luciferase reporter assays. Our results demonstrated the upregulated expression of VPS9D1-AS1 in CRC tissues and cell lines. Functionally, VPS9D1-AS1 interference suppressed CRC cell proliferation, migration, and invasion and promoted cell apoptosis in vitro. In addition, the loss of VPS9D1-AS1 hindered tumor growth in vivo. Mechanistic studies identified VPS9D1-AS1 as a competing endogenous RNA in CRC cells, in which VPS9D1-AS1 acted as a molecular sponge of miR-525-5p and consequently increased the expression of high-mobility group AT-hook 1 (HMGA1). Moreover, rescue experiments revealed that the regulatory effects of VPS9D1-AS1 deficiency on CRC cells were abolished after miR-525-5p inhibition or HMGA1 restoration. The newly identified competing endogenous RNA pathway involving VPS9D1-AS1, miR-525-5p, and HMGA1 is implicated in the control of CRC progression and may provide an effective target for CRC diagnosis and therapy.",ok_via_pubmed,Long Noncoding RNA VPS9D1-AS1 Sequesters microRNA-525-5p to Promote the Oncogenicity of Colorectal Cancer Cells by Upregulating HMGA1 [Retraction],crossref,[],False,True,YES
46092.0,Long Noncoding RNA ST7-AS1 Upregulates TRPM7 Expression by Sponging microRNA-543 to Promote Cervical Cancer Progression,(BLS) Biology - Cancer;(BLS) Biology - Cellular;(BLS) Biology - Molecular;(BLS) Genetics;,"Department of Gynaecology and Obstetrics, The Second Children & Women's Healthcare of Jinan City, Jinan, Shandong 250022, People's Republic of China; Department of Radiology, Weifang Binhai Economic and Technological Development Zone People's Hospital, Weifang, Shandong 261108, People's Republic of China; Department of Gynaecology and Obstetrics, The 5th People's Hospital of Jinan, Jinan, Shandong 250022, People's Republic of China;",OncoTargets and Therapy,Taylor and Francis - Dove Press,China,Hongguo Qi;Lianwei Lu;Lili Wang,,Research Article;,7/13/2023 0:00,10.2147/OTT.S430214,37469554.0,7/27/2020 0:00,10.2147/OTT.S253868,32801754.0,Retraction,Duplication of/in Image;Investigation by Journal/Publisher;Investigation by Third Party;Original Data and/or Images not Provided and/or not Available;Paper Mill;Unreliable Results and/or Conclusions;,No,see also: https://pubpeer.com/publications/980DA6724422518CAE8D16DBE31529,,"ST7 antisense RNA 1 (ST7-AS1) is a long noncoding RNA that affects the progression of gastric cancer and laryngeal squamous cell carcinoma. Herein, ST7-AS1 expression was detected in cervical cancer tissues and cell lines. In addition, its biological roles in inducing the aggressive phenotype of cervical cancer and its associated mechanisms of action were illustrated. ST7-AS1 expression in cervical cancer tissues and cell lines was detected using quantitative real-time polymerase chain reaction (qRT-PCR). Malignancy was determined using Cell Counting Kit-8 assay, flow cytometry, transwell migration and invasion assays, and xenograft experiments. Bioinformatics analysis was performed to predict the interaction between ST7-AS1 and microRNA-543 (miR-543). Luciferase reporter assay, RNA immunoprecipitation assay, Western blotting, qRT-PCR, and rescue experiments were performed to further identify the interactions among ST7-AS1, miR-543, and transient receptor potential melastatin 7 (TRPM7). ST7-AS1 was upregulated in cervical cancer tissues and cell lines. ST7-AS1 overexpression was correlated with a high International Federation of Gynecology and Obstetrics stage, frequent lymph node metastasis, deep cervical invasion, and short overall survival in patients with cervical cancer. ST7-AS1 inhibition hindered cervical cancer cell proliferation, migration, and invasion; ST7-AS1 downregulation resulted in marked cell apoptosis. Additionally, ST7-AS1 deficiency restricted cervical tumor growth in vivo. Mechanistically, ST7-AS1 functioned as competing endogenous RNA to increase TRPM7 expression by sponging miR-543. Intriguingly, rescue experiments revealed that miR-543 downregulation or TRPM7 overexpression abrogated the inhibitory actions of ST7-AS1 knockdown in the aggressive phenotype of cervical cancer cells. The newly identified ST7-AS1/miR-543/TRPM7 axis promoted the oncogenicity of cervical cancer cells both in vitro and in vivo. Our study highlighted the importance of this novel axis in cervical cancer progression, suggesting that this pathway can serve as a promising therapeutic target for cervical cancer.",ok_via_pubmed,Long Noncoding RNA ST7-AS1 Upregulates TRPM7 Expression by Sponging microRNA-543 to Promote Cervical Cancer Progression [Retraction],crossref,[],False,True,YES
46075.0,Long Non-Coding RNA CASC19 Sponges MicroRNA-532 and Promotes Oncogenicity of Clear Cell Renal Cell Carcinoma by Increasing ETS1 Expression,(BLS) Biology - Cancer;(BLS) Biology - Cellular;(BLS) Biology - General;(BLS) Biology - Molecular;,"Department of Urology, The 161st Hospital of the People's Liberation Army, Wuhan, Hubei 430010, People's Republic of China;",Cancer Management and Research,Taylor and Francis - Dove Press,China,Yu Luo;Feng Liu;Chunhui Yan;Wei Qu;Liang Zhu;Zheng Guo;Fan Zhou;Wei Zhang,,Research Article;,7/13/2023 0:00,10.2147/CMAR.S430060,37465079.0,2/27/2020 0:00,10.2147/CMAR.S242472,32273759.0,Retraction,Duplication of/in Image;Original Data and/or Images not Provided and/or not Available;Paper Mill;Unreliable Results and/or Conclusions;Upgrade/Update of Prior Notice(s);,No,see also: https://pubpeer.com/publications/684C1C51ABA704651596ABB3AED23F,,"The long non-coding RNA cancer susceptibility 19 ( The CASC19/miR-532/ETS1 regulatory pathway is crucial for the malignant manifestations of ccRCC, which makes it an attractive target for potential treatments of ccRCC.",ok_via_pubmed,Long Non-Coding RNA CASC19 Sponges microRNA-532 and Promotes Oncogenicity of Clear Cell Renal Cell Carcinoma by Increasing ETS1 Expression [Retraction],crossref,[],False,True,YES
46072.0,Circular RNA CircCDYL Regulates Proliferation and Apoptosis in Non-Small Cell Lung Cancer Cells by Sponging miR-185-5p and Upregulating TNRC6A,(BLS) Biology - Cancer;(BLS) Biology - Cellular;(BLS) Genetics;,"Department of Oncology, Heilongjiang Provincial Hospital, Harbin, Heilongjiang Province 150001, People’s Republic of China; Department of Oncology, Affiliated Hospital of Guilin Medical College, Guilin, Guangxi Province 541001, People’s Republic of China;",Cancer Management and Research,Taylor and Francis - Dove Press,China,Wei Xin Bian;Feng Xue;Li Yan Wang;Xiao Fang Xing,,Research Article;,7/12/2023 0:00,10.2147/CMAR.S430215,37465084.0,1/25/2021 0:00,10.2147/CMAR.S280315,33531835.0,Retraction,Duplication of/in Image;Original Data and/or Images not Provided and/or not Available;Paper Mill;Unreliable Results and/or Conclusions;Upgrade/Update of Prior Notice(s);,No,see also: https://pubpeer.com/publications/0F101D9A53E12B1FB3BEC423990D85,,"A series of research reveal that circular RNA (circRNA) plays a vital role in regulating the development of tumor cells. In this research, we would explore the role and mechanism of circCDYL in non-small cell lung cancer (NSCLC). RT-PCR was performed to detect the expression of circCDYL in NSCLC tissues, plasma, and cell lines. The tumor cell proliferation ability was evaluated by clone formation assay, and cell cycle determination. Flow cytometry was used to detect apoptosis in NSCLC cell lines. Western blot and RT-PCR were used to assess the expression of proteins and genes. Luciferase assay was performed to confirm the relationship of circRNA-miRNA-mRNA. The decreased level of circCDYL was observed in NSCLC patients' tissues and plasma, which was also downregulated in NSCLC cell lines. Forced expression of circCDYL inhibited cell viability, proliferation and induced apoptosis in A549 cells. Luciferase assay verified that circCDYL could bind with miR-185-5p and confirmed that TNRC6A was a downstream target of miR-185-5p. Overexpression of miR-185-5p or silencing of TNRC6A could inhibit the anti-tumor effect of circCDYL in A549 cells via regulating the ERK1/2 signal. Here, we revealed that circCDYL inhibited proliferation and induced apoptosis in NSCLC cell lines via regulating ERK1/2 signal, and the mechanism of this progression may target miR-185-5p/TNRC6A, which provided a theoretical basis for clinical therapy.",ok_via_pubmed,Circular RNA CircCDYL Regulates Proliferation and Apoptosis in Non-Small Cell Lung Cancer Cells by Sponging miR-185-5p and Upregulating TNRC6A [Retraction],crossref,[],False,True,YES
46070.0,Long Noncoding RNA CCDC144NL-AS1 Promotes the Oncogenicity of Osteosarcoma by Acting as a Molecular Sponge for microRNA-490-3p and Thereby Increasing HMGA2 Expression,(BLS) Biology - Cancer;(BLS) Biology - Cellular;(BLS) Biology - Molecular;(BLS) Genetics;,"Department of Bone and Soft Tissue Surgery, Guangxi Medical University Cancer Hospital, Nanning, Guangxi 530021, People's Republic of China;",OncoTargets and Therapy,Taylor and Francis - Dove Press,China,Juliang He;Jian Guan;Shian Liao;Zhenjie Wu;Bin Liu;Hao Mo;Zhenchao Yuan,,Research Article;,7/13/2023 0:00,10.2147/OTT.S430211,37465587.0,1/6/2021 0:00,10.2147/OTT.S280912,33442262.0,Retraction,Concerns/Issues about Data;Duplication of/in Image;Investigation by Third Party;Original Data and/or Images not Provided and/or not Available;Paper Mill;Unreliable Results and/or Conclusions;Upgrade/Update of Prior Notice(s);,No,see also: https://pubpeer.com/publications/1BB3F7C4397DD52BE4CFD5ECF7EE69,,"The long noncoding RNA CCDC144NL antisense RNA 1 (CCDC144NL-AS1) exhibits important functions in gastric cancer. In this study, we aimed to investigate the roles of CCDC144NL-AS1 in modulating the phenotype of osteosarcoma (OS) cells in vitro and in vivo and elucidate its underlying mechanisms. Reverse transcription quantitative polymerase chain reaction (PCR) was performed to determine the expression level of CCDC144NL-AS1 in OS tissues and cell lines. The proliferation, apoptosis, migration, and invasion in vitro as well as tumor growth in vivo were determined in OS cells using the Cell Counting Kit 8 assay, flow cytometric analysis, transwell migration and invasion assays, and xenograft experiments, respectively. Bioinformatics analysis was performed to identify the potential microRNA targets of CCDC144NL-AS1, which were subsequently confirmed using the luciferase reporter assay, RNA immunoprecipitation assay, reverse transcription quantitative PCR, Western blotting, and rescue experiments. CCDC144NL-AS1 expression was upregulated in OS tissues and cell lines. Patients with OS who exhibited high CCDC144NL-AS1 expression had shorter overall survival than those who exhibited low CCDC144NL-AS1 expression. Functionally, interference in CCDC144NL-AS1 expression led to a notable decrease in the proliferation, migration, and invasion of OS cells and an increase in cell apoptosis in vitro. Furthermore, CCDC144NL-AS1 knockdown impaired OS tumor growth in vivo. Mechanistically, CCDC144NL-AS1 directly bound to miR-490-3p in OS cells, where it functioned as a molecular sponge and subsequently increased the expression of high-mobility group AT-hook 2 (HMGA2). Rescue experiments further demonstrated that miR-490-3p suppression or HMGA2 restoration abated CCDC144NL-AS1 deficiency-induced cancer-inhibitory actions in OS cells. CCDC144NL-AS1 exhibits pro-oncogenic roles in OS by functioning as a sponge for miR-490-3p and increasing HMGA2 expression. Our findings suggest that greater understanding of the CCDC144NL-AS1/miR-490-3p/HMGA2 pathway can provide useful information for OS diagnosis, prognosis, and therapy.",ok_via_pubmed,Long Noncoding RNA CCDC144NL-AS1 Promotes the Oncogenicity of Osteosarcoma by Acting as a Molecular Sponge for microRNA-490-3p and Thereby Increasing HMGA2 Expression [Retraction],crossref,[],False,True,YES
46068.0,LncRNA MCM3AP-AS1 Promotes Cell Proliferation and Invasion Through Regulating miR-543-3p/SLC39A10/PTEN Axis in Prostate Cancer,(BLS) Biology - Cancer;(BLS) Biology - Cellular;(BLS) Biology - General;(BLS) Biology - Molecular;,"Department of Urology, The First Affiliated Hospital and College of Clinical Medicine of Henan University of Science and Technology, Luoyang, Henan 471003, People's Republic of China;",OncoTargets and Therapy,Taylor and Francis - Dove Press,China,Zhaohui Jia;Wensheng Li;Pan Bian;Hui Liu;Dong Pan;Zhongling Dou,,Research Article;,7/12/2023 0:00,10.2147/OTT.S430212,37465588.0,9/22/2020 0:00,10.2147/OTT.S245537,33061424.0,Retraction,Duplication of/in Image;Investigation by Third Party;Original Data and/or Images not Provided and/or not Available;Paper Mill;Unreliable Results and/or Conclusions;Upgrade/Update of Prior Notice(s);,No,see also: https://pubpeer.com/publications/3E921B69782668562A7F9B3BE54C56,,"Long-chain noncoding RNAs (lncRNAs) are key players in a wide range of biological processes, especially the pathogenesis and development of tumors. LncRNA MCM3AP-AS1 has been demonstrated to be involved in the invasion of various tumors including prostate cancer (PCa). However, its functions in PCa have not been fully elucidated. qRT-PCR was conducted to measure the expression levels of lncRNA MCM3AP-AS1 and miR-543-3p in PCa tissue samples and cell lines. The expression levels of E-cadherin and SLC39A10 proteins were detected by Western blots. CCK-8 test, cell scratch test and trans-well test were used to evaluate the proliferation, invasion and migration abilities of PCa cells, respectively. Annexin V-FITC/PI experiments were carried out to determine the status of apoptosis. Bioinformatics analysis and Luciferase assay were used to explore the relationship between lncRNA MCM3AP-AS1, miR-543-3p and SLC39A10. In PCa tissue samples and cell lines, lncRNA MCM3AP-AS1 was up-regulated while miR-543-3p was down-regulated. Over-expression of MCM3AP-AS1 could promote the proliferation and invasion of PCa cells. Correlation analysis showed that the expression of MCM3AP-AS1 and miR-543-3p was significantly and inversely correlated. We further verified that miR-543-3p inhibitor was able to reverse si-MCM3AP-AS1-mediated inhibitory effects on the PCa cell proliferation, migration and invasion through regulating the downstream protein axis SLC39A10/PTEN/Akt. Finally, in vivo experiments indicated that knocking down of MCM3AP-AS1 could largely reduce tumor volumes, and decreased the ratio of Ki67-positive cells and the expression of SLC39A10 in tumor samples. LncRNA MCM3AP-AS1 can promote the proliferation, migration and invasion abilities of PCa cells through regulating the miR-543-3p/SLC39A10/PTEN axis, which suggests that lncRNA MCM3AP-AS1 might be a potential target for prostate cancer therapy.",ok_via_pubmed,LncRNA MCM3AP-AS1 Promotes Cell Proliferation and Invasion Through Regulating miR-543-3p/SLC39A10/PTEN Axis in Prostate Cancer [Retraction],crossref,[],False,True,YES
46038.0,Circular RNA circ-CSPP1 regulates CCNE2 to facilitate hepatocellular carcinoma cell growth via sponging miR-577,(BLS) Biology - Cancer;(BLS) Biology - Cellular;(BLS) Genetics;,"Department of Gastroenterology and Hepatology, The First Affiliated Hospital of Zhengzhou University, 1 Jianshe Dong Lu, Erqi District, Zhengzhou, Henan, 450052, China;",Cancer Cell International,Springer - Biomed Central (BMC),China,Qian Sun;Rui Yu;Chunfeng Wang;Jianning Yao;Lianfeng Zhang,,Research Article;,7/17/2023 0:00,10.1186/s12935-023-02989-5,37460935.0,5/29/2020 0:00,10.1186/s12935-020-01287-8,32514247.0,Retraction,Duplication of/in Image;Investigation by Journal/Publisher;Investigation by Third Party;Paper Mill;Unreliable Results and/or Conclusions;Upgrade/Update of Prior Notice(s);,No,see also: https://pubpeer.com/publications/40296D692FB28A26998E477671A043,,"Abstract Objective Circ-centro-some/spindle pole-associated protein (CSPP1) has been confirmed to be characterized in diverse human malignancies and its ectopic expression may regulate tumor progression and development. However, in hepatocellular carcinoma (HCC), its biological role, clinical significance and molecular mechanism are still unclear. Methods Circ-CSPP1 expression and its prognostic values in HCC tissues were detected by qRT-PCR or in situ hybridization (ISH), and enriched by using Rnase R. The functional experiments (Circ-CSPP1 was overexpressed or knocked down) were performed in HCC cells. The HCC cell growth was analyzed by CCK-8 assay, transwell, wound healing and colony formation assays. The interation between circ-CSPP1 and miR-577/miR-577 and cyclin E2 (CCNE2) were determined by dual luciferase assay or RNA binding protein immunoprecipitation (RIP) assay. The RNA fluorescence in situ hybridization (FISH) assay was used to detect the subcellular distribution. Finally, an in vivo nude mouse tumor model was constructed. Results In HCC patients and cells, circ-CSPP1 was aberrantly expressed, and its upregulation predicted poor prognosis, and closely correlated with tumor size and TNM stage. Circ-CSPP1 resisted RnaseR digestion, indicating it is a circular RNA structure. Moreover, overexpression of circ-CSPP1 promoted HCC cell viability, colony formation, migration, and invasion in vitro. Knockdown of circ-CSPP1 showed contrary results. Circ-CSPP1 acts as a miR-577 sponge and positively regulated the target of miR-577, CCNE2. Besides, miR-577 inhibitor rescued the suppressive effects of circ-CSPP1 knockdown on HCC cell growth, whereas was completely reversed by silencing of CCNE2. Finally, the in vivo experiments confirmed that circ-CSPP1 knockdown regulated xenograft tumor volume and downregulated CCNE2, p-Rb, E2F1 and c-myc expression. Conclusion These findings revealed that circ-CSPP1 contributed to HCC progression by positively regulating CCNE2 via miR-577, thus established its potential as new a prognostic and therapeutic marker for HCC patients.",ok,Retraction Note: circular RNA circ-CSPP1 regulates CCNE2 to facilitate hepatocellular carcinoma cell growth via sponging miR-577,crossref,[],False,True,YES
45403.0,A natural food sweetener with anti-pancreatic cancer properties,(BLS) Biology - Cancer;(BLS) Toxicology;(ENV) Food Science;,"Key Laboratory of Urban Agriculture (North) of Ministry of Agriculture, Beijing University of Agriculture, Beijing, China; National Engineering Laboratory for Industrial Enzymes, Tianjin Institute of Industrial Biotechnology, Chinese Academy of Sciences, Tianjin, China;",Oncogenesis,Springer - Nature Publishing Group,China,C Liu;L H Dai;D O Dou;L O Ma;Y X Sun,,Research Article;,3/16/2023 0:00,10.1038/s41389-023-00461-7,36928067.0,4/11/2016 0:00,10.1038/oncsis.2016.28,27065453.0,Retraction,Duplication of/in Image;Investigation by Third Party;Lack of IRB/IACUC Approval and/or Compliance;Paper Mill;Upgrade/Update of Prior Notice(s);,No,see also: https://pubpeer.com/publications/92EE0636B22E198D18724BF0561822,,"Abstract Mogroside V is a triterpenoid isolated from the traditional Chinese medical plant Siraitia grosvenorii . Mogroside V has a high degree of sweetness and a low calorific content. Herein, we found that mogroside V possesses tumor growth inhibitory activity in in vitro and in vivo models of pancreatic cancer by promoting apoptosis and cell cycle arrest of pancreatic cancer cells (PANC-1 cells), which may in part be mediated through regulating the STAT3 signaling pathway. These results were confirmed in vivo in a mouse xenograft model of pancreatic cancer. In xenograft tumors, Ki-67 and PCNA, the most commonly used markers of tumor cell proliferation, were downregulated after intravenous administration of mogroside V. Terminal deoxynucleotidyl transferase dUTP nick end labeling assays showed that mogroside V treatment promoted apoptosis of pancreatic cancer cells in the xenograft tumors. Furthermore, we found that mogroside V treatment significantly reduced the expression of CD31-labeled blood vessels and of the pro-angiogenic factor vascular endothelial growth factor in the xenografts, indicating that mogroside V might limit the growth of pancreatic tumors by inhibiting angiogenesis and reducing vascular density. These results therefore demonstrate that the natural, sweet-tasting compound mogroside V can inhibit proliferation and survival of pancreatic cancer cells via targeting multiple biological targets.",ok,Retraction Note: A natural food sweetener with anti-pancreatic cancer properties,crossref,[],False,True,UNCLEAR
45374.0,LINC00958 Promotes the Malignancy of Nasopharyngeal Carcinoma by Sponging microRNA-625 and Thus Upregulating NUAK1,(BLS) Biology - Cancer;(BLS) Biology - Cellular;(BLS) Genetics;,"Department of Ophthalmology and Otorhinolaryngology, Yidu Central Hospital of Weifang, Weifang, Shandong 262500, People’s Republic of China; Weifang People’s Hospital, Weifang, Shandong 262737, People’s Republic of China;",OncoTargets and Therapy,Taylor and Francis - Dove Press,China,Meijuan Chen;Zhina Xu;Yingyao Zhang;Xiujuan Zhang,,Research Article;,5/26/2023 0:00,10.2147/OTT.S422927,37261081.0,11/6/2019 0:00,10.2147/OTT.S216342,31819474.0,Retraction,Duplication of/in Image;Investigation by Journal/Publisher;Original Data and/or Images not Provided and/or not Available;Paper Mill;,No,,,"The aberrant expression of long noncoding RNAs (lncRNAs) indicates progression of various diseases. LINC00958 has been well studied in several types of human cancer; however, the expression profile, functions, and potential mechanism of action of this lncRNA in nasopharyngeal carcinoma (NPC) remain largely unclear and still need to be elucidated. In the present study, we aimed to measure LINC00958 expression in NPC, determine its clinical value, and explore its roles in NPC progression as well as the mechanisms behind these processes. The expression profile of LINC00958 in NPC was evaluated by reverse-transcription quantitative polymerase chain reaction (RT-qPCR). A series of functional assays, including the Cell Counting Kit-8 assay, flow cytometry, a Transwell assay, and an in vivo nude mouse model, were utilized to determine the participation of LINC00958 in the malignancy of NPC. LINC00958 was found to be upregulated in NPC tissue specimens and cell lines. The LINC00958 overexpression significantly correlated with tumor size, lymph node status, TNM stage, and worse overall survival among NPC patients. Downregulation of LINC00958 suppressed NPC cell proliferation, migration, and invasion and induced apoptosis in vitro. Additionally, the LINC00958 knockdown impaired tumor growth in vivo. Mechanistically, LINC00958 was found to serve as a molecular sponge of microRNA-625 (miR-625), thereby upregulating NUAK family SNF1-like kinase 1 (NUAK1) in NPC cells. Lastly, rescue experiments validated the involvement of the miR-625-NUAK1 axis in LINC00958-mediated biological functions in NPC. Our results demonstrated that LINC00958 works as an oncogene in NPC and plays a key role in the malignant phenotype of NPC cells by sponging miR-625 and increasing NUAK1 expression. The LINC00958-miR-625-NUAK1 pathway might be a target for anticancer therapy in patients with NPC.",ok_via_pubmed,LINC00958 Promotes the Malignancy of Nasopharyngeal Carcinoma by Sponging microRNA-625 and Thus Upregulating NUAK1 [Retraction],crossref,[],False,True,YES
45352.0,MiR-138-5p Inhibits the Proliferation of Gastric Cancer Cells by Targeting DEK,(BLS) Biology - Cancer;(BLS) Biology - Cellular;(BLS) Genetics;,"Department of General Surgery, People’s Hospital of Yichun City, Yichun, Jiangxi 336000, People’s Republic of China; Department of General Surgery, The First Affiliated Hospital of Nanchang University, Nanchang, Jiangxi Province 336000, People’s Republic of China;",Cancer Management and Research,Taylor and Francis - Dove Press,China,Wei Zhang;Kai Liao;Dongning Liu,,Research Article;,6/9/2023 0:00,10.2147/CMAR.S424973,37325187.0,9/8/2020 0:00,10.2147/CMAR.S253777,32982411.0,Retraction,Duplication of/in Image;Investigation by Third Party;Original Data and/or Images not Provided and/or not Available;Paper Mill;,No,see also: https://pubpeer.com/publications/5AF4D7A4987E296373137741B111A5,,"Increasing evidence suggests that microRNAs (miRNAs) play critical roles in cancer progression. Therefore, investigating the function of miRNAs that are aberrantly expressed in gastric cancer (GC) and characterizing the involved underlying mechanism are essential for the treatment of gastric cancer. MiR-138-5p was found to be down-regulated in multiple cancers, which acted as a tumor suppressor in cancer progression; however, whether and how miR-138-5p regulates the malignant behaviors of GC has not been fully understood. The level of miR-138-5p in GC tissues and cell lines was detected by RT-qPCR. The effects of miR-138-5p on the growth of GC cells were evaluated by the in vitro Cell Counting Kit-8 (CCK-8) assay, cell apoptosis, cell cycle analysis, wound-healing assay, and in vivo xenograft mice model. The targets of miR-138-5p were predicted using the miRDB online tool, confirmed by luciferase report assay and Western blot. MiR-138-5p was frequently decreased in GC tissues and cell lines. Decreased expression of miR-138-5p was significantly associated with the lymph node metastasis of GC patients. Overexpression of miR-138-5p suppressed GC cell proliferation, migration, increased cell apoptosis as well as inhibited the tumor growth in vivo. DEK oncogene was predicted as a potential target of miR-138-5p. MiR-138-5p bound the 3'-UTR of DEK and inhibited the level of DEK in GC cells. Restoration of DEK abrogated miR-138-5p overexpression-mediated suppression of GC cell proliferation and cell cycle arrest. Our results demonstrated the anti-cancer role of miR-138-5p in GC by targeting DEK, which suggested miR-138-5p as a potential therapeutic target for the treatment of patient with GC.",ok_via_pubmed,MiR-138-5p Inhibits the Proliferation of Gastric Cancer Cells by Targeting DEK [Retraction],crossref,[],False,True,YES
45014.0,"TRIM11 overexpression promotes proliferation, migration and invasion of lung cancer cells",(BLS) Biology - Cancer;(BLS) Biology - Cellular;(BLS) Genetics;,"Department of Thoracic Surgery, Northern Jiangsu People’s Hospital and Clinical Medical College of Yangzhou University Yangzhou, No. 98 Nantong West Road, Yangzhou, 225001, People’s Republic of China;",Journal of Experimental & Clinical Cancer Research: (CR),Springer - Biomed Central (BMC),China,Xiaolin Wang;Weiping Shi;Hongcan Shi;Shichun Lu;Kang Wang;Chao Sun;Jiansheng He;Weiguo Jin;Xiaoxia Lv;Hui Zou;Yusheng Shu,,Research Article;,6/1/2023 0:00,10.1186/s13046-023-02721-1,37264372.0,6/21/2016 0:00,10.1186/s13046-016-0379-y,27329103.0,Retraction,Concerns/Issues about Image;Duplication of/in Image;Investigation by Third Party;Paper Mill;Unreliable Results and/or Conclusions;,No,see also: https://pubpeer.com/publications/FEC5120E859FD4598B43E067975A41,,"Abstract Background Tripartite Motif Containing 11 (TRIM11), a member of TRIM proteins, is overexpressed in high-grade gliomas and plays an oncogenic function in glioma biology. However, little is known about the role of TRIM11 in lung cancer. Methods We analyzed TRIM11 mRNA expression in lung cancer tissues and adjacent non-neoplastic tissues by real-time PCR. We then explored the function of TRIM11 in lung cancer cells by small interfering RNA-mediated downregulation of this protein followed by analyses of cell proliferation, migration and invasion. Results TRIM11 was highly expressed in lung cancer tissues and lung cancer cell lines. The higher expression of TRIM11 was correlated with the poorer prognosis of patients. Suppressing of TRIM11 expression in lung cancer cells with higher expression of TRIM11 (A549 and NCI-H446 cells) significantly reduced cell growth, motility and invasiveness. We further demonstrated that knockdown of TRIM11 affected the expression of cell proliferation-related proteins (Cyclin D1 and PCNA), and epithelial-mesenchymal transformation-related proteins (VEGF, MMP-2, MMP-9, Twist1, Snail and E-cadherin). The activity of ERK and PI3K/AKT was also suppressed in TRIM11 knocked down cells. Further experiments in lung cells with lower expression of TRIM11 (NCI-H460 and NCI-H1975 cells) with AKT inhibitor suggested that TRIM11 may promote cell motility and invasiveness through AKT pathway. Conclusions Our results indicate that TRIM11 acts as an oncogene in lung cancer through promoting cell growth, migration and invasion. Our findings may have important implication for the detection and treatment of lung cancer.",ok,"Retraction Note: TRIM11 overexpression promotes proliferation, migration and invasion of lung cancer cells",crossref,[],False,True,YES
44871.0,circ_001504 promotes the development of renal cell carcinoma by sponging microRNA-149 to increase NUCB2,(BLS) Biology - Cancer;(BLS) Biology - Cellular;(BLS) Genetics;,"Jilin University, 130000, Changchun, P. R. China; Department of Radiology, the Second Hospital of Jilin University, 130000, Changchun, P. R. China; Department of Respiratory and Critical Diseases, the Second Hospital of Jilin University, 130000, Changchun, P. R. China; Department of Ultrasound, the First Hospital of Jilin University, 130000, Changchun, P. R. China; Department of Radiation Protection, School of Public Health, Jilin University, 130000, Changchun, P. R. China;",Cancer Gene Therapy,Springer - Nature Publishing Group,China,Rui Xin;Danhua Qu;Huiying Xu;Dawei Chen,,Research Article;,5/9/2023 0:00,10.1038/s41417-023-00630-1,37248435.0,10/27/2020 0:00,10.1038/s41417-020-00247-8,33110207.0,Retraction,Author Unresponsive;Concerns/Issues about Image;Duplication of/in Image;Investigation by Third Party;Paper Mill;Unreliable Results and/or Conclusions;,No,see also: https://pubpeer.com/publications/8465EB229CB11476AC5FB556DB8F3F,,"Renal cell carcinoma (RCC) accounts for over 90% of primary renal tumors in adults. Although treatment approaches have steadily improved over the years, the prognosis outcome remains poor. With the aim of developing novel targets for RCC treatment, we explored the role of the circular RNA (circRNA) circ_001504 in the progression of RCC. We initially detected the expression of circ_001504 and microRNA (miRNA)-149 in RCC tissues and cells. RT-qPCR results showed that circ_001504 was highly expressed in RCC tissues, whereas miR-149 was poorly expressed. Interestingly, downregulation of circ_001504 suppressed malignant phenotypes in RCC cells, and upregulation of miR-149 exerted a similar effect. Bioinformatics analysis suggested potential binding sites between circ_001504 and miR-149, verified by a dual-luciferase reporter gene assay. Next, we identified nucleobindin 2 (NUCB2), a calcium-binding protein, as a target gene of miR-149. Furthermore, our data suggested that circ_001504 might serve as a competing endogenous RNA of miR-149, serving to elevate the expression of NUCB2. The silencing of circ_001504 resulted in decreased NUCB2 expression, which could be reversed by miR-149 inhibition. In addition, in vivo experiments demonstrated that circ_001504 depletion could suppress tumor growth in an established mouse RCC model. Collectively, reduced expression of circ_001504 lowered NUCB2 expression by sponging miR-149, thereby attenuating RCC progression, providing insight into circ_001504/miR-149/NUCB2 feedback loop into RCC treatment.",ok_via_pubmed,Retraction Note: circ_001504 promotes the development of renal cell carcinoma by sponging microRNA-149 to increase NUCB2,crossref,[],False,True,YES
44689.0,LINC00565 Enhances Proliferative Ability in Endometrial Carcinoma by Downregulating KLF9,(BLS) Biology - Cancer;(BLS) Biology - Cellular;(BLS) Genetics;,"Department of Ophthalmology, Yantai Yuhuangding Hospital, Yantai 264000, People’s Republic of China; Department of Obstetrics and Gynecology, Yantai Yuhuangding Hospital, Yantai 264000, People’s Republic of China; Department of the Outpatient, Yantai Yuhuangding Hospital, Yantai, People’s Republic of China;",OncoTargets and Therapy,Taylor and Francis - Dove Press,China,Xiuyan Yin;Xiaohong Li;Guijiao Feng;Yuejie Qu;Hong Wang,,Research Article;,5/15/2023 0:00,10.2147/OTT.S421093,37216143.0,6/29/2020 0:00,10.2147/OTT.S249133,32636642.0,Retraction,Investigation by Third Party;Paper Mill;Unreliable Results and/or Conclusions;,No,see also: https://pubpeer.com/publications/A50ADAF95A2F57037C70CAB315FC11,,"To detect LINC00565 expression level in endometrial carcinoma (EC) samples and cell lines, and the correlations between LINC00565 and clinical features of EC patients. After intervening LINC00565, the underlying mechanism about proliferative ability in EC cell lines is observed. Relative levels of LINC00565 and KLF9 in 52 paired EC and paracancerous tissues were detected by quantitative real-time polymerase chain reaction (qRT-PCR). The relationship between relative level of LINC00565 or KLF9 and clinical features of EC patients was analyzed. After knockdown of LINC00565 and KLF9, potential regulations of them on biological functions of EC were examined by Cell Counting Kit (CCK-8), colony formation assay and in vivo xenograft model in nude mice, respectively. At last, dual-luciferase reporter assay and rescue experiments were conducted to illustrate the mechanisms of LINC00565 and KLF9 in mediating the development of EC. LINC00565 was upregulated in EC tissues. Chi-square analysis showed that a high level of LINC00565 predicted large tumor size, advanced pathological staging and poor prognosis in EC. Silence of LINC00565 decreased proliferative ability in EC cells and tumor growth in nude mice bearing EC. KLF9 was the target gene of LINC00565. The negative interaction between LINC00565 and KLF9 was responsible for stimulating the malignant development of EC. Knockdown of KLF9 could abolish the regulatory effects of silenced LINC00565 on proliferative ability and tumorigenesis in EC. LINC00565 is upregulated in EC tissues and closely linked to tumor size, pathological staging and poor prognosis in EC patients. LINC00565 stimulates proliferative ability in EC by downregulating KLF9.",ok_via_pubmed,LINC00565 Enhances Proliferative Ability in Endometrial Carcinoma by Downregulating KLF9 [Retraction],crossref,[],False,True,YES
44567.0,"Portulacerebroside a Inhibits Adhesion, Migration, and Invasion of Human Leukemia HL60 Cells and U937 Cells through the Regulation of p38/JNK Signaling Pathway",(BLS) Biology - Cancer;(BLS) Biology - Cellular;(BLS) Toxicology;,"Department of Hematology, Shanghai Children’s Hospital, Shanghai Jiao Tong University, Shanghai, People’s Republic of China;",OncoTargets and Therapy,Taylor and Francis - Dove Press,China,Qidong Ye;Xuelian Liao;Pan Fu;Jiaying Dou;Kai Chen;Hui Jiang,,Research Article;,3/16/2023 0:00,10.2147/OTT.S412630,36960309.0,11/11/2016 0:00,10.2147/OTT.S117523,27956839.0,Retraction,Author Unresponsive;Concerns/Issues about Data;Duplication of/in Image;Investigation by Journal/Publisher;Investigation by Third Party;Original Data and/or Images not Provided and/or not Available;Paper Mill;,No,see also: https://pubpeer.com/publications/25769A92785A91D9A515D0D7F9285B,,"Acute myeloid leukemia (AML) is a highly malignant hematopoietic tumor. This study aimed to explore the effect of portulacerebroside A (PCA) on the adhesion, migration, and invasion in human leukemia HL60 cells and U937 cells and clarify the possible mechanisms involved, which could provide potential strategies for the treatment of AML. By methyl thiazolyl tetrazolium analysis, it was found that PCA (1-10 μM) suppressed the cell viability in a time- and dose-dependent manner. A total of 1, 2, and 5 μM of PCA dramatically inhibited the adhesion, migration, and invasion of HL60 cells and U937 cells in a dose-dependent manner. Phosphorylation level of JNK and P38 protein level was measured by Western blot. After the real-time quantification polymerase chain reaction and Western blot detection of the total RNA and protein, messenger RNA, and protein expression levels of Ras homologous C (RhoC), metastasis-associated gene 1 (MTA1) and matrix metalloproteinase-2/9 (MMP-2/9) were decreased significantly in a dose-dependent manner. The phosphorylation level of c-Jun N-terminal kinase (JNK) and P38 mitogen-activated protein kinase (P38) was decreased dramatically in HL60 cells and U937 cells after PCA treatment. In conclusion, PCA significantly inhibits the adhesion, migration, and invasion of HL60 cells and U937 cells by suppressing the p38/JNK pathway and regulating the expressions of related genes.",ok_via_pubmed,"Portulacerebroside a Inhibits Adhesion, Migration, and Invasion of Human Leukemia HL60 Cells and U937 Cells through the Regulation of p38/JNK Signaling Pathway [Retraction]",crossref,[],False,True,YES
44559.0,Overexpression of NR4A1 is associated with tumor recurrence and poor survival in non-small-cell lung carcinoma,(BLS) Biology - Cancer;(BLS) Biology - Cellular;(BLS) Genetics;,"Department of Cardiothoracic Surgery, The Second Affiliated Hospital of Chongqing Medical University, Chongqing 400010, P.R. China; Central Laboratory, Handan Infectious Diseases Hospital, Handan 056002, P.R. China; Department of General Practice, The Second Hospital of Hebei Medical University, Shijiazhuang 050000, P.R. China;",Oncotarget,Impact Journals,China,Bing Zhu;Jian Ru Yang;Yang Jia;Pei Zhang;Lin Shen;Xiao Long Li;Jing Li;Bing Wang,,Research Article;,3/24/2023 0:00,10.18632/oncotarget.28396,36961911.0,12/8/2017 0:00,10.18632/oncotarget.23048,29371962.0,Retraction,Duplication of/in Article;Investigation by Journal/Publisher;Investigation by Third Party;Paper Mill;,No,see aslo: https://pubpeer.com/publications/1D3EFEEE1E55BFC3B47D193AEFECE6,,"The expression level and clinical significance of NR4A1 are presently unknown in the non-small-cell lung carcinoma (NSCLC). This study aimed to explore the expression, prognostic value, and function of NR4A1 in NSCLC. Clinicopathological parameters of 167 NSCLC patients who received radical surgery from January 2007 and December 2012 were retrospectively reviewed. The NR4A1 expression in NSCLC tumors and the adjacent matched para-carcinoma specimens were examined, and the association between NR4A1 expression and clinical variables was explored. Cell viability assay, and transwell migration and invasion assays were used to access the function of NR4A1 in NSCLC. Kaplan-Meier analysis and Cox regression were performed to investigate the prognostic significance of NR4A1 for NSCLC. NR4A1 was overexpressed in NSCLC tissues compared with the para-carcinoma specimens. Consistently, Oncomine analysis showed that NR4A1 was overexpressed in NSCLC tissues compared with normal tissues in published datasets (P < 0.001). The elevated NR4A1 expression was associated with carcinoma recurrence (P < 0.05). The 5-year median overall survival (OS) and progression free survival (PFS) were significantly poorer in the NR4A1-overexpression group. Multivariate Cox analysis showed that NR4A1 overexpression was an independent factor for OS (HR, 95%CI: P < 0.05) and PFS (HR, 95%CI: P < 0.05) in NSCLC. Moreover, knockdown of NR4A1 significantly reduced NSCLC cell proliferation, migration, and invasion. NR4A1 exhibits a tumor-promoting effect on NSCLC, and might serve as a promising prognostic biomarker and a therapeutic target for NSCLC.",ok_via_pubmed,Retraction: Overexpression of NR4A1 is associated with tumor recurrence and poor survival in non-small-cell lung carcinoma,crossref,[],False,True,UNCLEAR
44498.0,KIF4A Promotes Clear Cell Renal Cell Carcinoma (ccRCC) Proliferation in vitro and in vivo,(BLS) Biology - Cancer;(BLS) Biology - Cellular;(BLS) Genetics;,"Department of Urology, Shanxi Bethune Hospital, Shanxi Academy of Medical Sciences, Taiyuan City, Shanxi Province 030032, People’s Republic of China; Education and Research Center, Taiyuan Radio and Television University, Taiyuan City, Shanxi Province 030024, People’s Republic of China; Department of Urolith Center, Tianjin Institute of Urology, The Second Hospital of Tianjin Medical University, Tianjin 300211, People’s Republic of China;",OncoTargets and Therapy,Taylor and Francis - Dove Press,China,Guang Hua Yang;Zhi Xing Ren;Xiong Yang;Yan Gang Zhang,,Research Article;,5/9/2023 0:00,10.2147/OTT.S419867,37192931.0,3/31/2020 0:00,10.2147/OTT.S240734,32280241.0,Retraction,Duplication of/in Image;Investigation by Journal/Publisher;Investigation by Third Party;Paper Mill;,No,see also: https://pubpeer.com/publications/A48B11101643C10C6682D02A62DB6B,,"To evaluate the expression in human clear cell renal cell carcinoma (ccRCC) tissues and explore the effects of kinesin family member 4A (KIF4A) on ccRCC progression. GEPIA was used to evaluate the mRNA levels of KIF4A in human ccRCC tissues from TCGA database, and Immunohistochemistry (IHC) assays were performed to assess its expression in human ccRCC tissues collected in our hospital. The clinical-pathological analysis was performed to explore the correlation with KIF4A expression. The effects of KIF4A on ccRCC cell proliferation were detected through colony formation and MTT assays. Finally, the effects of KIF4A on tumor growth were measured using a mice model. Bioinformation results showed the expression of KIF4A mRNA was upregulated in ccRCC tissues and high expression of KIF4A was related with poor prognosis in ccRCC patients. We also found a high expression of KIF4A in human ccRCC tissues collected in our hospital. We also found its expression level was correlated with clinical characteristics, including T stage (P=0.035*) and lymphatic metastasis (P=0.028*). We further confirmed that knockdown of KIF4A suppressed cell proliferation in HTB-47 and CRL-1932 cells. Furthermore, KIF4A contributes to tumor growth of ccRCC cells in mice. We found the abnormal high expression of KIF4A in human ccRCC tissues and demonstrated that KIF4A could serve as a tumor induction gene.",ok_via_pubmed,KIF4A Promotes Clear Cell Renal Cell Carcinoma (ccRCC) Proliferation in vitro and in vivo [Retraction],crossref,[],False,True,YES
44096.0,MicroRNA-296 Targets Specificity Protein 1 to Suppress Cell Proliferation and Invasion in Cervical Cancer,(BLS) Biology - Cellular;(BLS) Biology - Molecular;(BLS) Genetics;(HSC) Medicine - Obstetrics/Gynecology;(HSC) Medicine - Oncology;,"Department of Oncology and Hematology, The Second Hospital of Jilin University, Changchun, Jilin, P.R. China; Department of Digestive Endoscopy, The Second Hospital of Jilin University, Changchun, Jilin, P.R. China",Oncology Research Featuring Preclinical and Clinical Cancer Therapeutics,Ingenta,China,Lili Liv;Xiaodong Wang,,Research Article;,9/7/2021 0:00,10.3727/096504021X16261699250204,34503611.0,6/11/2018 0:00,10.3727/096504017x15132494420120,29241478.0,Retraction,Contamination of Cell Lines/Tissues;Investigation by Third Party;Paper Mill;Unreliable Results and/or Conclusions;,No,See also: https://pubpeer.com/publications/581D5C52B936D69C7947ABE3D76BDF (Direct Target papermill),,"Cervical cancer is the third most commonly diagnosed malignancy and the fourth leading cause of cancer-related deaths in women worldwide. MicroRNA-296 (miR-296) is aberrantly expressed in a variety of human cancer types. However, the expression levels, biological roles, and underlying molecular mechanisms of miR-296 in cervical cancer remain unclear. This study aimed to detect miR-296 expression in cervical cancer and evaluate its roles and underlying mechanisms in cervical cancer. This study demonstrated that miR-296 was significantly downregulated in cervical cancer tissues and cell lines. Restoring the expression of miR-296 inhibited the proliferation and invasion of cervical cancer cells. Moreover, miR-296 directly targeted the 3'-untranslated regions of specificity protein 1 (SP1) and decreased its endogenous expression at both the mRNA and protein levels. Similar to induced miR-296 expression, SP1 knockdown suppressed the proliferation and invasion of cervical cancer cells. Besides, resumption expression of SP1 rescued the tumor-suppressing roles of miR-296 in cervical cancer. These results indicated that miR-296 may act as a tumor suppressor in cervical cancer by directly targeting SP1. Therefore, SP1 may be developed as a therapeutic target for the treatment of patients with this malignancy.",ok_via_pubmed,"MicroRNA-296 Targets Specificity Protein 1 to Suppress Cell Proliferation and Invasion in Cervical Cancer [
                    <i>Oncology Research</i>
                    26(5) (2018) 775783]",crossref,[],False,True,YES
44073.0,LncRNA NEAT1 enhances the radio-resistance of cervical cancer via miR-193b-3p/CCND1 axis,(BLS) Biology - Cancer;(BLS) Biology - Cellular;(BLS) Genetics;(HSC) Radiology/Imaging;,"Department of Radiation Oncology, China-Japan Union Hospital of Jilin University, Changchun 130033, China",Oncotarget,Impact Journals,China,Dongmei Han;Jianfeng Wang;Guanghui Cheng,,Research Article;,4/24/2023 0:00,10.18632/oncotarget.28416,37097002.0,12/18/2017 0:00,10.18632/oncotarget.23416,29416780.0,Retraction,Duplication of/in Image;Paper Mill;Unreliable Data;,No,see also: https://pubpeer.com/publications/0CB07688AC2A58E95B67EE0745BB48,,"LncRNAs have become a hot topic in various cancer-related researches. Radio-resistance is a great threat for cancer therapy. However, how lncRNAs affect the radio-resistance in cervical cancer is masked. As for our paper, it was discovered that NEAT1 was highly expressed in cervical cancer tissues and non-sensitive tissues as well as radio-resistant cell lines. And the overexpression of NEAT1 accelerated proliferation, while the knockdown of NEAT1 had the opposite result. The effect of NEAT1 on cell proliferation was dependent on the dose of ionizing radiation. And the silence of NEAT1 also caused cell cycle arrest in G0/G1 phase, and triggered more apoptosis, indicating the oncogenic role of NEAT1 in cervical cancer. Next, mechanistic assays affirmed that NEAT1 could function as a ceRNA to regulate cyclin D1 through sponging miR-193b-3p in cervical cancer. Rescue assays were employed to validate that miR-193b-3p and cyclin D1 could inhibit NEAT1-mediated suppressive effect on proliferation, and its stimulative effect on cell cycle arrest and apoptosis. In general, this article disclosed that NEAT1 could facilitate the radio-resistance of cervical cancer via competitively binding miR-193b-3p to up-regulate the expression of cyclin D1.",ok_via_pubmed,Retraction: LncRNA NEAT1 enhances the radio-resistance of cervical cancer via miR-193b-3p/CCND1 axis,crossref,[],False,True,YES
44023.0,Melatonin enhances TNF-α-mediated cervical cancer HeLa cells death via suppressing CaMKII/Parkin/mitophagy axis,(BLS) Biology - Cancer;(BLS) Biology - Cellular;(BLS) Toxicology;,"Department of Obstetrics and Gynecology, The Second Affiliated Hospital of Zhengzhou University, No.2 Jinba Road, Zhengzhou, 450014, China;",Cancer Cell International,Springer - Biomed Central (BMC),China,Qinghe Zhao;Wuliang Wang;Jinquan Cui,,Research Article;,4/20/2023 0:00,10.1186/s12935-023-02922-w,37081507.0,3/14/2019 0:00,10.1186/s12935-019-0777-2,30923460.0,Retraction,Duplication of/in Image;Original Data and/or Images not Provided and/or not Available;Paper Mill;,No,see also: https://pubpeer.com/publications/0F23FFF91D205161CF8C0B65AD64EB,,"Abstract Background Tumor necrosis factor-α (TNF-α) immunotherapy controls the progression of human cervical cancer. Here, we explored the detailed molecular mechanisms played by melatonin in human cervical cancer (HeLa cells) death in the presence of TNF-α injury, with a particular attention to the mitochondrial homeostasis. Methods HeLa cells were incubated with TNFα and then cell death was determined via MTT assay, TUNEL staining, caspase ELISA assay and western blotting. Mitochondrial function was detected via analyzing mitochondrial membrane potential using JC-1 staining, mitochondrial oxidative stress using flow cytometry and mitochondrial apoptosis using western blotting. Results Our data exhibited that treatment with HeLa cells using melatonin in the presence of TNF-α further triggered cancer cell cellular death. Molecular investigation demonstrated that melatonin enhanced the caspase-9 mitochondrion death, repressed mitochondrial potential, increased ROS production, augmented mPTP opening rate and elevated cyt-c expression in the nucleus. Moreover, melatonin application further suppressed mitochondrial ATP generation via reducing the expression of mitochondrial respiratory complex. Mechanistically, melatonin augmented the response of HeLa cells to TNF-α-mediated cancer death via repressing mitophagy. TNF-α treatment activated mitophagy via elevating Parkin expression and excessive mitophagy blocked mitochondrial apoptosis, ultimately alleviating the lethal action of TNF-α on HeLa cell. However, melatonin supplementation could prevent TNF-α-mediated mitophagy activation via inhibiting Parkin in a CaMKII-dependent manner. Interestingly, reactivation of CaMKII abolished the melatonin-mediated mitophagy arrest and HeLa cell death. Conclusions Overall, our data highlight that melatonin enhances TNF-α-induced human cervical cancer HeLa cells mitochondrial apoptosis via inactivating the CaMKII/Parkin/mitophagy axis.",ok,Retraction Note: Melatonin enhances TNF-α-mediated cervical cancer HeLa cells death via suppressing CaMKII/Parkin/mitophagy axis,crossref,[],False,True,UNCLEAR
43945.0,Large tumor suppressor kinase 2 overexpression attenuates 5-FU-resistance in colorectal cancer via activating the JNK-MIEF1-mitochondrial division pathway,(BLS) Biochemistry;(BLS) Biology - Cancer;(BLS) Biology - Cellular;,"Department of Gastroenterology, Beijing Friendship Hospital, Capital Medical University, National Clinical Research Center for Digestive Disease, Beijing Digestive Disease Center, Beijing Key Laboratory for Precancerous Lesion of Digestive Disease, No. 95, Yong’an Road, Xicheng District, Beijing, 100050, People’s Republic of China;",Cancer Cell International,Springer - Biomed Central (BMC),China,Weilong Yao;Shengtao Zhu;Peng Li;Shutian Zhang,,Research Article;,4/17/2023 0:00,10.1186/s12935-023-02920-y,37069630.0,4/11/2019 0:00,10.1186/s12935-019-0812-3,31011291.0,Retraction,Concerns/Issues about Data;Duplication of/in Image;Investigation by Third Party;Paper Mill;Unreliable Data;Unreliable Results and/or Conclusions;,No,see also: https://pubpeer.com/publications/606E1A9EA37083B4D72253B298D2A3,,"Abstract Background 5-Fluorouracil (5-FU) is a standard treatment for colorectal cancer, but most patients develop 5-FU resistance. Here, we conducted experiments to identify an effective approach to augment 5-FU-based treatment in colorectal cancer in vitro. Methods SW480 cells were in the present study and treated with 5-FU. Besides, LATS2 adenovirus vectors were infected into SW480 cells. Western blotting, immunofluorescence and ELISA were used to evaluate cell death and mitochondrial function. Pathway blocker was used to verify the role of MAPK-JNK pathway in SW480 cell death. Results An obvious drop in large tumor suppressor kinase 2 (LATS2) expression was observed in SW480 cells after treatment with 5-FU. In addition, upregulation of LATS2 expression through infection with LATS2 adenovirus further increased the reduction of SW480 cell viability induced by 5-FU. Functional exploration showed that 5-FU treatment suppressed mitochondrial membrane potential, enhanced cyt-c release into the nucleus, induced an oxidative injury environment by promoting ROS production, and eventually upregulated Bax-related mitochondrial apoptosis. Besides, LATS2 overexpression in combination with 5-FU treatment further perturbed mitochondrial homeostasis, and this effect was achieved by elevating mitochondrial division. Mechanistically, LATS2 overexpression and 5-FU co-treatment amplified mitochondrial division by upregulating MIEF1 expression in a manner dependent on MAPK-JNK axis. Knockdown of MIEF1 using an siRNA-mediated loss of function assay and/or inhibition of the MAPK-JNK pathway using the specific inhibitor SP600125 abolished LATS2/5-FU-mediated deleterious effects on mitochondrial performance and SW480 cell viability. Conclusions In light of the above findings, LATS2 downregulation could be a potential mechanism of low response to 5-FU treatment. Overexpression of LATS2 to further disrupt mitochondrial function via the JNK-MIEF1 signalling pathway might be a method to optimize 5-FU-based chemotherapy.",ok,Retraction Note: Large tumor suppressor kinase 2 overexpression attenuates 5-FU-resistance in colorectal cancer via activating the JNK-MIEF1-mitochondrial division pathway,crossref,[],False,True,YES
43944.0,Mst1 overexpression combined with Yap knockdown augments thyroid carcinoma apoptosis via promoting MIEF1-related mitochondrial fission and activating the JNK pathway,(BLS) Biology - Cancer;(BLS) Biology - Cellular;(BLS) Genetics;,"Department of General Surgery, Xuanwu Hospital, Capital Medical University, #45, Chang Chun Street, Beijing, 100053, China;",Cancer Cell International,Springer - Biomed Central (BMC),China,Xiaoli Zhang;Fei Li;Yeqing Cui;Shuang Liu;Haichen Sun,,Research Article;,4/17/2023 0:00,10.1186/s12935-023-02921-x,37069660.0,5/22/2019 0:00,10.1186/s12935-019-0860-8,31139020.0,Retraction,Duplication of/in Image;Investigation by Third Party;Paper Mill;Unreliable Data;,No,see also: https://pubpeer.com/publications/DE4D1CEB73383789A4912E0DCB2960,,"Abstract Background Cancer cell viability is strongly modulated by the Hippo pathway, which includes mammalian STE20-like protein kinase 1 (Mst1) and yes-associated protein (Yap). Although the roles of Mst1 and Yap in thyroid carcinoma cell death have been fully addressed, no study has determined whether differential modification of Mst1 and Yap could further suppress thyroid carcinoma progression. The aim of our study was to explore the antiapoptotic effects exerted by combined Mst1 overexpression and Yap knockdown in thyroid carcinoma MDA-T32 cells in vitro. Methods Mst1 adenovirus and Yap shRNA were transfected into MDA-T32 cells to overexpress Mst1 and inhibit Yap, respectively. Cell viability and death were determined via an MTT assay, a TUNEL assay and western blotting. Mitochondrial function, mitochondrial fission and pathway studies were performed via western blotting and immunofluorescence. Results The results of our study showed that combined Mst1 overexpression and Yap knockdown further augmented MDA-T32 cell death by mediating mitochondrial damage. In addition, cancer cell migration and proliferation were suppressed by combined Mst1 overexpression and Yap knockdown. At the molecular level, mitochondrial membrane potential, ATP production, respiratory function, and caspase-9-related apoptosis were activated by combined Mst1 overexpression and Yap knockdown. Further, we found that fatal mitochondrial fission was augmented by combined Mst1 overexpression and Yap knockdown in a manner dependent on the JNK-MIEF1 pathway. Inhibition of JNK-MIEF1 pathway activity abolished the proapoptotic effects exerted by Mst1/Yap on MDA-T32 cells. Conclusions Taken together, our data suggest that Mst1 activation and Yap inhibition coordinate to augment thyroid cancer cell death by controlling the JNK-MIEF1-mitochondria pathway, suggesting that differential regulation of the core Hippo pathway components is potentially a novel therapeutic tool for the treatment of thyroid cancer.",ok,Retraction Note: Mst1 overexpression combined with Yap knockdown augments thyroid carcinoma apoptosis via promoting MIEF1-related mitochondrial fission and activating the JNK pathway,crossref,[],False,True,YES
43808.0,MicroRNA-143-3p Suppresses Tumorigenesis by Targeting Catenin-δ1 in Colorectal Cancer,(BLS) Biology - Cancer;(BLS) Biology - Cellular;(BLS) Genetics;,"School of Inspection and Imaging, Sanquan College of Xinxiang Medical University, 453003, Henan, China; Department Two of Thoracic Diseases, Xinxiang Central Hospital, 453003, Henan, China; School of Laboratory Medicine, Xinxiang Medical University, 453003, Henan, China;",OncoTargets and Therapy,Taylor and Francis - Dove Press,China,Xiaohua Ding;Jiying Du;Kai Mao;Xiaoyu Wang;Yuange Ding;Fanping Wang,,Research Article;,4/6/2023 0:00,10.2147/OTT.S415732,37051318.0,5/1/2019 0:00,10.2147/OTT.S184118,31118676.0,Retraction,Concerns/Issues about Data;Concerns/Issues about Image;Duplication of/in Image;Investigation by Third Party;Paper Mill;Unreliable Results and/or Conclusions;,No,see also: https://pubpeer.com/publications/615AA47BF2372CF627B75D6D056EC7,,"Colorectal cancer (CRC) is the third most common malignancy in the United States. Mounting microRNAs (miRNAs) have been identified as oncogenes or tumor suppressors in various cancers including CRC. The levels of microRNA-143-3p (miR-143-3p) and catenin-δ1 (CTNND1) were determined by RT-qPCR assay. Cell proliferative ability was assessed by Cell Counting Kit-8 assay. Cell migratory and invasive capacities were measured by transwell migration and invasion assay. Luciferase reporter assay was conducted to explore whether miR-143-3p could bind with CTNND1 3'UTR. CTNND1 protein level was determined through Western blot assay. Mouse xenograft models of CRC were established to test the functions and molecular basis of miR-143-3p in the development of CRC in vivo. Low amounts of miR-143-3p were expressed in CRC tissues and cells. Functional analysis revealed that miR-143-3p overexpression suppressed cell proliferation, migration and invasion in CRC. Molecular mechanism exploration indicated that miR-143-3p directly targeted CTNND1. Moreover, enforced expression of CTNND1 contributed to cell proliferation, migration and invasion in CRC, and CTNND1 silencing exerted opposite effects. Restoration experiments disclosed that CTNND1 upregulation weakened the inhibitory effects of miR-143-3p on CRC cell proliferation, migration and invasion. Additionally, miR-143-3p inhibited the growth of HCT116-derived xenograft tumors by targeting CTNND1 in vivo. miR-143-3p hampered the development and progression of CRC by targeting CTNND1 in vitro and in vivo, deepening our understanding of the functions and molecular basis of miR-143-3p in the tumorigenesis of CRC and providing some candidate prognostic markers or therapeutic targets for CRC.",ok_via_pubmed,MicroRNA-143-3p Suppresses Tumorigenesis by Targeting Catenin-δ1 in Colorectal Cancer [Retraction],crossref,[],False,True,YES
43729.0,Exosome-mediated transfer of lncRNA PART1 induces gefitinib resistance in esophageal squamous cell carcinoma via functioning as a competing endogenous RNA,(BLS) Biology - Cancer;(BLS) Biology - Cellular;(BLS) Genetics;,"Department of Digestive Diseases, Affiliated Hospital of Southwest Medical University, Luzhou, Sichuan, China; Drug Discivery Research Center, Southwest Medical University, Luzhou, Sichuan, China; Molecular Medicine Experimental Center, Affiliated Hospital of Southwest Medical University, Luzhou, Sichuan, China; Department of Respiratory Medicine, Affiliated Hospital of Southwest Medical University, Luzhou, Sichuan, China;",Journal of Experimental & Clinical Cancer Research: (CR),Springer - Biomed Central (BMC),China,Min Kang;Meiping Ren;Yan Li;Yuqiong Fu;Minmin Deng;Cahngping Li,,Research Article;,4/6/2023 0:00,10.1186/s13046-023-02648-7,37024914.0,7/27/2018 0:00,10.1186/s13046-018-0845-9,30049286.0,Retraction,Duplication of/in Image;Investigation by Third Party;Paper Mill;,No,see also: https://pubpeer.com/publications/9BD896746907311EE86756127A434D,,"Abstract Background Currently, resistance to tyrosine kinase inhibitors, such as gefitinib, has become a major obstacle in improving the clinical outcome of patients with metastatic and advanced-stage esophageal squamous cell carcinoma (ESCC). While cell behavior can be modulated by long non-coding RNAs (lncRNAs), the roles of lncRNAs within extracellular vesicles (exosomes) are largely unknown. Therefore, we investigated the involvement and regulatory functions of potential lncRNAs enclosed in exosomes during formation of chemoresistance in human ESCC. Methods Gefitinib-resistant cell lines were established by continuously grafting TE1 and KYSE-450 cells into gefitinib-containing culture medium. LncRNA microarray assay followed by RT-qPCR were used to verify the differential expression of lncRNA Prostate Androgen-Regulated Transcript 1 (PART1) between gefitinib resistant and parental cell lines. RNA fluorescence in situ hybridization (FISH) was used to investigate whether extracellular PART1 could be incorporated into exosomes and transmitted to recipient cells. Subsequently, a series of in vitro assays and a xenograft tumor model were used to observe the functions of lncRNA PART1 in ESCC cells. A signal transduction reporter array, bioinformatics analysis, western blotting, and immunofluorescence were carried out to verify the regulation of PART1 and its downstream Bcl-2 signaling pathway. Results lncRNA PART1 was upregulated in gefitinib-resistant cells when compared to parental ESCC cells. It was found that STAT1 can bind to the promoter region of lncRNA PART1, resulting in its activation. Knockdown of lncRNA PART1 potently promoted the gefitinib-induced cell death, while elevated PART1 promoted gefitinib resistance by competitively binding to miR-129 to facilitate Bcl-2 expression in ESCC cells. In addition, extracellular PART1 could be incorporated into exosomes and transmitted to sensitive cells, thus disseminating gefitinib resistance. Clinically, high levels of serum lncRNA PART1 in exosome were associated with poor response to gefitinib treatment in ESCC patients. Conclusions LncRNA PART1 promotes gefitinib resistance by regulating miR-129/Bcl-2 pathway, and may serve as a therapeutic target for ESCC patients.",ok,Retraction Note: Exosome-mediated transfer of lncRNA PART1 induces gefitinib resistance in esophageal squamous cell carcinoma via functioning as a competing endogenous RNA,crossref,[],False,True,UNCLEAR
43500.0,Tripartite motif-containing 14 (TRIM14) promotes epithelial-mesenchymal transition via ZEB2 in glioblastoma cells,(BLS) Biology - Cancer;(BLS) Biology - Cellular;(BLS) Genetics;,"Department of Encephalopathy, The Third Affiliated Hospital of Nanjing University of Chinese Medicine, Nanjing, Jiangsu, China; Department of Neurosurgery, The First Affiliated Hospital of Nanjing Medical University, Nanjing, Jiangsu, China;",Journal of Experimental & Clinical Cancer Research: (CR),Springer - Biomed Central (BMC),China,Shuang Feng;Xiaomin Cai;Yangyang Li;Xiaoguang Jian;Linxin Zhang;Bin Li,,Research Article;,3/28/2023 0:00,10.1186/s13046-023-02646-9,36978192.0,2/6/2019 0:00,10.1186/s13046-019-1070-x,30728039.0,Retraction,Investigation by Third Party;Lack of IRB/IACUC Approval and/or Compliance;Manipulation of Images;Paper Mill;Unreliable Results and/or Conclusions;,No,see also: https://pubpeer.com/publications/6467FEF4200122F427B786847A9197,,"Abstract Background Several members of the tripartite motif-containing (TRIM) protein family have been reported to serve as vital regulators of tumorigenesis. Recent studies have demonstrated an oncogenic role of TRIM 14 in multiple human cancers; however, the importance of this protein in glioblastoma remains to be elucidated. Methods The expression levels of TRIM14 were analyzed in a series of database and were examined in a variety of glioblastoma cell lines. Two independent TRIM14 shRNA were transfected into LN229 and U251 cells, and the effect of TRIM14 depletion was confirmed. Transwell assay and wound healing assay assay were carried out to assess the effect of TRIM14 depletion on glioblastoma cell invasion and migration. Western blotting was performed to screen the downstream gene of TRIM14. The stability analysis and Ubiquitylation assays and Orthotopic xenograft studies were also performed to investigate the role of TRIM14 and the relationship with downstream gene. Human glioblastoma tissues were obtained and immunohistochemical staining were carried out to confirm the clinical significance of TRIM14. Results In this study, we showed that TRIM14 was upregulated in human glioblastoma specimens and cell lines, and correlated with glioblastoma progression and shorter patient survival times. Functional experiments showed that decreased TRIM14 expression reduced glioblastoma cell invasion and migration. Furthermore, we identified that zinc finger E-box binding homeobox 2 (ZEB2), a transcription factor involved in epithelial–mesenchymal transition, is a downstream target of TRIM14. Further investigation revealed that TRIM14 inactivation significantly facilitated ZEB2 ubiquitination and proteasomal degradation, which led to aggressive invasion and migration. Our findings provide insight into the specific biological role of TRIM14 in tumor invasion. Conclusions Our findings provide insight into the specific biological role of TRIM14 in tumor invasion, and suggest that targeting the TRIM14/ZEB2 axis might be a novel therapeutic approach for blocking glioblastoma.",ok,This article has been retracted. Please see the Retraction Notice for more detail: https://doi.org/10.1186/s13046-019-1070-x.,crossref,[],False,True,YES
43223.0,Methylation-induced downregulation and tumor suppressive role of microRNA-29b in gastric cancer through targeting LASP1,(BLS) Biology - Cancer;(BLS) Biology - Cellular;(BLS) Biology - Molecular;(BLS) Genetics;,"Department of Anesthesia, Second Xiangya Hospital, Central South University, Changsha, Hunan, China; Department of General Surgery, Second Xiangya Hospital, Central South University, Changsha, Hunan, China;",Oncotarget,Impact Journals,China,Hui Li;Guiqing Liu;Ke Pan;Xiongying Miao;Yong Xie,,Research Article;,3/11/2023 0:00,10.18632/oncotarget.28381,36913271.0,11/10/2017 0:00,10.18632/oncotarget.21431,29221174.0,Retraction,Concerns/Issues about Data;Duplication of/in Image;Investigation by Third Party;Paper Mill;,No,see also: https://pubpeer.com/publications/5F478453E4217D7E7776DE268A282E,,"MicroRNAs (miRs) have been demonstrated to play promoting or tumor suppressive roles in various human cancers, but the regulatory mechanism of miR-29b underlying gastric cancer development and progression still remains largely unclear. In the present study, we found that miR-29b was significantly downregulated in gastric cancer tissues and cell lines. Low expression of miR-29b was significantly associated with DNA methylation, and treatment with DNA methyltransferase inhibitor 5-Aza-20-deoxycytidine upregulated miR-29b in gastric cancer cells. In addition, both reduced miR-29b expression and miR-29b methylation were associated with disease progression and poor prognosis in gastric cancer. Restoration of miR-29b caused a reduction in gastric cancer cell proliferation, migration, and invasion, and inhibited tumor growth",ok_via_pubmed,Retraction: Methylation-induced downregulation and tumor suppressive role of microRNA-29b in gastric cancer through targeting LASP1,crossref,[],False,True,YES
43183.0,Circ_002117 binds to microRNA-370 and promotes endoplasmic reticulum stress-induced apoptosis in gastric cancer,(BLS) Biology - Cancer;(BLS) Biology - Molecular;(HSC) Medicine - Gastroenterology;(HSC) Medicine - Oncology;,"Department of the First Clinical Medical College, Lanzhou University, Lanzhou, 730000, People’s Republic of China; Department of Medical Oncology, The First Hospital of Lanzhou University, Lanzhou, 730000, People’s Republic of China; Department of Surgery, The First Hospital of Lanzhou University, Lanzhou, 730000, People’s Republic of China; Department of Gastroenterology, The First Hospital of Lanzhou University, Lanzhou, 730000, People’s Republic of China; Key Laboratory for Gastrointestinal Disease of Gansu Province, The First Hospital of Lanzhou University, Lanzhou, 730000, People’s Republic of China; Department of Oncology Surgery, The First Hospital of Lanzhou University, No. 1, Donggang West Road, Chengguan District, Lanzhou, 730000, Gansu, People’s Republic of China",Cancer Cell International,Springer,China,Nan Zhou;Hui Qiao;Miaomiao Zeng;Lei Yang;Yongning Zhou;Quanlin Guan,,Research Article;,12/13/2022 0:00,10.1186/s12935-022-02826-1,36514050.0,9/25/2020 0:00,10.1186/s12935-020-01493-4,32999631.0,Retraction,Concerns/Issues about Image;Investigation by Third Party;Paper Mill;Unreliable Results and/or Conclusions;,No,Original article is also associated with PMID 36514105,,"Abstract Background Mounting evidence implicates circular RNAs (circRNAs) in various biological processes during cancer progression. Gastric cancer is a main cause of cancer-related deaths worldwide. Herein, we aimed at investigating whether circ_002117 mediates gastric cancer progression through endoplasmic reticulum (ER) stress. Methods Bioinformatics analysis detected differentially expressed circRNAs and their target miRNA candidates, and RT-qPCR was performed to detect expression of circ_002117, microRNA (miRNA)-370 and HERPUD1 in gastric cancer tissues and cells. Gastric cancer cells were transfected with plasmids and their proliferative ability and apoptosis were detected with gain- and loss-of-function assay. The ER of treated cells was observed under a transmission electron microscope. Dual-luciferase reporter gene assay and RIP were performed to detect the interaction between HEPRUD1, miR-370 and circ_002117-treated cells were injected into mice to establish xenograft tumor model. Results Circ_002117 and HEPRUD1 were poorly expressed whereas miR-370 was highly expressed in clinical cancer tissues and cells. Circ_002117 was indicated to target and suppress miR-370 expression, while HERPUD1 was directly targeted by miR-370. Circ_002117 overexpression or miR-370 deficiency promoted ER stress-induced apoptosis and decreased proliferation of gastric cancer cells, which was reversed by silencing of HEPRUD1. Circ_002117 overexpression or miR-370 depletion significantly suppressed gastric cancer tumorigenesis in vivo . Conclusions Taken altogether, circ_002117 facilitated ER stress-induced apoptosis in gastric cancer by upregulating HERPUD1 through miR-370 inhibition.",ok,Retraction Note: Circ_002117 binds to microRNA-370 and promotes endoplasmic reticulum stress-induced apoptosis in gastric cancer,crossref,[],False,True,YES
42461.0,Long Noncoding RNA LINC01426 Sequesters microRNA-519d-5p to Promote Non-Small Cell Lung Cancer Progression by Increasing ETS1 Expression,(BLS) Biology - Cancer;(BLS) Biology - Cellular;(BLS) Genetics;,"Department of Oncology, Jilin Cancer Hospital, Changchun, Jilin 130000, People’s Republic of China; Department of Radiotherapy, Jilin Cancer Hospital, Changchun, Jilin 130000, People’s Republic of China;",Cancer Management and Research,Taylor and Francis - Dove Press,China,Jixin Dai;Bing Wang;Yueming Zhao;Xuerong Zuo;Hongxia Cui;Xi Chen;Xianhong Liu,,Research Article;,1/28/2023 0:00,10.2147/CMAR.S405931,36743460.0,12/10/2020 0:00,10.2147/CMAR.S277113,33335425.0,Retraction,Duplication of/in Image;Paper Mill;Unreliable Results and/or Conclusions;Upgrade/Update of Prior Notice(s);,No,https://pubpeer.com/publications/2AA3F5CFDF619D99A0F5415091A524;,,Recent studies have identified important roles for  The abundance of  Significant,ok_via_pubmed,Long Noncoding RNA LINC01426 Sequesters microRNA-519d-5p to Promote Non-Small Cell Lung Cancer Progression by Increasing ETS1 Expression [Retraction],crossref,[],False,True,YES
42248.0,Hsa-miR-139-5p inhibits proliferation and causes apoptosis associated with down-regulation of c-Met,(BLS) Biochemistry;(BLS) Biology - Cellular;(BLS) Genetics;,"Department of Occupational and Environmental Health, School of Public Health, Wuhan University, 430071 Wuhan, P. R. China; Central Laboratory of the Fourth Affiliated Hospital in Xiangyang, College of Basic Medical Sciences, Hubei Key Laboratory of Wudang Local Chinese Medicine Research, Hubei University of Medicine, 442000 Shiyan, P. R. China; Institute of Global Health, Wuhan University, 430071 Wuhan, P. R. China; Wuhan Hospital for the Prevention and Treatment of Occupational Diseases, 430071 Wuhan, P. R. China; The Third Xiang-ya Hospital of Central South University, 410013 Changsha, P. R. China;",Oncotarget,Impact Journals,China,Chengcao Sun;Ming Sang;Shujun Li;Xiaodong Sun;Cuili Yang;Yongyong Xi;Liang Wang;Feng Zhang;Yongyi Bi;Yunfeng Fu;Dejia Li,,Research Article;,1/26/2023 0:00,10.18632/oncotarget.28329,36702330.0,11/24/2015 0:00,10.18632/oncotarget.5476,26497851.0,Retraction,Duplication of/in Image;Investigation by Third Party;Original Data and/or Images not Provided and/or not Available;Paper Mill;,No,see also: https://pubpeer.com/publications/96B1208D270831A17962E29276BD20,,"Hsa-miRNA-139-5p (miR-139-5p) has recently been discovered having anticancer efficacy in different organs. However, the role of miR-139-5p on lung cancer is still ambiguous. In this study, we investigated the role of miR-139-5p on development of lung cancer. Results indicated miR-139-5p was significantly down-regulated in primary tumor tissues and very low levels were found in a non-small cell lung cancer (NSCLC) cell lines. Ectopic expression of miR-139-5p in NSCLC cell lines significantly suppressed cell growth through inhibition of cyclin D1 and up-regulation of p57(Kip2). In addition, miR-139-5p induced apoptosis, as indicated by up-regulation of key apoptosis gene cleaved caspase-3, and down-regulation of anti-apoptosis gene Bcl2. Moreover, miR-139-5p inhibited cellular metastasis through inhibition of matrix metalloproteinases (MMP)-7 and MMP-9. Further, oncogene c-Met was revealed to be a putative target of miR-139-5p, which was inversely correlated with miR-139-5p expression. Taken together, our results demonstrated that miR-139-5p plays a pivotal role in lung cancer through inhibiting cell proliferation, metastasis, and promoting apoptosis by targeting oncogenic c-Met.",ok_via_pubmed,Retraction: Hsa-miR-139-5p inhibits proliferation and causes apoptosis associated with down-regulation of c-Met,crossref,[],False,True,YES
42206.0,MiR-19-3p Induces Tumor Cell Apoptosis via Targeting FAS in Rectal Cancer Cells,(BLS) Biology - Cancer;(BLS) Biology - Cellular;(BLS) Genetics;,"Department of Gastrointestinal Surgery, the People’s Hospital of Dezhou, Shandong, China; Department of Gastrointestinal Surgery, the Second Hospital of Shandong University, Jinan, Shandong, China; Department of Neurosurgery, Weifang People’s Hospital, Shandong, China;",Technology in Cancer Research & Treatment,SAGE Publications,China,Ying Feng Su;Yi Feng Zang;Yu Hong Wang;Yin Lu Ding,,Research Article;,1/18/2023 0:00,10.1177/15330338221142012,36653928.0,4/8/2020 0:00,10.1177/1533033820917978,32266860.0,Retraction,Concerns/Issues about Data;Concerns/Issues about Image;Concerns/Issues about Third Party Involvement;Duplication of/in Image;Manipulation of Images;Original Data and/or Images not Provided and/or not Available;Paper Mill;Unreliable Results and/or Conclusions;,No,,,"MicroRNAs are reported as a vital important factor in cancer cell initiation and progression processes. MicroRNA-19-3p has drawn the attention of many researchers in recent years because of its wide expression and its key role in serious kinds of tumor cells. However, the detailed mechanism of microRNA-19a-3p in these tumors is still poorly understood. So, in the present study, we aimed to explore the biological function and potential molecular mechanism of microRNA-19a-3p in different cancer cells. We first detect the relative level of miR-19a-3p in cancer cell lines and tumor tissues compared to normal cells and tissues. Results indicated the messenger RNA expression of microRNA-19a-3p existing in an aberrant low level in cancer cells and tissues. The overexpression of microRNA-19a-3p significantly reduced the cell proliferation, migration, and invasion ability in HCT116 cells. In addition to this, increased microRNA-19a-3p could induce cell apoptosis via promoting reactive oxygen species (ROS) accumulation, whereas inhibition of microRNA-19a-3p exhibited an opposite effect. Moreover, we predicated the target genes and the binding sites of microRNA-19a-3p and confirmed FAS as the targeting of microRNA-19a-3p through luciferase activity assay. Taken together, these results indicated that microRNA-19a-3p overexpression inhibited HCT116 cell proliferation, migration and invasion, induced cell apoptosis, and ROS accumulation via FAS targeting effect. It was conceivable that microRNA-19a-3p might serve as a potential molecular target for breast and liver cancer treatment.",ok_via_pubmed,Retraction Notice,crossref,[],False,True,YES
42014.0,Exosomes from the tumour-adipocyte interplay stimulate beige/brown differentiation and reprogram metabolism in stromal adipocytes to promote tumour progression,(BLS) Biochemistry;(BLS) Biology - Cancer;(BLS) Biology - Cellular;(BLS) Biology - Molecular;,"Department of Breast and Thyroid Surgery, Renmin Hospital of Wuhan University, 238 Ziyang Road, Wuhan, 430060, Hubei Province, People’s Republic of China; Department of Clinical Laboratory, Renmin Hospital of Wuhan University, Wuhan, Hubei, People’s Republic of China; Department of Pathology, Renmin Hospital of Wuhan University, Wuhan, Hubei, People’s Republic of China; Department of Pathophysiology, Wuhan University School of Basic Medical Sciences, Wuhan, 430060, Hubei Province, People’s Republic of China;",Journal of Experimental & Clinical Cancer Research: (CR),Springer - Biomed Central (BMC),China,Qi Wu;Juanjuan Li;Zhiyu Li;Shan Zhu;Lijun Wang;Juan Wu;Jingping Yuan;Yimin Zhang;Shengrong Sun;CHanghua Wang,,Research Article;,1/12/2023 0:00,10.1186/s13046-023-02594-4,36631828.0,5/28/2019 0:00,10.1186/s13046-019-1210-3,31138258.0,Retraction,Duplication of/in Image;Investigation by Third Party;Paper Mill;Unreliable Results and/or Conclusions;,No,see also: https://pubpeer.com/publications/07E2288594272A7305478AC1CF8524,,"Abstract Background Emerging evidence supports the pivotal roles of adipocytes in breast cancer progression. Tumour induced beige/brown adipose tissue differentiation contributes to the hypermetabolic state of the breast cancer. However, the mediators and mechanisms remain unclear. Methods Survival probabilities were estimated using the Kaplan–Meier method based on immunohistochemistry results. Biochemical studies were performed to characterize the novel interrelation between breast cancer cells and adipocytes. Results We show that tumour-surrounding adipocytes exhibit an altered phenotype in terms of upregulated beige/brown characteristics and increased catabolism associated with an activated state characterized by the release of metabolites, including free fatty acids, pyruvate, lactate and ketone bodies. Likewise, tumour cells cocultivated with mature adipocytes exhibit metabolic adaptation and an aggressive phenotype in vitro and in vivo. Mechanistically, we show that tumour cells induce beige/brown differentiation and remodel metabolism in resident adipocytes by exosomes from the co-culture system that carry high levels of miRNA-144 and miRNA-126. miRNA-144 promotes beige/brown adipocyte characteristics by downregulating the MAP3K8/ERK1/2/PPARγ axis, and exosomal miRNA-126 remodels metabolism by disrupting IRS/Glut-4 signalling, activating the AMPK/autophagy pathway and stabilizing HIF1α expression in imminent adipocytes. In vivo inhibition of miRNA-144 or miRNA-126 decreases adipocyte–induced tumour growth. Conclusions These results demonstrate that by inducing beige/brown differentiation and enhancing catabolism in recipient adipocytes, exosomal miRNA-144 and miRNA-126 from the tumour-adipocyte interaction reprogram systemic energy metabolism to facilitate tumour progression.",ok,This article has been retracted. Please see the Retraction Notice for more detail: https://doi.org/10.1186/s13046-019-1210-3.,crossref,[],False,True,UNCLEAR
42013.0,SP1-induced lncRNA AGAP2-AS1 expression promotes chemoresistance of breast cancer by epigenetic regulation of MyD88,(BLS) Biology - Cancer;(BLS) Biology - Cellular;(BLS) Genetics;,"Department of General Surgery, Hainan General Hospital, Jinan University, No.19 Xiu Hua Road, Xiuying District, Haikou city, 570311, Hainan Province, China; Department of Science and Education, Hainan Maternal and Child health hospital, Haikou, 570206, Hainan, China; Department of Obstetrics and Gynecology, The Second Affiliated Hospital, Chongqing Medical University, Chongqing, 400010, China;",Journal of Experimental & Clinical Cancer Research: (CR),Springer - Biomed Central (BMC),China,Huaying Dong;Wei Wang;Shaowei Mo;Ru Chen;Kejian Zou;Jing Han;Fan Zhang;Jianguo Hu,,Research Article;,1/11/2023 0:00,10.1186/s13046-023-02596-2,36631904.0,8/29/2018 0:00,10.1186/s13046-018-0875-3,30157918.0,Retraction,Duplication of/in Image;Investigation by Third Party;Paper Mill;Unreliable Results and/or Conclusions;,No,see also: https://pubpeer.com/publications/C317EF3416E524BACA3D529F7C13C9,,"Abstract Background Resistance to trastuzumab has become a leading cause of mortality in breast cancer patients and is one of the major obstacles for improving the clinical outcome. Cell behavior can be modulated by long non-coding RNAs (lncRNAs), but the contribution of lncRNAs in trastuzumab resistance to breast cancer is largely unknown. To this end, the involvement and regulatory function of lncRNA AGAP2-AS1 in human breast cancer are yet to be investigated. Methods Trastuzumab-resistant SKBR-3 and BT474 cells were obtained by continuous culture with 5 mg/mL trastuzumab for 6 months. RT-qPCR assay was used to determine the expression of AGAP2-AS1 in tissues and cells. RNA fluorescence in situ hybridization was used to investigate the subcellular location of AGAP2-AS1 in breast cancer cells. Bioinformatic analysis, chromatin immunoprecipitation (ChIP), RNA immunoprecipitation (RIP), western blotting, and immunofluorescence were carried out to verify the regulatory interaction of AGAP2-AS1, CREB-binding protein (CBP), and MyD88. In addition, a series of in vitro assays and a xenograft tumor model were used to analyze the functions of AGAP2-AS1 in breast cancer cells. Results AGAP2-AS1 was upregulated and transcriptionally induced by SP1 in breast cancer. Overexpression of AGAP2-AS1 promoted cell growth, suppressed apoptosis, and caused trastuzumab resistance, whereas knockdown of AGAP2-AS1 showed an opposite effect. MyD88 was identified as a downstream target of AGAP2-AS1 and mediated the AGAP2-AS1-induced oncogenic effects. Mechanistically, the RIP assay revealed that AGAP2-AS1 could bind to CBP, a transcriptional co-activator. ChIP assays showed that AGAP2-AS1-bound CBP increased the enrichment of H3K27ac at the promoter region of MyD88, thus resulting in the upregulation of MyD88. Gain- and loss-of-function assays confirmed that the NF-κB pathway was activated by MyD88 and AGAP2-AS1. Furthermore, high AGAP2-AS1 expression was associated with poor clinical response to trastuzumab therapy in breast cancer patients. Conclusion AGAP2-AS1 could promote breast cancer growth and trastuzumab resistance by activating the NF-κB signaling pathway and upregulating MyD88 expression. Therefore, AGAP2-AS1 may serve as a novel biomarker for prognosis and act as a therapeutic target for the trastuzumab treatment.",ok,This article has been retracted. Please see the Retraction Notice for more detail: https://doi.org/10.1186/s13046-018-0875-3.,crossref,[],False,True,NO
41837.0,8-bromo-7-methoxychrysin targets NF-κB and FoxM1 to inhibit lung cancer stem cells induced by pro-inflammatory factors,(BLS) Biology - Cancer;(BLS) Biology - Cellular;(BLS) Genetics;,"Department of preclinical medicine, Medical College, Hunan Normal University, Changsha, 410013, China; Department of Pharmaceutical Science, Medical College, Hunan Normal University, Changsha, 410013, China; Key Laboratory of Study and Discover of Small Targeted Molecules of Hunan Province, Changsha 410013, China;",Journal of Cancer,Ivyspring International Publisher,China,Qing Yuan;Min Wen;Chang Xu;A Chen;Ye Bei Qiu;Jian Guo Cao;Jian Song Zhang;Zhen Wei Song,,Research Article;,12/30/2022 0:00,10.7150/jca.80863,36606196.0,8/28/2019 0:00,10.7150/jca.30143,31602275.0,Retraction,Concerns/Issues about Image;Duplication of/in Image;Investigation by Third Party;Paper Mill;Results Not Reproducible;,No,see also: https://pubpeer.com/publications/ADCC1294940567D6BF455660EEDDE6,,"We have previously reported that 8-bromo-7-methoxychrysin (BrMC), a novel synthetic derivative of chrysin, was demonstrated anti-tumor activities against several human cancers, including lung cancer. Interaction between inflammation and cancer stem cell are recently increasingly recognized in tumorigenesis and progression. The purpose of this study was to investigate whether BrMC inhibits lung cancer stemness of H460 cells induced by inflammatory factors (TGF-β combined with TNF-α) and its potential mechanism. Our results showed that BrMC inhibited lung cancer stemness, as validated by enhanced self-renewal ability, higher",ok_via_pubmed,Retraction: 8-bromo-7-methoxychrysin targets NF-κB and FoxM1 to inhibit lung cancer stem cells induced by pro-inflammatory factors,crossref,[],False,True,UNCLEAR
41228.0,Circular RNA PVT1 Promotes the Invasion and Epithelial-Mesenchymal Transition of Breast Cancer Cells through Serving as a Competing Endogenous RNA for miR-204-5p,(BLS) Biology - Cancer;(BLS) Biology - Cellular;(BLS) Genetics;,"First Department of Oncology, Cangzhou Central Hospital of Hebei Province, Cangzhou 061001, People’s Republic of China;",OncoTargets and Therapy,Taylor and Francis - Dove Press,China,Qingzhao Bian,,Research Article;,12/6/2022 0:00,10.2147/OTT.S400293,36510608.0,12/31/2019 0:00,10.2147/OTT.S180850,32982273.0,Retraction,Author Unresponsive;Duplication of/in Image;Investigation by Third Party;Paper Mill;Unreliable Results and/or Conclusions;,No,,,"Circular RNAs (circRNAs) are a class of covalently closed circular RNA transcripts and have been found to regulate the progression of human malignancies. The objective of this study was to identify the functions of circRNAs in breast cancer (BCa). BCa and adjacent non-cancerous tissues were collected from 99 patients. Kaplan-Meier analysis was used to analyze the relationship between circPVT1 and prognosis. CircPVT1 expression levels in BCa tissues and cell lines were detected via PCR. Transfection technology was used to silence circPVT1 and overexpress miR-204-5p. Cell biological behavior was analyzed, and epithelial-mesenchymal transition (EMT) related proteins were detected by Western blot. In vivo experiments were performed with the subcutaneous xenograft tumor model. CircPVT1 was markedly overexpressed in BCa tissues and cell lines. Higher expression of circPVT1 was correlated with poor prognosis of BCa patients. Knockdown circPVT1 significantly suppressed the proliferation, migration and invasion of BCa cells invitro, and suppressed BCa tumor growth invivo. CircPVT1 knockdown upregulated E-cadherin and downregulated N-cadherin, Vimentin, Slug and Twist in BCa cells. Moreover, circPVT1 could serve as a competing endogenous RNA (ceRNA) for miR-204-5p, and restoration of miR-204-5p abrogated the oncogenic role of circPVT1 in BCa cells. CircPVT1 as a potentially valuable biomarker for BCa diagnosis and therapeutic target for BCa treatment. CircPVT1 might promote the invasion and EMT of BCa cells by serving as aceRNA for miR-204-5p.",ok_via_pubmed,Circular RNA PVT1 Promotes the Invasion and Epithelial–Mesenchymal Transition of Breast Cancer Cells through Serving as a Competing Endogenous RNA for miR-204-5p [Retraction],crossref,[],False,True,YES
41209.0,"Schizandrin A inhibits proliferation, migration and invasion of thyroid cancer cell line TPC-1 by down regulation of microRNA-429",(BLS) Biochemistry;(BLS) Biology - Cancer;(BLS) Biology - Cellular;(BLS) Genetics;,"Department of Ultrasound, Jining No.1 People’s Hospital, Jining, Shandong 272000, China;",Cancer Biomarkers,IOS Press (bought by Sage November 2023),China,Quili Ding;Xiaoyan Li;Yongcun Sun;Xinru Zhang,,Research Article;,12/2/2022 0:00,10.3233/CBM-229008,36502303.0,4/18/2019 0:00,10.3233/CBM-182222,30909188.0,Retraction,Author Unresponsive;Investigation by Third Party;Paper Mill;,No,,,"This article has been retracted, and the online PDF has been watermarked ``RETRACTION''. The retraction notice is available at http://doi.org/10.3233/CBM-229008.",ok,"Retraction to: Schizandrin A inhibits proliferation, migration and invasion of thyroid cancer cell line TPC-1 by down regulation of microRNA-429",crossref,[],False,True,NO_STUB_NOT_ABSTRACT
41208.0,"MicroRNA-146-5p promotes proliferation, migration and invasion in lung cancer cells by targeting claudin-12",(BLS) Biology - Cancer;(BLS) Biology - Cellular;(BLS) Genetics;,"Department of Outpatient (Tumor), The Affiliated Hospital of Qingdao University (West Coast Branch), Qingdao, Shandong, China; Department of Respiratory Medicine, The Affiliated Hospital of Qingdao University (West Coast Branch), Qingdao, Shandong, China; Department of Outpatient, The Affiliated Hospital of Qingdao University (West Coast Branch), Qingdao, Shandong, China; Department of Surgery, Qingdao West Coast New District No.2 People’s Hospital, Qingdao, Shandong, China; Department of Pharmacy, The Affiliated Hospital of Qingdao University (Shinan Branch), Qingdao, Shandong, China; Department of Cancer Comprehensive Therapy, The Affiliated Hospital of Qingdao University (West Coast Branch), Qingdao, Shandong, China;",Cancer Biomarkers,IOS Press (bought by Sage November 2023),China,Xianghong Sun;Shichao Cui;Xiaofeng Fu;Chuan Liu;Zhi Wang;Yuanwei Liu,,Research Article;,12/2/2022 0:00,10.3233/CBM-229009,36502304.0,5/20/2019 0:00,10.3233/CBM-182374,31006666.0,Retraction,Author Unresponsive;Investigation by Third Party;Paper Mill;,No,,,"This article has been retracted, and the online PDF has been watermarked ``RETRACTION''. The retraction notice is available at http://doi.org/10.3233/CBM-229009.",ok,"Retraction to: MicroRNA-146-5p promotes proliferation, migration and invasion in lung cancer cells by targeting claudin-12",crossref,[],False,True,NO_STUB_NOT_ABSTRACT
41207.0,Knockdown of lncRNA CCAT2 inhibits endometrial cancer cells growth and metastasis via sponging miR-216b,(BLS) Biology - Cancer;(BLS) Biology - Cellular;(BLS) Genetics;,"The Affiliated Hospital of Qingdao University, Qingdao 266003, Shandong, China; Department of Gynecology, Jining No.1 People’s Hospital, Jining 272011, Shandong, China; Department of Pathology, Jining No.1 People’s Hospital, Jining 272011, Shandong, China; Department of Gynecology and Obstetrics, Shanxian Central Hospital, Heze 274300, Shandong, China; Department of Gynecology, The Affiliated Hospital of Qingdao University, Qingdao 266003, Shandong, China;",Cancer Biomarkers,IOS Press (bought by Sage November 2023),China,Pengmu Xie;Hongying Cao;Ying Li;Jianhua Wang;Zhumei Cui,,Research Article;,12/2/2022 0:00,10.3233/CBM-229010,36502305.0,12/17/2017 0:00,10.3233/CBM-170388,29036788.0,Retraction,Author Unresponsive;Investigation by Third Party;Paper Mill;,No,,,"This article has been retracted, and the online PDF has been watermarked ``RETRACTION''. The retraction notice is available at http://doi.org/10.3233/CBM-229010.",ok,Retraction to: Knockdown of lncRNA CCAT2 inhibits endometrial cancer cells growth and metastasis via sponging miR-216b,crossref,[],False,True,NO_STUB_NOT_ABSTRACT
41193.0,KLF7 Promotes Gastric Carcinogenesis Through Regulation of ANTXR1,(BLS) Biology - Cancer;(BLS) Biology - Cellular;(BLS) Genetics;,"Department of General Surgery, The Second Affiliated Hospital of Qiqihar Medical University, Qiqihar, Heilongjiang Province, People’s Republic of China; Department of Anesthesiology, First Affiliated Hospital of Jiamusi University, Jiamusi, Heilongjiang, People’s Republic of China; Department of General Surgery, Tianjin Medical University General Hospital, Tianjin, People’s Republic of China;",Cancer Management and Research,Taylor and Francis - Dove Press,China,Yuanchun Li;Qingdong Wang;Dong Wei Wang;Weihua Fu,,Research Article;,12/5/2022 0:00,10.2147/CMAR.S399986,36504760.0,7/12/2021 0:00,10.2147/CMAR.S308071,34285576.0,Retraction,Duplication of/in Image;Investigation by Third Party;Paper Mill;Unreliable Results and/or Conclusions;,No,see also: https://pubpeer.com/publications/66D751502024F565AFA8FC9D26AC79,,"Elucidating the mechanism of gastric cancer progression is of great importance for the discovery of new therapy targets against gastric cancer. In this study, we investigated the function of Kruppel-like factor 7 (KLF7) in gastric cancer. qPCR and Western blot were performed to determine the expression of ANTXR1 after KLF7 inhibition. CCK-8, colony formation, apoptosis analysis, cell cycle analysis and transwell assay were performed to determine KLF7 functions in cellular proliferation, migration, apoptosis and cell cycle. Tumour xenograft experiments were performed to examine cell growth in vivo. The results showed that KLF7 was upregulated in gastric cancer. The proliferation and migration of gastric cancer cells were suppressed by depletion of KLF7. In vivo tumour progression was also attenuated following the downregulation of KLF7. Meanwhile, overexpression of KLF7 promoted the proliferation and migration of gastric cancer cells. The results of the mechanistic analysis showed that KLF7 promoted gastric carcinogenesis via upregulation of ANTXR cell adhesion molecule 1 (ANTXR1). Therefore, this study may provide a theoretical foundation for further clinical therapy of gastric cancer.",ok_via_pubmed,KLF7 Promotes Gastric Carcinogenesis Through Regulation of ANTXR1 [Retraction],crossref,[],False,True,YES
41094.0,TUSC3 induces autophagy in human non-small cell lung cancer cells through Wnt/β-catenin signaling,(BLS) Biology - Cancer;(BLS) Biology - Cellular;(BLS) Genetics;,"International Medical Center, Xiangya Hospital, Central South University, Changsha 410008, P.R. China; Department of Medical Oncology, The Affiliated Cancer Hospital of Xiangya School of Medicine, Central South University, Changsha 410008, P.R. China; Department of Oncology, Xiangya Hospital, Central South University, Changsha 410008, P.R. China; School of Information Science and Engineering, Central South University, Changsha 410008, P.R. China;",Oncotarget,Impact Journals,China,Yun Peng;Jun Cao;Xiao Yi Yao;Jian Xin Wang;Mei Zuo Zhong;Ping Ping Gan;Jian Huang Li,,Research Article;,12/6/2022 0:00,10.18632/oncotarget.28315,36473118.0,5/8/2017 0:00,10.18632/oncotarget.17674,28881786.0,Retraction,Duplication of/in Image;Investigation by Third Party;Original Data and/or Images not Provided and/or not Available;Paper Mill;,No,see also: https://pubpeer.com/publications/615237FE9674FF8C3A63EB6DB384DB,,We investigated the effects of tumor suppressor candidate 3 (,ok_via_pubmed,Retraction: TUSC3 induces autophagy in human non-small cell lung cancer cells through Wnt/β-catenin signaling,crossref,[],False,True,YES
40922.0,miR-96-5p Suppresses the Progression of Nasopharyngeal Carcinoma by Targeting CDK1,(BLS) Biology - Cancer;(BLS) Biology - Cellular;(BLS) Genetics;,"Department of Otolaryngology, Affiliated Traditional Chinese Medicine Hospital of Southwest Medical University, Luzhou, Sichuan 646699, People’s Republic of China; Department of Urology, Affiliated Traditional Chinese Medicine Hospital of Southwest Medical University, Luzhou, Sichuan 646699, People’s Republic of China;",OncoTargets and Therapy,Taylor and Francis - Dove Press,China,Xiaoqin Luo;Xian He;Xing Liu;Lunkun Zhong;Wenjian Hu,,Research Article;,11/22/2022 0:00,10.2147/OTT.S398523,36444282.0,7/30/2020 0:00,10.2147/OTT.S248338,32801769.0,Retraction,Author Unresponsive;Duplication of/in Image;Original Data and/or Images not Provided and/or not Available;Paper Mill;,No,see also: https://pubpeer.com/publications/A017E7969DF7B2055D2F7D02AF5C2A,,"Nasopharyngeal carcinoma (NPC) is a malignant tumor that occurs in the nasopharyngeal mucosa. Clinically, radiotherapy is the preferred treatment for NPC, and cervical lymph node metastasis is easy to emerge in the early stage. Therefore, this study aimed to investigate the role and potential molecular mechanisms of miR-96-5p in NPC cells to develop new therapeutic horizons. The expression of miR-96-5p and CDK1 was measured by RT-qPCR or Western blot. The target relationship between miR-96-5p and CDK1 was confirmed by luciferase reporter assay. CCK-8, sphere formation, flow cytometry and colony formation assay were employed to examine cell viability, stem-like property, apoptosis and cycle, respectively. Male BALB/c nude mice model (6-8 weeks, weigh 18-20 g) was used to evaluate the effect of miR-96-5p on tumor growth in vivo. miR-96-5p was lowly expressed and CDK1 was highly expressed in NPC tissues and cell lines. CDK1 was identified as a direct target of miR-96-5p, and its expression was negatively regulated by miR-96-5p. By targeting CDK1, miR-96-5p overexpression significantly inhibited tumor sphere formation, promoted apoptosis and cell cycle arrest in CNE-2Z cells. Importantly, CCK-8 and colony formation assay demonstrated that elevated miR-96-5p enhanced the radiotherapy and chemotherapy sensitivity of CNE-2Z cells. Animal experiments showed that the overexpression of miR-96-5p reduced tumor weight and size in tumor-bearing mice and inhibited the expression of stem-like marker proteins and apoptosis-related proteins. These results, together, suggested that miR-96-5p induced cell cycle arrest and apoptosis, inhibited stem-like property, and enhanced the radiochemical sensitivity of NPC by targeting CDK1. In short, miR-96-5p may be a diagnostic and therapeutic target for NPC.",ok_via_pubmed,miR-96-5p Suppresses the Progression of Nasopharyngeal Carcinoma by Targeting CDK1 [Retraction],crossref,[],False,True,YES
40366.0,"Long non-coding RNA AGAP2-AS1, functioning as a competitive endogenous RNA, upregulates ANXA11 expression by sponging miR-16-5p and promotes proliferation and metastasis in hepatocellular carcinoma",(BLS) Biology - Cancer;(BLS) Biology - Cellular;(BLS) Genetics;,"Department of Hepatobiliary Surgery, The First Affiliated Hospital of Xi’an Jiaotong University, 277 Yanta West Road, Xi’an, 710061, China;",Journal of Experimental & Clinical Cancer Research: (CR),Springer - Biomed Central (BMC),China,Zhikui Liu;Yufeng Wang;Liang Wang;Bowen Yao;Liankang Sun;Runkun Liu;Yianxiang Chen;Yongshen Niu;Kangsheng Tu;Qingguang Liu,,Research Article;,11/2/2022 0:00,10.1186/s13046-022-02521-z,36320064.0,5/14/2019 0:00,10.1186/s13046-019-1188-x,31088485.0,Retraction,Duplication of/in Image;Investigation by Journal/Publisher;Investigation by Third Party;Paper Mill;Unreliable Data;,No,,,"Abstract Background Accumulating evidence has highlighted the potential role of long non-coding RNAs (lncRNAs) in the biological behaviors of hepatocellular carcinoma (HCC). Here, we elucidated the function and possible molecular mechanisms of the effect of lncRNA-AGAP2-AS1 on the biological behaviors of HCC. Methods EdU, Transwell and flow cytometry were used to determine proliferation, migration, invasion and apoptosis of HCC cells in vitro. The subcutaneous tumor model and lung metastasis mouse model in nude mice was established to detect tumor growth and metastasis of HCC in vivo. The direct binding of miR-16-5p to 3’UTR of ANXA11 was confirmed by luciferase reporter assay. The expression of AGAP2-AS1 and miR-16-5p in HCC specimens and cell lines were detected by real-time PCR. The correlation among AGAP2-AS1 and miR-16-5p were disclosed by a dual-luciferase reporter assay, RIP assay and biotin pull-down assay. Results Here, we demonstrated that AGAP2-AS1 expression was up-regulated in HCC tissues and cell lines, especially in metastatic and recurrent cases. Gain- and loss-of-function experiments indicated that AGAP2-AS1 promoted cell proliferation, migration, invasion, EMT progression and inhibited apoptosis of HCC cells in vitro and in vivo. Further studies demonstrated that AGAP2-AS1 could function as a competing endogenous RNA (ceRNA) by sponging miR-16-5p in HCC cells. Functionally, gain- and loss-of-function studies showed that miR-16-5p promoted HCC progression and alteration of miR-16-5p abolished the promotive effects of AGAP2-AS1 on HCC cells. Moreover, ANXA11 was identified as direct downstream targets of miR-16-5p in HCC cells, and mediated the functional effects of miR-16-5p and AGAP2-AS1 in HCC, resulting in AKT signaling activation. Clinically, AGAP2-AS1 and miR-16-5p expression were markedly correlated with adverse clinical features and poor prognosis of HCC patients. We showed that hypoxia was responsible for the overexpression of AGAP2-AS1 in HCC. And the promoting effects of hypoxia on metastasis and EMT of HCC cells were reversed by AGAP2-AS1 knockdown. Conclusions Taken together, this research supports the first evidence that AGAP2-AS1 plays an oncogenic role in HCC via AGAP2-AS1/miR-16-5p/ANXA11/AKT axis pathway and represents a promising therapeutic strategy for HCC patients.",ok,This article has been retracted. Please see the Retraction Notice for more detail: https://doi.org/10.1186/s13046-019-1188-x.,crossref,[],False,True,YES
40269.0,Mucin 4 Gene Silencing Reduces Oxidative Stress and Calcium Oxalate Crystal Formation in Renal Tubular Epithelial Cells through the Extracellular Signal-Regulated Kinase Signaling Pathway in Nephrolithiasis Rat Model,(BLS) Biology - Cancer;(BLS) Biology - Cellular;(BLS) Genetics;,"Department of Nephrology, Xuzhou Central Hospital, Medical College of Southeast University, Xuzhou, China; School of Management, Zhejiang University, Hangzhou, China; Institute of Nephrology, Zhongda Hospital, Southeast University, Nanjing, China; Department of Pathology, Xuzhou Central Hospital, Medical College of Southeast University, Xuzhou, China;",Kidney and Blood Pressure Research,Karger,China,Ling Sun;Lu Xi Zou;Jie Wang;Ting Chen;Yu Chen Han;Dong Dong Zhu;Shi Chao Zhuo,,Research Article;,9/5/2022 0:00,10.1159/000526608,0.0,5/25/2018 0:00,10.1159/000490136,29843125.0,Retraction,Concerns/Issues about Image;Duplication of/in Image;Investigation by Third Party;Paper Mill;,No,see also: https://pubpeer.com/publications/1B9FBFBCF388644A99B66D0DE1DF4C,,"Nephrolithiasis plagues a great number of patients all over the world. Increasing evidence shows that the extracellular signal-regulated kinase (ERK) signaling pathway and renal tubular epithelial cell (RTEC) dysfunction and attrition are central to the pathogenesis of kidney diseases. Mucin 4 (MUC4) is reported as an activator of ERK signaling pathway in epithelial cells. In this study, using rat models of calcium oxalate (CaOx) nephrolithiasis, the present study aims to define the roles of MUC4 and ERK signaling pathway as contributors to oxidative stress and CaOx crystal formation in RTEC. Data sets of nephrolithiasis were searched using GEO database and a heat flow map was drawn. Then MUC4 function was predicted. Wistar rats were prepared for the purpose of model establishment of ethylene glycol and ammonium chloride induced CaOx nephrolithiasis. In order to assess the detailed regulatory mechanism of MUC4 silencing on the ERK signaling pathway and RTEC, we used recombinant plasmid to downregulate MUC4 expression in Wistar rat-based models. Samples from rat urine, serum and kidney tissues were reviewed to identify oxalic acid and calcium contents, BUN, Cr, Ca2+ and P3+ levels, calcium crystal formation in renal tubules and MUC4 positive expression rate. Finally, RT-qPCR, Western blot analysis, and ELISA were employed to access oxidative stress state and CaOx crystal formation in RTEC. Initially, MUC4 was found to have an influence on the process of nephrolithiasis. MUC4 was upregulated in the CaOx nephrolithiasis model rats. We proved that the silencing of MUC4 triggered the inactivation of ERK signaling pathway. Following the silencing of MUC4 or the inhibition of ERK signaling pathway, the oxalic acid and calcium contents in rat urine, BUN, Cr, Ca2+ and P3+ levels in rat serum, p-ERK1/2, MCP-1 and OPN expressions in RTEC and H2O2 and MDA levels in the cultured supernatant were downregulated, but the GSH-Px, CAT and SOD levels in the cultured supernatant were increased. Moreover, MUC4 silencing or ERK signaling pathway inactivation may decrease the formation of CaOx crystals. Taken together, silencing of MUC4 can inactivate the ERK signaling pathway and further restrain oxidative stress and CaOx crystal formation in RTEC. Thus, MUC4 represents a potential investigative focus target in nephrolithiasis.",ok_via_pubmed,Retraction Statement,crossref,[],False,True,NO
40205.0,Tim-4 promotes the growth of colorectal cancer by activating angiogenesis and recruiting tumor-associated macrophages via the PI3K/AKT/mTOR signaling pathway,(BLS) Biology - Cancer;(BLS) Biology - Cellular;(BLS) Genetics;,"Department of Oncology, Xiangya Hospital, Central South University, Changsha, Hunan, People's Republic of China; Department of General Surgery, The Second Xiangya Hospital of Central South University, Changsha, Hunan, People's Republic of China;",Cancer Letters,Elsevier,China,Xian Tan;Zhongqiang Zhang;Hongliang Yao;Liangfang Shen,,Research Article;,8/14/2018 0:00,10.1016/j.canlet.2023.216060,36813648.0,8/14/2018 0:00,10.1016/j.canlet.2018.08.012,30118845.0,Retraction,Duplication of/in Image;Error in Image;Investigation by Third Party;Paper Mill;Unreliable Data;,No,"see also: https://pubpeer.com/publications/D191AE022DDD7B810564039CB16395; date of retraction unknown, html overwrite, separate notice published later on 2/21/2023;",,"This article has been retracted: please see Elsevier Policy on Article Withdrawal (http://www.elsevier.com/locate/withdrawalpolicy). This article has been retracted at the request of the authors. After publication, the authors noted unreliable data in the experimental validations. Specifically, representative images of IHC staining for CD31 and α-SMA in CT26-Vector and CT26-Tim-4 tumors in Fig. 2C and the expression of MMP9, VEGF and LOX in CT26-Tim-4 and CT26-Vector tumors was assessed by immunohistochemistry in Fig. 2E; incorrect photos were provided due to file placement confusion. All authors “agree with this retraction and deeply regret these errors and apologize to the editorial board and readers for any inconvenience caused.” Additionally, after publication, the journal was made aware of comments in relation to this article (https://pubpeer.com/publications/D191AE022DDD7B810564039CB16395). The authors have not responded to the journal request to respond to these comments.",ok_via_pubmed,Retraction notice to “Tim-4 promotes the growth of colorectal cancer by activating angiogenesis and recruiting tumor-associated macrophages via the PI3K/AKT/mTOR signaling pathway” [Canc. Lett. 436 (2018) 119–128],crossref,[],False,True,NO_STUB_NOT_ABSTRACT
40198.0,Long non-coding RNA LINC00160 functions as a decoy of microRNA-132 to mediate autophagy and drug resistance in hepatocellular carcinoma via inhibition of PIK3R3,(BLS) Biology - Cancer;(BLS) Biology - Cellular;(BLS) Genetics;,"Department of Hepatobiliary and Pancreatic Surgery, The First Hospital of Jilin University, Changchun, 130021, PR China;",Cancer Letters,Elsevier,China,Wei Zhang;Yahui Liu;Yu Fu;Wei Han;Hongji Xu;Lijia Wen;Yu Deng;Kai Liu,,Research Article;,10/8/2022 0:00,10.1016/j.canlet.2022.215933,36216654.0,2/14/2020 0:00,10.1016/j.canlet.2020.02.014,32067991.0,Retraction,Investigation by Third Party;Paper Mill;Results Not Reproducible;,No,see also: https://pubpeer.com/publications/333AE65483683ADF50A723BE34AD62;,,"This article has been retracted: please see Elsevier Policy on Article Withdrawal (http://www.elsevier.com/locate/withdrawalpolicy). This article has been retracted at the request of the authors. Following the publication of the above article, the authors found that “LINC00160 did not affect Atg5 and P65 protein expression in HCC cells, which was inconsistent with the result of this paper. Furthermore, we apologize to the readership of the Journal for any inconvenience caused.” Additionally, after publication, the journal was made aware of comments in relation to this article (https://pubpeer.com/publications/333AE65483683ADF50A723BE34AD62). The authors have not responded to our request to respond to these comments.",ok_via_pubmed,Retraction notice to “Long non-coding RNA LINC00160 functions as a decoy of microRNA-132 to mediate autophagy and drug resistance in hepatocellular carcinoma via inhibition of PIK3R3” [Canc. Lett. 478 (2020) 22–33],crossref,[],False,True,NO_STUB_NOT_ABSTRACT
40057.0,"Mechanism of MicroRNA-708 Targeting BAMBI in Cell Proliferation, Migration, and Apoptosis in Mice With Melanoma via the Wnt and TGF-β Signaling Pathways",(BLS) Biology - Cancer;(BLS) Biology - Cellular;(BLS) Genetics;,"Key Laboratory for Biotechnology on Medicinal Plants of Jiangsu Province, School of Life Science, Jiangsu Normal University, Xuzhou, People’s Republic of China; College of Health Sciences, Jiangsu Normal University, Xuzhou, People’s Republic of China; Emergency Center, The Affiliated Hospital of Xuzhou Medical University, Xuzhou, People’s Republic of China; Department of Plastic and Reconstructive Surgery, Peking Union Medical College Hospital, Chinese Academy of Medical Science and Peking Union Medical College, Beijing, People’s Republic of China;",Technology in Cancer Research & Treatment,SAGE Publications,China,Hong Jie Lu;Jing Yan;Pei Ying Jin;Gui Hong Zheng;Hai Lin Zhang;Ming Bai;Dong Mei Wu;Jun Lu;Yuan Lin Zheng,,Research Article;,10/6/2022 0:00,10.1177/15330338221126060,36203262.0,1/1/2018 0:00,10.1177/1533034618756784,29466930.0,Retraction,Concerns/Issues about Third Party Involvement;Duplication of/in Image;False/Forged Authorship;Falsification/Fabrication of Data;Investigation by Company/Institution;Investigation by Journal/Publisher;Manipulation of Images;Misconduct - Official Investigation(s) and/or Finding(s);Misconduct by Author;Original Data and/or Images not Provided and/or not Available;Paper Mill;Unreliable Results and/or Conclusions;,No,see https://www.nsfc.gov.cn/publish/portal0/tab442/info85495.htm,,"The aim of this study was to evaluate the mechanisms involved with miRNA-708 and its targeting of bone morphogenetic protein and activin membrane-bound inhibitor in cell proliferation, migration, and apoptosis in mice with melanoma via the Wnt and transforming growth factor β signaling pathways. Sixty mice were recruited of which 40 were subsequently assigned into the experimental group (22 mice were successfully established as melanoma model and 18 mice used in tumor xenograft), and the normal control group consisted of 20 mice. B16 cells were assigned to the normal, blank, and negative control, miR-708 mimics, miR-708 inhibitors, si-BAMBI, and miR-708 inhibitors + si-bone morphogenetic protein and activin membrane-bound inhibitor groups. Western blotting and reverse transcription quantitative polymerase chain reaction were employed to detect the expression levels within the tissues and cell lines. TCF luciferase reporter (TOP-FLASH) or a control vector (FOP-FLASH) was applied to detect the activity of the Wnt signaling pathway. MTT3-(4,5-Dimethylthiazol-2-yl)-2,5 diphenyltetrazolium bromide assay, flow cytometry, scratch test, and Transwell assay were conducted, respectively, for cell proliferation, apoptosis, migration, and invasion, while tumor xenograft procedures were performed on the nude mice recruited for the study. Compared to the normal control group, the model group displayed increased expressions of bone morphogenetic protein and activin membrane-bound inhibitor, Wnt10B, P53, and Bcl-2; TOPflash activity; β-catenin expression; cell proliferation; migration; and invasion capabilities while decreased expressions of miR-708, vascular endothelial growth factor, Fas, Bax, Caspase-3, and cleaved Caspase-3 and apoptosis rate. Compared to the blank and negative control groups, the miR-708 mimics and small-interfering RNA-bone morphogenetic protein and activin membrane-bound inhibitor groups exhibited decreases expressions of bone morphogenetic protein and activin membrane-bound inhibitor, Wnt10B, P53, and Bcl-2 and decreased proliferation, migration, and invasion capabilities, while increases in the apoptosis rate, expressions of vascular endothelial growth factor, Fas, Bax, Caspase-3, and cleaved Caspase-3; however, downregulated levels of TOPflash activity and β-catenin expression were recorded. The miR-708 inhibitors group displayed an opposite trend. Downregulation of miR-708-targeted bone morphogenetic protein and activin membrane-bound inhibitor inhibits the proliferation and migration of melanoma cells through the activation of the transforming growth factor β pathway and the suppression of Wnt pathway.",ok_via_pubmed,Retraction Notice,crossref,[],False,True,YES
40035.0,LncMAPK6 drives MAPK6 expressionand liver TIC self-renewal,(BLS) Biology - Cancer;(BLS) Biology - Cellular;(BLS) Genetics;,"Department of general surgery, The Fifth Affiliated Hospital of Guangzhou Medical University, Guangdong Sheng, China; Department of Abdominal Oncology, The Fifth Affiliated Hospital of Guangzhou Medical University, Guangdong Sheng, China; Department of General Surgery, Guangdong General Hospital, Guangdong Academy of Medical Sciences, Guangdong Sheng, China;",Journal of Experimental & Clinical Cancer Research: (CR),Springer - Biomed Central (BMC),China,Guangun Huang;Hui Jiang;Yueming He;Ye Lin;Wuzheng Xia;Yuanwei Luo;Min Liang;Boyun Shi;Xinke Zhou;Zhixiang Jian,,Research Article;,10/20/2022 0:00,10.1186/s13046-022-02517-9,36266670.0,5/15/2018 0:00,10.1186/s13046-018-0770-y,29764463.0,Retraction,Duplication of/in Image;Lack of IRB/IACUC Approval and/or Compliance;Original Data and/or Images not Provided and/or not Available;Paper Mill;Results Not Reproducible;Upgrade/Update of Prior Notice(s);,No,,,"Abstract Background Liver tumor initiating cells (TICs) have self-renewal and differentiate capacities, and largely contribute to tumor initiation, metastasis and drug resistance. MAPK signaling is a critical pathway in many biological processes, while its role in liver TICs hasn’t been explored. Methods Online-available dataset was used for unbiased screening. Liver TICs were examined CD133 FACS or oncosphere formation. TIC self-renewal was detected by oncosphere formation and tumor initiation assay. LncRNA function was detected by loss of function or gain of function assays. The molecular mechanism of lncRNA was explored by RNA pulldown, RNA immunoprecipitation, ChIP, western blot and double FISH. Results Here, we examined the expression profiles of MAPK components (MAPKs, MAP2Ks, MAP3Ks, MAP4Ks), and found MAPK6 is most highly expressed in liver cancer samples. Moreover, a divergent lncRNA (long noncoding RNA) of MAPK6, termed lncMAPK6 here, is also overexpressed along with liver tumorigenesis. LncMAPK6 promotes liver tumor propagation and TIC self-renewal through MAPK6. LncMAPK6 interacts with and recruits RNA polymerase II to MAPK6 promoter, and finally activates the transcription of MAPK6. Through MAPK6 transcriptional regulation, lncMAPK6 drives MARK signaling activation. LncMAPK6 -MAPK6 pathway can be used for liver TIC targeting. Altogether, lncMAPK6 promotes MARK signaling and the self-renewal of liver TICs through MAPK6 expression. Conclusion MAPK6 was the most highly expressed MAPK component in liver cancer and liver TICs and lncMAPK6 participated in the transcriptional regulation of MAPK6in cis. This work revealed the importance role of MAPK signaling in liver TIC self-renewal and added a new layer for liver TIC and MAPK6 expression regulation.",ok,Retraction Note: LncMAPK6 drives MAPK6 expressionand liver TIC self-renewal,crossref,[],False,True,YES
39502.0,MicroRNA-152 inhibits tumor cell growth while inducing apoptosis via the transcriptional repression of cathepsin L in gastrointestinal stromal tumor,(BLS) Biology - Cancer;(BLS) Biology - Cellular;(BLS) Genetics;,"Key Laboratory for Biotechnology on Medicinal Plants of Jiangsu Province, School of Life Science, Jiangsu, Normal University, Xuzhou, Jiangsu, China; Emergency Center, The Affiliated Hospital of Xuzhou Medical University, Xuzhou, Jiangsu, China; Department of Oncology, Linyi People’s Hospital, Linyi, Shandong, China;",Cancer Biomarkers,IOS Press (bought by Sage November 2023),China,Hong Jie Lu;Jing Yan;Pei Ying Jin;Gui Hong Zheng;Su Ming Qin;Dong Mei Wu;Jun Lu;Yuan Lin Zheng,,Research Article;,9/23/2022 0:00,10.3233/CBM-229005,36189582.0,2/14/2018 0:00,10.3233/CBM-170809,29278883.0,Retraction,Falsification/Fabrication of Data;Investigation by Company/Institution;Investigation by Third Party;Manipulation of Images;Misconduct - Official Investigation(s) and/or Finding(s);Misconduct by Author;Original Data and/or Images not Provided and/or not Available;Paper Mill;,No,see also: https://pubpeer.com/publications/0E7EBA46F3166B32A8ABC4987391FF and https://www.nsfc.gov.cn/publish/portal0/tab442/info85495.htm,,"This article has been retracted, and the online PDF has been watermarked ``RETRACTION''. The retraction notice is available at http://doi.org/10.3233/CBM229005.",ok,Retraction to: MicroRNA-152 inhibits tumor cell growth while inducing apoptosis via the transcriptional repression of cathepsin L in gastrointestinal stromal tumor,crossref,[],False,True,NO_STUB_NOT_ABSTRACT
39501.0,Long non-coding RNA HULC promotes bladder cancer cells proliferation but inhibits apoptosis via regulation of ZIC2 and PI3K/AKT signaling pathway,(BLS) Biology - Cancer;(BLS) Biology - Cellular;(BLS) Genetics;,"Department of Urology, The No.4 People’s Hospital of Hengshui, Hengshui 053000, Hebei, China; Department of Urology, Binzhou City Central Hospital, Binzhou 251700, Shandong, China; Department of Urology, Taian City Central Hospital, Taian 271000, Shandong, China;",Cancer Biomarkers,IOS Press (bought by Sage November 2023),China,Jintao Wang;Weimin Ma;Yidong Liu,,Research Article;,9/23/2022 0:00,10.3233/CBM-229006,36189583.0,12/6/2017 0:00,10.3233/CBM-170188,28946549.0,Retraction,Duplication of/in Image;Investigation by Third Party;Paper Mill;,No,see also: https://pubpeer.com/publications/ECCB3DFA88A643F1FF46A0AB5417CE,,"This article has been retracted, and the online PDF has been watermarked ``RETRACTION''. The retraction notice is available at http://doi.org/10.3233/CBM229006.",ok,Retraction to: Long non-coding RNA HULC promotes bladder cancer cells proliferation but inhibits apoptosis via regulation of ZIC2 and PI3K/AKT signaling pathway,crossref,[],False,True,NO_STUB_NOT_ABSTRACT
39495.0,MicroRNA-1246 inhibits cell invasion and epithelial mesenchymal transition process by targeting CXCR4 in lung cancer cells,(BLS) Biology - Cancer;(BLS) Biology - Cellular;(BLS) Genetics;,"Department of Thoracic Surgery, Peking Union Medical College Hospital, Beijing 100730, China;",Cancer Biomarkers,IOS Press (bought by Sage November 2023),China,Xiaohui Xu;Lei Cao;Ye Zhang;Hongjian Lain;Zhiwei Sun;Yushang Cui,,Research Article;,9/23/2022 0:00,10.3233/CBM-229007,36189584.0,2/6/2018 0:00,10.3233/CBM-170317,29171984.0,Retraction,Author Unresponsive;Falsification/Fabrication of Image;Investigation by Company/Institution;Investigation by Third Party;Misconduct - Official Investigation(s) and/or Finding(s);Misconduct by Author;Paper Mill;,No,see also: https://pubpeer.com/publications/140438352A45500C6112DF5202CA9E; see also: http://www.nhc.gov.cn/cms-search/xxgk/getManuscriptXxgk.htm?id=506681bfbc444f7ba1f053b5d4111f50,,"This article has been retracted, and the online PDF has been watermarked ``RETRACTION''. The retraction notice is available at http://doi.org/10.3233/CBM229007.",ok,Retraction to: MicroRNA-1246 inhibits cell invasion and epithelial mesenchymal transition process by targeting CXCR4 in lung cancer cells,crossref,[],False,True,NO_STUB_NOT_ABSTRACT
39272.0,MicroRNA-212 Inhibits Hepatocellular Carcinoma Cell Proliferation and Induces Apoptosis by Targeting FOXA1,(BLS) Biology - Cancer;(BLS) Biology - Cellular;(BLS) Genetics;,"Department of Hepatobiliary Surgery, Renmin Hospital, Hubei University of Medicine, Shiyan, People’s Republic of China; 2\Department of Gastroenterology, Renmin Hospital, Hubei University of Medicine, Shiyan, People’s Republic of China;",OncoTargets and Therapy,Taylor and Francis - Dove Press,China,Huahua Tu;Gang Wei;Qinhe Cai;Xianxiang Chen;Zequn Sun;Caitao Cheng;Linfei Zhang;Yong Feng;Huadong Zhou;Bo Zhou;Tiancai Zeng,,Research Article;,8/10/2022 0:00,10.2147/OTT.S385430,35975009.0,8/24/2015 0:00,10.2147/OTT.S87976,26347321.0,Retraction,Concerns/Issues about Data;Duplication of/in Image;Investigation by Journal/Publisher;Investigation by Third Party;Original Data and/or Images not Provided and/or not Available;Paper Mill;,No,see also: https://pubpeer.com/publications/5FF9FA0A15E31EA12AA90BBE870A8D,,"MircroRNA-212 (miR-212) is proposed as a novel tumor-related miRNA and has been found to be significantly deregulated in human cancers. In this study, the miR-212 expression was found to be obviously downregulated in hepatocellular carcinoma (HCC) tissues as compared with adjacent nontumor tissues. Clinical association analysis indicated that low expression of miR-212 was prominently correlated with poor prognostic features of HCC, including high AFP level, large tumor size, high Edmondson-Steiner grading, and advanced tumor-node-metastasis tumor stage. Furthermore, the miR-212 expression was an independent prognostic marker for predicting both 5-year overall survival and disease-free survival of HCC patients. Our in vitro studies showed that upregulation of miR-212 inhibited cell proliferation and induced apoptosis in HepG2 cells. On the contrary, downregulation of miR-212 promoted cell proliferation and suppressed apoptosis in Huh7 cells. Interestingly, we found that upregulation of miR-212 decreased FOXA1 expression in HepG2 cells. Significantly, FOXA1 was identified as a direct target of miR-212 in HCC. FOXA1 was downregulated in HCC tissues as compared with noncancerous tissues. An inverse correlation between FOXA1 and miR-212 expression was observed in HCC tissues. Notably, FOXA1 knockdown inhibited cell proliferation and induced apoptosis in HepG2 cells. In conclusion, miR-212 is a potent prognostic marker and may suppress HCC tumor growth by inhibiting FOXA1 expression.",ok_via_pubmed,MicroRNA-212 Inhibits Hepatocellular Carcinoma Cell Proliferation and Induces Apoptosis by Targeting FOXA1 [Retraction],crossref,[],False,True,YES
39271.0,Long Noncoding RNA KCNMB2-AS1 Increases ROCK1 Expression by Sponging microRNA-374a-3p to Facilitate the Progression of Non–Small-Cell Lung Cancer,(BLS) Biology - Cancer;(BLS) Biology - Cellular;(BLS) Genetics;,"Department of Thoracic Surgery, The People’s Hospital of Liaoning Province, Liaoning 110015, People’s Republic of China; Department of Thoracic Surgery, The Tenth People’s Hospital of Shenyang, Liaoning 110044, People’s Republic of China;",Cancer Management and Research,Taylor and Francis - Dove Press,China,Haitao Yang;Ziyi Wang;Zhenyuan Wang,,Research Article;,8/11/2022 0:00,10.2147/CMAR.S385608,35979065.0,12/11/2020 0:00,10.2147/CMAR.S270646,33335424.0,Retraction,Concerns/Issues about Data;Duplication of/in Image;Investigation by Third Party;Paper Mill;,No,,,"The expression and roles of most long noncoding RNAs (lncRNAs) in non-small-cell lung cancer (NSCLC) remain poorly understood. Thus, this study investigated  The KCNMB2-AS1/miR-374a-3p/ROCK1 pathway drives NSCLC progression, suggesting that this pathway can be targeted to reduce NSCLC progression.",ok_via_pubmed,Long Noncoding RNA KCNMB2-AS1 Increases ROCK1 Expression by Sponging microRNA-374a-3p to Facilitate the Progression of Non–Small-Cell Lung Cancer [Retraction],crossref,[],False,True,YES
39269.0,LncRNA NOP14-AS1 Promotes Tongue Squamous Cell Carcinoma Progression by Targeting MicroRNA-665/HMGB3 Axis,(BLS) Biology - Cancer;(BLS) Biology - Cellular;(BLS) Genetics;,"Department of Stomatology, The Third Affiliated Hospital of Qiqihar Medical University, Qiqihar, Heilongjiang, 161000, People’s Republic of China; Department of Stomatology, Qiqihaer Eye & ENT Hospital, Qiqihar, Heilongjiang, 161000, People’s Republic of China; Department of Stomatology, The First Hospital of Qiqihar (The Affiliated Qiqihar Hospital of Southern Medical University), Qiqihar, Heilongjiang, 161000, People’s Republic of China;",Cancer Management and Research,Taylor and Francis - Dove Press,China,Jiayi Li;Shuxia Fan;Shuang Liu;Guang Yang;Qingsong Jin;Zhen Xiao,,Research Article;,9/15/2022 0:00,10.2147/CMAR.S389692,36148317.0,3/26/2021 0:00,10.2147/CMAR.S293322,33814931.0,Retraction,Concerns/Issues about Data;Duplication of/in Image;Investigation by Third Party;Paper Mill;Upgrade/Update of Prior Notice(s);,No,see also: https://pubpeer.com/publications/1DF731BC6BDFCA15C72DCDF996F66E,,"The expression profile, clinical effects, and detailed roles of NOP14 antisense RNA 1 (NOP14-AS1) in tongue squamous cell carcinoma (TSCC) remain ambiguous and need to be further explored. Thus, this work was initiated to offer further solid evidence regarding the expression and roles of NOP14-AS1 in TSCC. Furthermore, additional efforts were exerted to reveal the molecular events by which NOP14-AS1 affects the malignant behaviours of TSCC. NOP14-AS1 expression was detected in TSCC tissues and cell lines using quantitative reverse transcription-polymerase chain reaction. Cell Counting Kit-8 assay, flow cytometric analysis, Transwell migration and invasion assays, and xenograft tumor model analysis were performed to assess the malignant biological behaviors of TSCC cells after NOP14-AS1 depletion. Mechanistic studies were performed using bioinformatics analysis, luciferase reporter assay, RNA immunoprecipitation, and rescue experiments. NOP14-AS1 upregulation was identified in TSCC tissues and cell lines. Patients with TSCC exhibiting a high NOP14-AS1 expression faced shorter overall survival than those with a low NOP14-AS1 expression. Functionally, NOP14-AS1 depletion facilitated apoptosis and impeded cell proliferation, migration, and invasion in TSCC. In vivo, the growth of TSCC cells was hindered by NOP14-AS1 depletion. Mechanically, NOP14-AS1 functioned as a competing endogenous RNA by sponging microRNA-665 (miR-665), thereby overexpressing the target high mobility group box 3 (HMGB3) of miR-665. Lastly, rescue experiments confirmed that the introduction of HMGB3 overexpression plasmid or miR-665 inhibitor could abrogate the inhibition of aggressive phenotypes triggered by NOP14-AS1 knockdown. NOP14-AS1 executed pro-oncogenic activities in TSCC cells by targeting the miR-665/HMGB3 axis. The NOP14-AS1/miR-665/HMGB pathway may be a valuable prognostic indicator and therapeutic target for preventing TSCC.",ok_via_pubmed,LncRNA NOP14-AS1 Promotes Tongue Squamous Cell Carcinoma Progression by Targeting MicroRNA-665/HMGB3 Axis [Retraction],crossref,[],False,True,YES
39267.0,Long Noncoding RNA LINC00525 Promotes the Aggressive Phenotype of Chordoma Through Acting as a microRNA-505-3p Sponge and Consequently Raising HMGB1 Expression,(BLS) Biology - Cancer;(BLS) Biology - Cellular;(BLS) Genetics;,"Department of Spine Surgery, The Second Xiangya Hospital, Central South University, Changsha, Hunan 410011, People’s Republic of China;",OncoTargets and Therapy,Taylor and Francis - Dove Press,China,Lei Li;Guohua Lv;Bing Wang;Hong Ma,,Research Article;,9/16/2022 0:00,10.2147/OTT.S389687,36148397.0,9/10/2020 0:00,10.2147/OTT.S268678,32982292.0,Retraction,Concerns/Issues about Data;Duplication of/in Image;Investigation by Third Party;Paper Mill;Upgrade/Update of Prior Notice(s);,No,see also: https://pubpeer.com/publications/B111ED30D74E51CBCEA1A784820F94,,"Long intergenic non-protein coding RNA 525 (LINC00525), a long noncoding RNA, has been implicated in the carcinogenesis and progression of many human cancer types. However, the detailed roles of LINC00525 in chordoma and the underlying mechanisms are not fully understood. Here, we aimed to determine whether LINC00525 could modulate the oncogenicity of chordoma cells and to elucidate in detail the molecular events underlying these tumor-promoting activities. Reverse-transcription quantitative polymerase chain reactions were performed to assess LINC00525 expression in chordoma. The effects of LINC00525 silencing on chordoma cell proliferation, apoptosis, migration, and invasiveness in vitro and tumor growth in vivo were respectively tested using CCK-8 assay, flow cytometry, migration and invasion assays, and xenograft experiments. High LINC00525 expression levels were detected in chordoma tissues. The proliferative, migratory, and invasive abilities of chordoma cells in vitro and their tumor growth in vivo were suppressed by the LINC00525 knockdown, whereas apoptosis was induced by it. Mechanistically, LINC00525 acted as a molecular sponge of microRNA-505-3p (miR-505-3p) and upregulated the expression of high mobility group box 1 (HMGB1), which is directly targeted by miR-505-3p. Rescue assays indicated that increasing the output of miR-505-3p-HMGB1 axis attenuated the effects of LINC00525 depletion on chordoma cells. LINC00525, a pro-oncogenic long noncoding RNA, promotes chordoma progression by regulating the miR-505-3p-HMGB1 axis. The LINC00525-miR-505-3p-HMGB1 pathway may be a novel therapeutic target in chordoma.",ok_via_pubmed,Long Noncoding RNA LINC00525 Promotes the Aggressive Phenotype of Chordoma Through Acting as a microRNA-505-3p Sponge and Consequently Raising HMGB1 Expression [Retraction],crossref,[],False,True,YES
39210.0,MicroRNA-433 inhibits oral squamous cell carcinoma cells by targeting FAK,(BLS) Biology - Cancer;(BLS) Biology - Cellular;(BLS) Genetics;,"Key Laboratory for Biotechnology on Medicinal Plants of Jiangsu Province, School of Life Science, Jiangsu Normal University, Xuzhou 221116, P.R. China; School of Environment Science and Spatial Informatics, China University of Mining and Technology, Xuzhou 221008, P.R. China; Jiangsu Key Laboratory for Eco-Agricultural Biotechnology around Hongze Lake, School of Life Sciences, Huaiyin Normal University, Huaian 223300, P.R. China; Department of Oral and Maxillofacial Surgery, Guanghua School and Hospital of Stomatology, Guangdong Provincial Key Laboratory of Oral Diseases, Sun Yat-Sen University, Guangzhou 510055, P.R. China;",Oncotarget,Impact Journals,China,Yong Jian Wang;Zi Feng Zhang;Shao Hua Fan;Juan Zhuang;Qun Shan;Xin Rui Han;Xin Wen;Meng Qiu Li;Bin Hu;Chun Hui Sun;Bin Qian;Qian Tao;Dong Mei Wu;Jun Lu;Yuan Lin Zheng,,Research Article;,9/14/2022 0:00,10.18632/oncotarget.28270,36128325.0,10/27/2017 0:00,10.18632/oncotarget.22151,29245973.0,Retraction,Falsification/Fabrication of Data;Investigation by Company/Institution;Investigation by Journal/Publisher;Investigation by Third Party;Manipulation of Images;Misconduct - Official Investigation(s) and/or Finding(s);Misconduct by Author;Original Data and/or Images not Provided and/or not Available;Paper Mill;,No,see https://www.nsfc.gov.cn/publish/portal0/tab442/info85495.htm,,"We investigated the involvement of microRNA-433 (miR-433) in the proliferation, migration, and invasiveness of oral squamous cell carcinoma (OSCC). Totally 108 OSCC tissues and adjacent normal tissues from patients with OSCC were collected. Also, transplanted tumor formation experiment in nude mice was conducted to verify the effect of miR-433 and FAK on subcutaneous transplanted tumor. The CD44",ok_via_pubmed,Retraction: MicroRNA-433 inhibits oral squamous cell carcinoma cells by targeting FAK,crossref,[],False,True,YES
38995.0,"MicroRNA-182 downregulates Wnt/β-catenin signaling, inhibits proliferation, and promotes apoptosis in human osteosarcoma cells by targeting HOXA9",(BLS) Biology - Cancer;(BLS) Biology - Cellular;(BLS) Genetics;,"Key Laboratory for Biotechnology on Medicinal Plants of Jiangsu Province, School of Life Science, Jiangsu Normal University, Xuzhou 221116, P.R. China; Department of Orthopedics, The Third Affiliated Hospital, Shenzhen University, Shenzhen 518002, P.R. China;",Oncotarget,Impact Journals,China,Zi Feng Zhang;Yong Jian Wang;Shao Hua Fan;Shi Xin Du;Xue Dong Li;Ding Mei Wu;Jun Lu;Yuan Lin Zheng,,Research Article;,9/6/2022 0:00,10.18632/oncotarget.28269,36082358.0,11/24/2017 0:00,10.18632/oncotarget.21167,29254169.0,Retraction,Concerns/Issues about Data;Falsification/Fabrication of Data;Investigation by Company/Institution;Investigation by Third Party;Manipulation of Images;Misconduct - Official Investigation(s) and/or Finding(s);Misconduct by Author;Original Data and/or Images not Provided and/or not Available;Paper Mill;,No,see also: https://pubpeer.com/publications/31AA682C87F797D13B1E6132032519 and https://www.nsfc.gov.cn/publish/portal0/tab442/info85495.htm,,"We investigated the mechanisms by which microRNA (miR)-182 promotes apoptosis and inhibits proliferation in human osteosarcoma (OS) cells. Levels of miR-182 and Homeobox A9 (HOXA9) expression were compared between human OS and normal cells. Subjects were divided into OS and normal groups. We analyzed the target relationship of miR-182 and Homeobox A9 (HOXA9). Cells were then assigned into blank, negative control, miR-182 mimics, miR-182 inhibitors, siRNA-HOXA9, or and miR-182 inhibitors + siRNA-HOXA9 groups. Cell function was assayed by CCK-8, flow cytometry and wound healing assay. Additionally, we analyzed OS tumor growth in a xenograft mouse model. Dual-luciferase reporter assays indicated miR-182 directly targets HOXA9. Reverse transcription quantitative PCR and western blotting revealed elevated expression of miR-182, WIF-1, BIM, and Bax, and reduced expression of HOXA9, Wnt, β-catenin, Survivin, Cyclin D1, c-Myc, Mcl-1, Bcl-xL, and Snail in osteosarcoma cells treated with miR-182 mimic or siRNA-HOXA9 as compared to controls. Osteosarcoma cells also exhibited decreased cell proliferation, migration, and tumor growth, and increased apoptosis when treated with miR-182 mimic or siRNA-HOXA9. Correspondingly, in a xenograft mouse model, osteosarcoma tumor volume and growth were increased when cells were treated with miR-182 inhibitor and decreased by miR-182 mimic or siRNA-HOXA9. These results indicate that miR-182 downregulates Wnt/β-catenin signaling, inhibits cell proliferation, and promotes apoptosis in osteosarcoma cells by suppressing HOXA9 expression.",ok_via_pubmed,"Retraction: MicroRNA-182 downregulates Wnt/β-catenin signaling, inhibits proliferation, and promotes apoptosis in human osteosarcoma cells by targeting HOXA9",crossref,[],False,True,YES
38890.0,K-ras-ERK1/2 down-regulates H2A.XY142ph through WSTF to promote the progress of gastric cancer,(BLS) Biology - Cancer;(BLS) Biology - Cellular;(BLS) Genetics;,"Department of Clinical Medicine, Qujing Medical College, Qujing, 655000, Yunnan, China; Department of Pharmacy, Qujing Medical College, Sanjiang Avenue, Economic Development Zone, Qilin District, Qujing, 655000, Yunnan, China;",BMC Cancer,Springer - Biomed Central (BMC),China,Chao Dong;Jing Sun;Sha Ma;Guoying Zhang,,Research Article;,9/7/2022 0:00,10.1186/s12885-022-10052-1,36071398.0,5/31/2019 0:00,10.1186/s12885-019-5750-x,31151422.0,Retraction,Concerns/Issues about Image;Concerns/Issues about Third Party Involvement;Investigation by Third Party;Original Data and/or Images not Provided and/or not Available;Paper Mill;Results Not Reproducible;Unreliable Data;,No,see also: https://pubpeer.com/publications/E189495A1D55B045BE860581669C01,,"Abstract Background Histone H2AX phosphorylation at the site of Tyr-142 can participates in multiple biological progressions, which is including DNA repair. Ras pathway is closely involved in human cancers. Our study investigated the effects of Ras pathway via regulating H2AX. Y142ph . Methods Gastric cancer cell line SNU-16 and MKN1 cells were transfected with Ras for G12D and T35S site mutation. The phosphorylation of H2A.X Y142 and ERK1/2, WSTF and MDM2 was detected by western blot. Cell viability, cell colonies and migration was analyzed by MTT assay, soft-agar colony formation assay, and Transwell assay, respectively. The expression of Ras pathway related downstream factors, EYA3 and WSTF was detected by qRT-PCR. The relationship between Ras and downstream factors were detected by ChIP. The cell cycle progression was measured by flow cytometry. Results Ras G12D/T35V transection decreased the phosphorylation of H2A.X Y142 and activated phosphorylation of ERK-1/2. H2A.X Y142 inhibited cell viability, colonies and migration. H2A.X Y142ph altered the expression of Ras downstream factors. CHIP assay revealed that Ras G12D/T35V could bind to the promoters of these Ras pathway downstream factors. Silence of EYA3 increased H2A.X Y142ph and inhibited cell viability, migration and percent cells in S stage. Furthermore, silence of EYA3 also changed the downstream factors expression. WSTF and H2A.X Y142ph revealed the similar trend and MDM2 on the opposite. Conclusion Ras/ERK signal pathway decreased H2A.X Y142ph and promoted cell growth and metastasis. This Ras regulation process was down-regulated by the cascade of MDM2-WSTF-EYA3 to decrease H2A.X Y142ph in SNU-16 cells.",ok,This article has been retracted. Please see the Retraction Notice for more detail: https://doi.org/10.1186/s12885-019-5750-x,crossref,[],False,True,YES
38603.0,Long Non-Coding RNA LINC00239 Functions as a Competitive Endogenous RNA by Sponging microRNA-484 and Enhancing KLF12 Expression to Promote the Oncogenicity of Colorectal Cancer,(BLS) Biology - Cancer;(BLS) Biology - Cellular;(BLS) Genetics;,"Department of Colorectal and Anal Surgery, First Hospital of Jilin University, Changchun, Jilin 130021, People’s Republic of China;",OncoTargets and Therapy,Taylor and Francis - Dove Press,China,Xiaofan Luo;Meng Yue;Chengang Li;Di Sun;Lei Wang,,Research Article;,8/5/2022 0:00,10.2147/OTT.S384679,35958053.0,11/23/2020 0:00,10.2147/OTT.S278582,33262607.0,Retraction,Duplication of/in Image;Investigation by Journal/Publisher;Investigation by Third Party;Paper Mill;Upgrade/Update of Prior Notice(s);,No,see also: https://pubpeer.com/publications/0FA6780247E4D254B36177D09C2C03,,Quantitative real-time polymerase chain reaction was used to detect  The LINC00239/miR-484/KLF12 pathway executed critical roles in CRC oncogenicity and may provide potential targets for CRC treatments.,ok_via_pubmed,Long Non-Coding RNA LINC00239 Functions as a Competitive Endogenous RNA by Sponging microRNA-484 and Enhancing KLF12 Expression to Promote the Oncogenicity of Colorectal Cancer [Retraction],crossref,[],False,True,YES
38555.0,Linc00210 drives Wnt/β-catenin signaling activation and liver tumor progression through CTNNBIP1-dependent manner,(BLS) Biology - Cancer;(BLS) Biology - Cellular;(BLS) Genetics;,"Department of Cancer Biology Immunotherapy, The Affiliated Cancer Hospital of Zhengzhou University and Henan Cancer Hospital, 127 Dongming Road, Zhengzhou, 450003, Henan, China; Department of Histology and Embryology, College of Basic Medicine, Zhengzhou University, 100 Kexue Road, Zhengzhou, 450052, Henan, China; Department of Pathology, School of Medicine, University of Virginia, Charlottesville, VA, 22908, USA; Department of Otolaryngology, Medical School, University of Minnesota, Twin Cities Campus, Minneapolis, MN, 55414, USA; Department of Hepatopancreatobiliary Surgery, The Affiliated Cancer Hospital of Zhengzhou University and Henan Cancer Hospital, Zhengzhou, 450003, Henan, China; Department of Nuclear Medicine, The Affiliated Beijing Anzhen Hospital of Capital Medical University, Capital Medical University, Beijing, 100029, China;",Molecular Cancer,Springer - Biomed Central (BMC),China,Xiaomin Fu;Xiaoyan Zhu;Fujun Qin;Yong Zhang;Jizhen Lin;Yuechao Ding;Zihe Yang;Yiman Shang;Li Wang;Qinxian Zhang;Quanli Gao,,Research Article;,8/10/2022 0:00,10.1186/s12943-022-01633-6,35945589.0,3/14/2018 0:00,10.1186/s12943-018-0783-3,29540185.0,Retraction,Duplication of/in Image;Investigation by Third Party;Lack of IRB/IACUC Approval and/or Compliance;Original Data and/or Images not Provided and/or not Available;Paper Mill;Unreliable Data;,No,see also https://pubpeer.com/publications/D76B8FF579D4A78B1BE370615D139A,,"Abstract Background Liver tumor initiating cells (TICs) have self-renewal and differentiation properties, accounting for tumor initiation, metastasis and drug resistance. Long noncoding RNAs are involved in many physiological and pathological processes, including tumorigenesis. DNA copy number alterations (CNA) participate in tumor formation and progression, while the CNA of lncRNAs and their roles are largely unknown. Methods LncRNA CNA was determined by microarray analyses, realtime PCR and DNA FISH. Liver TICs were enriched by surface marker CD133 and oncosphere formation. TIC self-renewal was analyzed by oncosphere formation, tumor initiation and propagation. CRISPRi and ASO were used for lncRNA loss of function. RNA pulldown, western blot and double FISH were used to identify the interaction between lncRNA and CTNNBIP1. Results Using transcriptome microarray analysis, we identified a frequently amplified long noncoding RNA in liver cancer termed linc00210 , which was highly expressed in liver cancer and liver TICs. Linc00210 copy number gain is associated with its high expression in liver cancer and liver TICs. Linc00210 promoted self-renewal and tumor initiating capacity of liver TICs through Wnt/β-catenin signaling. Linc00210 interacted with CTNNBIP1 and blocked its inhibitory role in Wnt/β-catenin activation. Linc00210 silencing cells showed enhanced interaction of β-catenin and CTNNBIP1, and impaired interaction of β-catenin and TCF/LEF components. We also confirmed linc00210 copy number gain using primary hepatocellular carcinoma (HCC) samples, and found the correlation between linc00210 CNA and Wnt/β-catenin activation. Of interest, linc00210, CTNNBIP1 and Wnt/β-catenin signaling targeting can efficiently inhibit tumor growth and progression, and liver TIC propagation. Conclusion With copy-number gain in liver TICs, linc00210 is highly expressed along with liver tumorigenesis. Linc00210 drives the self-renewal and propagation of liver TICs through activating Wnt/β-catenin signaling. Linc00210 interacts with CTNNBIP1 and blocks the combination between CTNNBIP1 and β-catenin, driving the activation of Wnt/β-catenin signaling. Linc00210 -CTNNBIP1-Wnt/β-catenin axis can be targeted for liver TIC elimination.",ok,This article has been retracted. Please see the Retraction Notice for more detail: https://doi.org/10.1186/s12943-018-0783-3.,crossref,[],False,True,YES
38325.0,Meg3 Induces EMT and Invasion of Glioma Cells via Autophagy,(BLS) Biology - Cancer;(BLS) Biology - Cellular;,"Department of Neurosurgery, The Second Affiliated Hospital of Anhui Medical University, Hefei 230601, People’s Republic of China; Cerebral Vascular Disease Research Center, Anhui Medical University, Hefei 230601, People’s Republic of China;",OncoTargets and Therapy,Taylor and Francis - Dove Press,China,Zhihao Yang;Erbao Bian;Yadi Xu;Xinghu Ji;Feng Tang;Chunchun Ma;Hongliang Wang;Bing Zhao,,Research Article;,7/14/2022 0:00,10.2147/OTT.S382060,35859566.0,1/31/2020 0:00,10.2147/OTT.S239648,32099402.0,Retraction,Concerns/Issues about Data;Duplication of/in Image;Original Data and/or Images not Provided and/or not Available;Paper Mill;Unreliable Results and/or Conclusions;,No,,,"Glioma is one of the most common malignant tumors. Glioblastoma (grade IV) is considered the most malignant form of human brain tumors. Maternal expression gene 3 (Meg3) encodes a non-coding RNA (ncRNA) that plays an important role in the development and progression of cancer. However, the role of Meg3 in glioma cells remains largely unclear. Reverse transcription-quantitative (RT-q) PCR was conducted to evaluate the mRNA expression related to cell autophagy and EMT while protein expression was detected by Western blotting. Staining of acidic vacuoles and immunofluorescence staining were used to detect autophagy. The ability of cells to migrate and invade was detected by Transwell migration and invasion assays. In the present study, it was found that the overexpression of Meg3 induced EMT, migration and invasion of glioma cells, whereas Meg3 overexpression induced autophagy of glioma cells. More importantly, the inhibition of autophagy impaired the EMT of glioma cells. In addition, Meg3-induced EMT, migration and invasion could be partially reversed by autophagy inhibitors, chloroquine (CQ) and Lys05, in glioma cells. All data suggest that Meg3 induces EMT and invasion of glioma cells via autophagy. Overall, the findings of the present study demonstrate the importance of Meg3 in the molecular etiology of glioma, which also indicate its potential applications in the treatment of glioma.",ok_via_pubmed,Meg3 Induces EMT and Invasion of Glioma Cells via Autophagy [Retraction],crossref,[],False,True,YES
38047.0,MicroRNA-497 inhibits thyroid cancer tumor growth and invasion by suppressing BDNF,(BLS) Biology - Cancer;(BLS) Biology - Cellular;(BLS) Genetics;,"Department of Thyroid Surgery, The First Hospital of Jilin University, Chaoyang District, Changchun 130021, China; Department of Orthopaedic Surgery, China-Japan Union Hospital of Jilin University, Jingyue District, Changchun 130033, China; Jilin Academy of Agricultural Sciences, Nanguan District, Changchun 130000, China;",Oncotarget,Impact Journals,China,Peisong Wang;Xianying Meng;Yan Huang;Zhi Lv;Jia Liu;Guimin Wang;Mei Meng;Shuai Xue;Qiang Zhang;Pengju Zhang;Guang Chen,,Research Article;,6/30/2022 0:00,10.18632/oncotarget.28248,35782050.0,1/10/2017 0:00,10.18632/oncotarget.13747,27926508.0,Retraction,Duplication of/in Image;Investigation by Journal/Publisher;Investigation by Third Party;Paper Mill;Results Not Reproducible;,No,see aslo: https://pubpeer.com/publications/CDCFA883C1517778024BFDF9BE1977,,"miR-497 reportedly plays critical roles in tumor development and progression in many types of cancers. We therefore investigated the function and underlying mechanism of miR-497 in thyroid cancer. We found that miR-497 is downregulated in thyroid cancer tissues, and that miR-497 levels are negatively correlated with advanced clinical stage and lymph node metastasis. Overexpressed miR-497 suppressed thyroid cancer cell proliferation, colony formation, migration, and invasion in vitro, and inhibited tumorigenesis in vivo. Moreover, brain-derived neurotrophic factor (BDNF), a known oncogene, was confirmed as a direct target of miR-497 in thyroid cancer cells. miR-497 overexpression suppressed BDNF expression and its downstream pathway(PI3K/AKT)in vitro and in vivo. BDNF levels were upregulated and inversely correlated with miR-497 levels in human thyroid cancer specimens. Rescue experiments showed that forced overexpression of BDNF effectively reversed the tumor suppressive functions of miR-497. These results show that miR-497 is a thyroid cancer tumor suppressor that acts by repressing BDNF.",ok_via_pubmed,Retraction: MicroRNA-497 inhibits thyroid cancer tumor growth and invasion by suppressing BDNF,crossref,[],False,True,YES
37827.0,Long non-coding RNA TPT1-AS1 promotes cell growth and metastasis in cervical cancer via acting AS a sponge for miR-324-5p,(BLS) Biology - Cancer;(BLS) Biology - Cellular;(BLS) Genetics;,"Department of Abdominal Oncology, The Fifth Affiliated Hospital of Guangzhou Medical University, Guangzhou, 510700, China; Department of Gynaecology, The Fifth Affiliated Hospital of Guangzhou Medical University, Guangzhou, 510700, China; Department of General Surgery, The Fifth Affiliated Hospital of Guangzhou Medical University, Guangzhou, 510700, China; Department of Anesthesia, The Fifth Affiliated Hospital of Guangzhou Medical University, Guangzhou, 510700, China;",Journal of Experimental & Clinical Cancer Research: (CR),Springer - Biomed Central (BMC),China,Hui Jiang;Guanqun Huang;Nianzhang Zhao;Ting Zhang;Mengni Jiang;Yueming He;Xinke Zhou;Xianhan Jiang,,Research Article;,6/22/2022 0:00,10.1186/s13046-022-02418-x,35729602.0,7/25/2018 0:00,10.1186/s13046-018-0846-8,30045766.0,Retraction,Concerns/Issues about Data;Duplication of/in Image;Investigation by Third Party;Paper Mill;,No,see also: https://pubpeer.com/publications/D86A0F2DFA1A3340AB2774C58C4763,,"Abstract Background Increasing studies confirmed that abnormal lncRNAs expression play a critical role in cervical cancer (CC) development and progression. LncRNA TPT1-AS1, a novel lncRNA, its role and underlying mechanisms involved in CC remain largely unknown. Methods Colony formation, EdU and Transwell assays were used to determine colony formation, proliferation, migration and invasion in vitro. The subcutaneous tumor model and tail vein injection lung metastasis model were performed to check tumor growth and metastasis in vivo. Luciferase activity and RIP experiment were carried out to determine the interaction between miR-324-5p and TPT1-AS1. Results We demonstrated for the first time that TPT1-AS1 expression was up-regulated in CC tissues and cell lines. High TPT1-AS1 was significantly correlated with adverse prognostic characteristics and poor survival. TPT1-AS1 overexpression and knockdown experiments revealed that TPT1-AS1 promoted cell colony formation, proliferation, migration, invasion and EMT progression of CC cells in vitro and in vivo. The underlying mechanism indicated that TPT1-AS1 functioned as an endogenous sponge for miR-324-5p in CC cells. Gain- and loss- experiment confirmed that miR-324-5p inhibited cell colony formation, proliferation, migration, invasion and EMT progression of CC cells, and mediated the biological effects of TPT1-AS1. Further investigations confirmed that SP1 was a direct target of miR-324-5p and mediated the effects of TPT1-AS1 and miR-324-5p in CC. Conclusions We demonstrated for the first time that TPT1-AS1 as an oncogenic lncRNA in CC progression and as a potential target for CC cure.",ok,This article has been retracted. Please see the Retraction Notice for more detail: https://doi.org/10.1186/s13046-018-0846-8.,crossref,[],False,True,YES
37672.0,miR-199a-5p suppresses epithelial- mesenchymal-transition in anaplastic thyroid carcinoma cells via targeting Snail signals,(BLS) Biochemistry;(BLS) Biology - Cancer;(BLS) Biology - Cellular;(BLS) Genetics;,"Department of Pathology, The Affiliated Hospital of Qingdao University, Qingdao, Shandong, China; Operating Room, The Affiliated Hospital of Qingdao University, Qingdao, Shandong, China; Thyroid Surgery, The Affiliated Hospital of Qingdao University, Qingdao, Shandong, China; Clinical Lab, The Affiliated Hospital of Qingdao University, Qingdao, Shandong, China; General Surgery, The Affiliated Hospital of Qingdao University, Qingdao, Shandong, China;",Cancer Biomarkers,IOS Press (bought by Sage November 2023),China,Fengyun Hao;Ya Nan Bi;Lei Wang;Yubing Wang;Jilei Ma;Ping Cui;Xuhua Li;Shukai Sun;Liang Ning;Yichuan Huang;Xuelong Jiao;Dong Chen,,Research Article;,6/2/2022 0:00,10.3233/CBM-229002,35694916.0,10/28/2020 0:00,10.3233/CBM-201518,32716347.0,Retraction,Contamination of Cell Lines/Tissues;Paper Mill;Results Not Reproducible;,No,,,"This article has been retracted, and the online PDF has been watermarked ``RETRACTION''. The retraction notice is available at http://doi.org/10.3233/CBM219902.",ok,Retraction to: miR-199a-5p suppresses epithelial-mesenchymal-transition in anaplastic thyroid carcinoma cells via targeting Snail signals,crossref,[],False,True,NO_STUB_NOT_ABSTRACT
37654.0,Silencing of LINC01116 Suppresses the Development of Oral Squamous Cell Carcinoma by up-Regulating microRNA-136 to Inhibit FN1,(BLS) Biology - Cancer;(BLS) Biology - Cellular;(BLS) Genetics;,"Department of Oral and Maxillofacial Surgery, Nanfang Hospital, Southern Medical University, Guangzhou 510515, People’s Republic of China; 2Department of Oral and Maxillofacial Surgery, Guanghua School and Hospital of Stomatology, Sun Yat-sen University, Guangzhou 510055, People’s Republic of China; Guangdong Provincial Key Laboratory of Oral Diseases, Sun Yat-sen University, Guangzhou 510055, People’s Republic of China; Department of Oral and Maxillofacial Surgery, The First Affiliated Hospital of Zhengzhou University, Zhengzhou 450052, People’s Republic of China;",Cancer Management and Research,Taylor and Francis - Dove Press,China,Zhifeng Chen;Qian Tao;Bin Qiao;Leitao Zhang,,Research Article;,6/7/2022 0:00,10.2147/CMAR.S376969,35698603.0,7/3/2019 0:00,10.2147/CMAR.S197583,31308744.0,Retraction,Duplication of/in Image;Investigation by Journal/Publisher;Investigation by Third Party;Original Data and/or Images not Provided and/or not Available;Paper Mill;,No,see also: https://pubpeer.com/publications/39CB219F72CD2059F3B3B790F4F9B0,,"Oral squamous cell carcinoma (OSCC), one of the most common cancers worldwide with a high mortality rate, is accompanied by poor prognosis, highlighting the significance of early diagnosis and effective treatment. Long non-coding RNAs (lncRNAs) have been linked with the development and progression of various cancers. In this study, aberrantly expressed lncRNA LINC01116, microRNA-136 (miR-136), and fibronectin1 (FN1) were identified in OSCC using a microarray analysis. Therefore, this study aimed to investigate the role of LINC01116/miR-136/FN1 regulatory axis in OSCC. The gain-of-function and loss-of-function experiments in vitro were performed to alter the expression of LINC01116 and miR-136 in OSCC cells to elucidate their effects on cellular processes, including epithelial-mesenchymal transition (EMT), viability, invasion, and migration. In addition, the interaction among LINC01116, miR-136, and FN1 was identified. Additionally, the tumorigenicity and lymph node metastasis (LNM) affected by LINC01116 were observed through xenograft tumor in nude mice. LINC01116 and FN1 were abundant in both OSCC tissues and cells, while miR-136 was poorly expressed. LINC01116 could competitively bind to miR-136, which targets and negatively regulates FN1. Moreover, in response to LINC01116 silencing or miR-136 over-expression, OSCC cells exhibited diminished EMT process and inhibited cell viability, invasion, and migration in vitro, coupling with impaired tumorigenicity and LNM in vivo. The fundamental findings in this study collectively demonstrate that LINC01116 silencing may inhibit the progression of OSCC",ok_via_pubmed,Silencing of LINC01116 Suppresses the Development of Oral Squamous Cell Carcinoma by up-Regulating microRNA-136 to Inhibit FN1 [Retraction],crossref,[],False,True,YES
37362.0,"Silencing circZFR Inhibits the Proliferation, Migration and Invasion of Human Renal Carcinoma Cells by Regulating miR-206",(BLS) Biology - Cancer;(BLS) Biology - Cellular;(BLS) Genetics;,"Department of Urology, The Second Affiliated Hospital, University of South China, Hengyang 421000, Hunan, People’s Republic of China; Department of Urology, Linyi People’s Hospital, Linyi 276003, Shandong, People’s Republic of China;",OncoTargets and Therapy,Taylor and Francis - Dove Press,China,Mi Wang;Yisheng Gao;Jie Liu,,Research Article;,5/18/2022 0:00,10.2147/OTT.S374910,35611369.0,9/13/2019 0:00,10.2147/OTT.S215012,31571906.0,Retraction,Duplication of/in Image;Investigation by Journal/Publisher;Investigation by Third Party;Original Data and/or Images not Provided and/or not Available;Paper Mill;,No,see also: https://pubpeer.com/publications/D70262E60C9B9AD1C3AEADF9817666,,"Renal cell carcinoma (RCC) is the most prevalent kind of kidney cancer. At present, the most efficient treatment mean is surgery. 40% patients with clear cell RCC (ccRCC) relapse after surgery. Identifying novel therapeutic markers and spots for early detection and treatment of RCC is necessary. qRT-PCR was utilized to quantify circZFR and miR-206 expression in CAKI-1 and ACHN cells. Cell viability was detected by CCK-8 assay. Colony formation capacity was measured by colony formation assay. Transwell assay was utilized to investigate migration and invasion capacity. Expression of migration and apoptosis-associated proteins was quantified by Western blot. As a result, circZFR was highly expressed in RCC tissues and cells. Si-circZFR suppressed cell growth, migration and invasion of experimental cells. In addition, knockdown of circZFR upregulated miR-206 expression. Moreover, the antigrowth, antimigrating and anti-invasive effects of si-circZFR were attenuated when downregulating miR-206. Furthermore, Met is the target gene of miR-206 in experimental cells. The suppression on these signaling pathways was acted by targeting miR-206/Met axis. The results demonstrated si-circZFR inhibited cell growth, migration and invasion in experimental cells by up-regulating of miR-206. Furthermore, si-circZFR suppressed Wnt/β-catenin and PI3K/AKT pathways via targeting miR-206/Met axis.",ok_via_pubmed,"Silencing circZFR Inhibits the Proliferation, Migration and Invasion of Human Renal Carcinoma Cells by Regulating miR-206 [Retraction]",crossref,[],False,True,YES
36509.0,The Silencing of LncRNA-H19 Decreases Chemoresistance of Human Glioma Cells to Temozolomide by Suppressing Epithelial-Mesenchymal Transition via the Wnt/β-Catenin Pathway,(BLS) Biology - Cancer;(BLS) Biology - Cellular;(BLS) Genetics;,"Department of Neurosurgery, CangZhou Central Hospital, Hebei, China;",OncoTargets and Therapy,Taylor and Francis - Dove Press,China,Linwei Jia;Yaohui Tian;Yonghan Chen;Gang Zhang,,Research Article;,4/7/2022 0:00,10.2147/OTT.S369352,35418757.0,1/11/2018 0:00,10.2147/OTT.S154339,29391808.0,Retraction,Author Unresponsive;Duplication of/in Image;Original Data and/or Images not Provided and/or not Available;Paper Mill;,No,,,"Temozolomide (TMZ) is commonly used for glioma chemotherapy. However, TMZ resistance limits the therapeutic effect of TMZ in glioma treatment. LncRNA-H19 acts as an oncogenic LncRNA in some types of cancers and has been reported to be up-regulated in glioma. In our present study, we established TMZ-resistant glioma cells (U-251TMZ and M059JTMZ) to explore the effect of H19 on the chemoresistance of glioma cells. We observed that the expression of H19 was significantly increased in U-251TMZ and M059JTMZ cells. Knockdown of H19 expression using specific shRNA in U-251TMZ and M059JTMZ led to decreased half maximal inhibitory concentration (IC Taken together, our data suggest that H19 decreased chemoresistance of glioma cells to TMZ by suppressing EMT via the inhibition of Wnt/β-Catenin pathway. Our study might represent a novel therapeutic target for TMZ-resistant glioma.",ok_via_pubmed,The Silencing of LncRNA-H19 Decreases Chemoresistance of Human Glioma Cells to Temozolomide by Suppressing Epithelial-Mesenchymal Transition via the Wnt/β-Catenin Pathway [Retraction],crossref,[],False,True,YES
36400.0,Down-regulated lncRNA DLX6-AS1 inhibits tumorigenesis through STAT3 signaling pathway by suppressing CADM1 promoter methylation in liver cancer stem cells,(BLS) Biology - Cancer;(BLS) Biology - Cellular;(BLS) Genetics;,"Key Laboratory for Biotechnology on Medicinal Plants of Jiangsu Province, School of Life Science, Jiangsu Normal University, Xuzhou, 221116, Jiangsu Province, People’s Republic of China; College of Health Sciences, Jiangsu Normal University, Xuzhou, 221116, Jiangsu Province, People’s Republic of China; State Key Laboratory Cultivation Base For TCM Quality and Efficacy, School of Medicine and Life Sciences, Nanjing University of Chinese Medicine, Nanjing, 210023, People’s Republic of China; Department of Pathology, Qiqihar Medical University, Qiqihar, 161006, People’s Republic of China;",Journal of Experimental & Clinical Cancer Research: (CR),Springer - Biomed Central (BMC),China,Dong Mei Wu;Zi Hui Zheng;Ying Bo Zhang;Shao Hua Fan;Zi Feng Zhang;Yong Jian Wang;Yuan Lin Zheng;Jun Lu,,Research Article;,4/1/2022 0:00,10.1186/s13046-022-02347-9,35365213.0,6/6/2019 0:00,10.1186/s13046-019-1239-3,31171015.0,Retraction,Concerns/Issues about Data;Concerns/Issues about Image;Concerns/Issues about Third Party Involvement;Contamination of Cell Lines/Tissues;Investigation by Third Party;Lack of IRB/IACUC Approval and/or Compliance;Paper Mill;,No,see also: https://pubpeer.com/publications/CCA17D47B64B854F96829545370DA4,,"Abstract Background Liver cancer stem cells (LCSCs) are a small subset of cells characterized by unlimited self-renewal, cell differentiation, and uncontrollable cellular growth. LCSCs are also resistant to conventional therapies and are thus believed to be held responsible for causing treatment failure of hepatocellular carcinoma (HCC). It has been recently found that long non-coding RNAs (lncRNAs) are important regulators in HCC. This present study aims to explore the underlying mechanism of how lncRNA DLX6-AS1 influences the development of LCSCs and HCC. Methods A microarray-based analysis was performed to initially screen differentially expressed lncRNAs associated with HCC. We then analyzed the lncRNA DLX6-AS1 levels as well as CADM1 promoter methylation. The mRNA and protein expression of CADM1, STAT3, CD133, CD13, OCT-4, SOX2, and Nanog were then detected. We quantified our results by evaluating the spheroid formation, proliferation, and tumor formation abilities, as well as the proportion of tumor stem cells, and the recruitment of DNA methyltransferase (DNMT) in LCSCs when lncRNA DLX6-AS1 was either overexpressed or silenced. Results LncRNA DLX6-AS1 was upregulated in HCC. The silencing of lncRNA DLX6-AS1 was shown to reduce and inhibit spheroid formation, colony formation, proliferation, and tumor formation abilities, as well as attenuate CD133, CD13, OCT-4, SOX2, and Nanog expression in LCSCs. Furthermore, downregulation of lncRNA DLX6-AS1 contributed to a reduction in CADM1 promoter methylation via suppression of DNMT1, DNMT3a, and DNMT3b in LCSCs and inactivating the STAT3 signaling pathway. Conclusion This study demonstrated that down-regulated lncRNA DLX6-AS1 may inhibit the stem cell properties of LCSCs through upregulation of CADM1 by suppressing the methylation of the CADM1 promoter and inactivation of the STAT3 signaling pathway.",ok,This article has been retracted. Please see the Retraction Notice for more detail: https://doi.org/10.1186/s13046-019-1239-3.,crossref,[],False,True,YES
36293.0,"Identification of novel signaling components in N,N'-Dinitrosopiperazine-mediated metastasis of nasopharyngeal Carcinoma by quantitative phosphoproteomics",(BLS) Biology - Cancer;(BLS) Biology - Cellular;(BLS) Toxicology;,"Medical Research Center and Clinical Laboratory, Xiangya Hospital, Central South University, Changsha, 410008, Hunan, China; Clinical Laboratory and Medical Research Center, Zhuhai Hospital, Jinan University, Zhuhai, 519000, Guangdong, China; Metallurgical Science and Engineering, Central South University, Changsha, 410008, P.R. China; Institute of Life and Health Engineering, and National Engineering and Research Center for Genetic Medicine, Jinan University, Guangzhou, 510632, China;",BMC Cancer,Springer - Biomed Central (BMC),China,Damao Huang;Yuejin Li;Na Liu;Zhenlin Zhang;Zhengke Peng;Chaojun Duan;Xiaowei Tang;Gongjun Tan;Guangrong Yan,,Research Article;,3/25/2022 0:00,10.1186/s12885-022-09365-y,35337275.0,4/5/2014 0:00,10.1186/1471-2407-14-243,24708550.0,Retraction,Concerns/Issues about Data;Duplication of/in Image;Investigation by Third Party;Paper Mill;Unreliable Data;Upgrade/Update of Prior Notice(s);,No,see also: https://pubpeer.com/publications/9E1A4F4ED045178E693092B520C6A6,,"Abstract Background Nasopharyngeal carcinoma (NPC) is a highly invasive and metastatic cancer. N,N’ - dinitrosopiperazine (DNP), a carcinogen with specificity for nasopharyngeal epithelium, facilitates NPC metastasis. However, the underlying mechanism is not known. Methods Quantitative phosphoproteomics, using stable isotope labeling of amino acids in cell cultures, was employed to identify phosphoproteins associated with NPC metastasis mediated by DNP. NPC cell line 6-10B, which is relatively less metastatic, was used to investigate DNP-mediated metastasis. Boyden chamber invasion assay was used to measure DNP-induced motility and invasion, and nude mice were used to verify DNP-mediated metastasis in vivo. Several different phosphoproteins detected by proteomics analysis were verified by immunoblotting. DNP-mediated metastasis facilitated by lysine-rich CEACAM1 co-isolated protein (LYRIC) phosphorylation at serine 568 was confirmed using mutations targeting the phosphorylation site of LYRIC. DNP-mediated metastasis through LYRIC phosphorylation was confirmed in the NPC cell line CNE1. DNP-mediated LYRIC phosphorylation at serine 568 was also verified in metastatic tumors of BABL/c nude mice. Results Boyden chamber invasion assay indicated that DNP mediated cell motility and invasion of NPC cell 6-10B in vitro , and experiments with nude mice indicated that DNP increased 6-10B metastasis in vivo. In the phosphoproteomics analysis, we detected 216 phosphorylation sites on 130 proteins; among these, 48 phosphorylation sites on 30 unique phosphopeptides were modulated by DNP by at least 1.5-fold. DNP mediated the expression of phosphorylated GTPase, ferritin, LYRIC, and RNA polymerase, and it decreased the expression of phosphorylated torsin-1A protein 1. Furthermore, DNP induced LYRIC phosphorylation at serine 568 to facilitate cell motility and invasion, whereas DNP-mediated motility and invasion was decreased when serine 568 in LYRIC was mutated. In another NPC cell line, CNE1, DNP also mediated cell motility and invasion followed by enhanced phosphorylation of LYRIC at serine 568. Finally, phosphorylated-LYRIC expression at serine 568 was significantly increased in metastatic tumors induced by DNP. Conclusion DNP regulates multiple signaling pathways through protein phosphorylation, including the phosphorylation of LYRIC at serine 568, and mediates NPC metastasis. These findings provide insights on the complexity and dynamics of DNP-facilitated metastasis, and may help to gain a better understanding of the mechanisms by clarifying NPC-induced metastasis.",ok,This article has been retracted. Please see the Retraction Notice for more detail: https://doi.org/10.1186/1471-2407-14-243 .,crossref,[],False,True,UNCLEAR
35486.0,MicroRNA-185 inhibits cell proliferation while promoting apoptosis and autophagy through negative regulation of TGF-β1/mTOR axis and HOXC6 in nasopharyngeal carcinoma,(BLS) Biology - Cancer;(BLS) Biology - Cellular;(BLS) Genetics;,"Department of Otolaryngology Head and Neck Surgery, The Second Hospital of Jilin University, Changchun 130041, Jilin, China; b Department of Pharmacy, The Second Hospital of Jilin University, Changchun 130041, Jilin, China;",Cancer Biomarkers,IOS Press (bought by Sage November 2023),China,Jin Zhang Cheng;Jun Jun Chen;Zong Gui Wang;Dan Yu,,Research Article;,2/9/2022 0:00,10.3233/CBM-220951,35147529.0,8/31/2018 0:00,10.3233/CBM-181459,29991129.0,Retraction,Investigation by Third Party;Manipulation of Images;Paper Mill;,No,see also: https://pubpeer.com/publications/5E01AF705FB735AE732DCB8149D6C6,,"This article has been retracted, and the online PDF replaced with this retraction notice. doi: 10.3233/CBM-220951",ok,Retraction to: MicroRNA-185 inhibits cell proliferation while promoting apoptosis and autophagy through negative regulation of TGF-β1/mTOR axis and HOXC6 in nasopharyngeal carcinoma,crossref,[],False,True,NO_STUB_NOT_ABSTRACT
35249.0,Knockdown of Hsa_circ_0000729 Inhibits the Tumorigenesis of Non-Small Cell Lung Cancer Through Mediation of miR-1281/FOXO3 Axis,(BLS) Biology - Cancer;(BLS) Biology - Cellular;(BLS) Genetics;,"Department of Cardiothoracic Surgery, Xinhua Hospital Affiliated to Shanghai Jiao Tong University School of Medicine, Shanghai, 200092, People’s Republic of China;",Cancer Management and Research,Taylor and Francis - Dove Press,China,Xiao Xie;Fangbao Ding;Haibo Xiao,,Research Article;,12/23/2021 0:00,10.2147/CMAR.S354560,34992459.0,11/10/2021 0:00,10.2147/CMAR.S318980,34785952.0,Retraction,Author Unresponsive;Concerns/Issues about Data;Duplication of/in Image;Investigation by Third Party;Original Data and/or Images not Provided and/or not Available;Paper Mill;,No,,,"Non-small cell lung cancer (NSCLC) is a subtype of lung cancer which seriously threatens the health of people. Circular RNAs (CircRNAs) are endogenous RNAs which have stable closed structure; they are known to be involved in tumorigenesis of NSCLC. Meanwhile, hsa_circ_0000729 was reported to be upregulated in NSCLC. Nevertheless, the function of hsa_circ_0000729 in NSCLC remains unclear. Western blot and RT-qPCR were performed to investigate protein and mRNA levels, respectively. CCK-8 assay was performed to test the cell viability and cell death was investigated by flow cytometry. NSCLC cell pyroptosis was observed by electron microscope. In addition, the migration and invasion of NSCLC cells were detected by wound healing and transwell assay. The relation among hsa_circ_0000729, miR-1281 and FOXO3 was explored by dual luciferase reporter assay and RNA pull-down. Hsa_circ_0000729 was found to be upregulated in NSCLC cells, and hsa_circ_0000729 knockdown obviously suppressed the proliferation of NSCLC cells through inducing pyroptosis. In addition, silencing of hsa_circ_0000729 notably inhibited the invasion and migration of NSCLC cells. Meanwhile, hsa_circ_0000729 could bind with miR-1281, and FOXO3 was directly targeted by miR-1281. Moreover, the anti-tumor effect of hsa_circ_0000729 siRNAs on NSCLC was markedly reversed by miR-1281 antagomir. Furthermore, silencing of hsa_circ_0000729 inhibited the tumor growth of NSCLC in vivo. Knockdown of hsa_circ_0000729 inhibits the tumorigenesis of NSCLC through mediation of miR-1281/FOXO3 axis. Thus, hsa_circ_0000729 might be served as a crucial mediator in NSCLC.",ok_via_pubmed,Knockdown of Hsa_circ_0000729 Inhibits the Tumorigenesis of Non-Small Cell Lung Cancer Through Mediation of miR-1281/FOXO3 Axis [Retraction],crossref,[],False,True,YES
35248.0,LINC00908 Promotes Diffuse Large B-Cell Lymphoma Development by Down-Regulating miR-671-5p,(BLS) Biology - Cancer;(BLS) Biology - Cellular;(BLS) Genetics;,"Department of Hematology, Nanfang Hospital, Southern Medical University, Guangzhou, Guangdong, People’s Republic of China;",Cancer Management and Research,Taylor and Francis - Dove Press,China,Hong Zeng;Yongqiang Wei;Xiaolei Wei;Ru Feng,,Research Article;,12/23/2021 0:00,10.2147/CMAR.S354559,34992458.0,4/30/2021 0:00,10.2147/CMAR.S299715,33958893.0,Retraction,Author Unresponsive;Concerns/Issues about Data;Concerns/Issues about Results and/or Conclusions;False/Forged Authorship;Original Data and/or Images not Provided and/or not Available;Paper Mill;,No,,,"Emerging evidence has revealed that long noncoding RNA (lncRNA) play important role in almost all kinds of human cancers. LINC00908 has been reported to be involved in the development of prostate cancer, colorectal cancer and gastric cancer which was functioned as an oncogene. However, the potential biology role and molecular mechanism of LINC00908 in diffuse large B-cell lymphoma are still unclear. LINC00908 and miR-671-5p expression were evaluated in DLBCL tissues and cell lines using RT-qPCR. CCK-8 and transwell assay were used to analyze the in vitro role of LINC00908 in DLBCL progression. The xenograft model was used to explore the in vivo role of LINC00908 in DLBCL growth. The physical interaction between LINC00908 and miR-671-5p was confirmed using bioinformatics analysis and a dual luciferase assay, RIP and RNA pull down. The expression of LINC00908 was markedly up-regulated in diffuse large B-cell lymphoma tissues and cell lines, and the decreased expression of LINC00908 significantly inhibited diffuse large B-cell lymphoma cell proliferation and invasion. Then, we revealed that LINC00908 directly interacted with miR-671-5p, which was down-regulated in diffuse large B-cell lymphoma cells and highly expressed with LINC00908 knockdown. Moreover, luciferase reporter assays and RNA immunoprecipitation (RIP) assay further proved that miR-671-5p is a direct target of LINC00908 in diffuse large B-cell lymphoma cells. Rescue experiments were also performed, and we confirmed that LINC00908 acts as an oncogene role in diffuse large B-cell lymphoma through miR-671-5p. Finally, the influence of LINC00908 silence significantly inhibited diffuse large B-cell lymphoma growth in vivo. LINC00908 promotes malignancy of diffuse large B-cell lymphoma through regulating miR-671-5p.",ok_via_pubmed,LINC00908 Promotes Diffuse Large B-Cell Lymphoma Development by Down-Regulating miR-671-5p [Retraction],crossref,[],False,True,YES
35224.0,Long Non-Coding RNA LINC00466 Knockdown Inhibits Tongue Squamous Cell Carcinoma Malignancy by Targeting microRNA-493/HMGA2,(BLS) Biology - Cancer;(BLS) Biology - Cellular;(BLS) Genetics;,"Department of Stomatology, Zaozhuang Municipal Hospital, Zaozhuang, Shandong 277100, People’s Republic of China;",Cancer Management and Research,Taylor and Francis - Dove Press,China,Chao Hou;Yanli Dong;Bo Du,,Research Article;,1/28/2022 0:00,10.2147/CMAR.S359876,35115836.0,12/22/2020 0:00,10.2147/CMAR.S282625,33376400.0,Retraction,Duplication of/in Image;Original Data and/or Images not Provided and/or not Available;Paper Mill;,No,,,"Long intergenic non-protein-coding RNA 00466 ( First,  These findings demonstrate that",ok_via_pubmed,Long Non-Coding RNA LINC00466 Knockdown Inhibits Tongue Squamous Cell Carcinoma Malignancy by Targeting microRNA-493/HMGA2 [Retraction],crossref,[],False,True,YES
35223.0,Knockdown of Long Noncoding RNA 00152 (LINC00152) Inhibits Human Retinoblastoma Progression,(BLS) Biology - Cancer;(BLS) Biology - Cellular;(BLS) Genetics;,"Department of Ophthalmology, The First Hospital of Jilin University, Changchun, People’s Republic of China; Department of Gastrointestinal Nutrition and Hernia Surgery, The Second Hospital of Jilin University, Changchun, People’s Republic of China; Department of Ophthalmology, The Second Hospital of Jilin University, Changchun, People’s Republic of China;",OncoTargets and Therapy,Taylor and Francis - Dove Press,China,Songhe Li;Dacheng Wen;Songtian Che;Zhihua Cui;Yabin Sun;Hua Ren;Jilong Hao,,Research Article;,1/26/2022 0:00,10.2147/OTT.S358900,35115786.0,6/6/2018 0:00,10.2147/OTT.S160428,29922070.0,Retraction,Duplication of/in Image;Manipulation of Images;Original Data and/or Images not Provided and/or not Available;Paper Mill;Unreliable Results and/or Conclusions;,No,,,"A growing body of evidence supports the involvement of long noncoding RNA 00152 (LINC00152) in the progression and metastasis of multiple cancers. However, the exact roles of LINC00152 in the progression of human retinoblastoma (RB) remain unknown. We explored the expression and biological function of human RB. The expression level of LINC00152 in RB tissues and cells was analyzed using quantitative real-time PCR. The function of LINC00152 was determined using a series of in vitro assays. In vivo, a nude mouse model was established to analyze the function of LINC00152. Gene and protein expressions were detected using quantitative real-time PCR and Western blot assays, respectively. The expression of LINC00152 mRNA was upregulated in RB tissues and cell lines. Knockdown of LINC00152 significantly inhibited cell proliferation, colony formation, migration, and invasion and promoted cell apoptosis and caspase-3 and caspase-8 activities in vitro, as well as suppressing tumorigenesis in vivo. We identified several genes related to proliferation, apoptosis, and invasion including Ki-67, Bcl-2, and MMP-9 that were transcriptionally inactivated by LINC00152. Taken together, these data implicate LINC00152 as a therapeutic target in RB.",ok_via_pubmed,Knockdown of Long Noncoding RNA 00152 (LINC00152) Inhibits Human Retinoblastoma Progression [Retraction],crossref,[],False,True,YES
35051.0,Effects of exogenous IL-37 on the biological characteristics of human lung adenocarcinoma A549 cells and the chemotaxis of regulatory T cells,(BLS) Biochemistry;(BLS) Biology - Cancer;(BLS) Biology - Cellular;(BLS) Genetics;,"Department of Clinical Laboratory, Affiliated Hospital of Guangdong Medical University, Zhanjiang 524001, Guangdong, China; Department of Interventional Ward, Affiliated Hospital of Guangdong Medical University, Zhanjiang 524001, Guangdong, China; Department of Hematology, Affiliated Hospital of Guangdong Medical University, Zhanjiang 524001, Guangdong, China; Department of Orthopedics, Affiliated Hospital of Guangdong Medical University, Zhanjiang 524001, Guangdong, China; Department of Clinical Immunology, Institute of Laboratory Medicine Guangdong Medical University, Dongguan 523808, Guangdong, China; Department of Pathology, Affiliated Hospital of Guangdong Medical University, Zhanjiang 524001, Guangdong, China;",Cancer Biomarkers,IOS Press (bought by Sage November 2023),China,Yu Hua Chen;Bi Yun Zhou;Guo Cai Wu;De Quan Liao;Jing Li;Si Si Liang;Xian Jin Wu;Jun Fa Xu;Yong Hua Chen;Xiao Qing Di;Qiong Yan Lin,,Research Article;,1/14/2022 0:00,10.3233/CBM-220950,35068449.0,2/14/2018 0:00,10.3233/CBM-170732,29278881.0,Retraction,Investigation by Third Party;Manipulation of Images;Paper Mill;Unreliable Results and/or Conclusions;,No,see also: https://pubpeer.com/publications/8A7BA1711BF6D2ADC81850446D5CB8,,"This article has been retracted, and the online PDF replaced with this retraction notice.",ok,Notice of retraction,crossref,[],False,True,NO_STUB_NOT_ABSTRACT
34959.0,Downregulation of hsa_circ_0001836 Induces Pyroptosis Cell Death in Glioma Cells via Epigenetically Upregulating NLRP1,(BLS) Biology - Cancer;(BLS) Biology - Cellular;(BLS) Genetics;,"Department of Neurosurgery, The First Affiliated Hospital of Xi’an Jiaotong University, Xi’an, China;",Frontiers in Oncology,Frontiers,China,Yong Liu;Hao Wu;Jiangpeng Jing;Huanfa Li;Shan Dong;Qiang Meng,https://retractionwatch.com/2022/01/11/frontiers-retracts-a-dozen-papers-many-more-expected/,Research Article;,12/29/2021 0:00,10.3389/fonc.2021.840877,35036362.0,3/31/2021 0:00,10.3389/fonc.2021.622727,33869006.0,Retraction,Concerns/Issues about Data;Investigation by Journal/Publisher;Objections by Third Party;Original Data and/or Images not Provided and/or not Available;Paper Mill;Unreliable Results and/or Conclusions;,No,see also: https://blog.frontiersin.org/2021/12/13/investigation-of-potentially-falsified-research/,,"Background It has been shown that circular RNAs (circRNAs) play a vital role in the progression of glioma. Recently, hsa_circ_0001836 was found to be upregulated in glioma tissues, but the role of hsa_circ_0001836 in glioma remains unclear. Methods EdU staining and flow cytometry assays were used to measure the viability and death of glioma cells. In addition, scanning electron microscopy (SEM) was used to observe the morphology of cells undergoing cell death. Results Hsa_circ_0001836 expression was upregulated in U251MG and SHG-44 cells. In addition, hsa_circ_0001836 knockdown significantly reduced the viability and proliferation of U251MG and SHG-44 cells. Moreover, hsa_circ_0001836 knockdown markedly induced the pyroptosis of U251MG and SHG-44 cells, evidenced by the increased expressions of NLRP1, cleaved caspase 1 and GSDMD-N. Meanwhile, methylation specific PCR (MSP) results indicated that hsa_circ_0001836 knockdown epigenetically increased NLRP1 expression via mediating DNA demethylation of NLRP1 promoter region. Furthermore, downregulation of hsa_circ_0001836 notably induced pyroptosis and inhibited tumor growth in a mouse xenograft model of glioma. Conclusion Collectively, hsa_circ_0001836 knockdown could induce pyroptosis cell death in glioma cells in vitro and in vivo via epigenetically upregulating NLRP1 expression. These findings suggested that hsa_circ_0001836 may serve as a potential therapeutic target for the treatment of glioma.",ok,Retraction: Downregulation of hsa_circ_0001836 Induces Pyroptosis Cell Death in Glioma Cells via Epigenetically Upregulating NLRP1,crossref,[],False,True,YES
34958.0,miRNA-193a-3p Regulates the AKT2 Pathway to Inhibit the Growth and Promote the Apoptosis of Glioma Cells by Targeting ALKBH5,(BLS) Biology - Cancer;(BLS) Biology - Cellular;(BLS) Genetics;,"Department of Neurosurgery, Third Affiliated Hospital of Naval Medical University, Shanghai, China; Department of Neurosurgery, Shanghai Tongji Hospital, Tongji University School of Medicine, Shanghai, China; Department of Neurosurgery, Changzheng Hospital of Naval Medical University, Shanghai, China;",Frontiers in Oncology,Frontiers,China,Yong Cui;Qi Wang;Jing Lin;Lei Zhang,https://retractionwatch.com/2022/01/11/frontiers-retracts-a-dozen-papers-many-more-expected/,Research Article;,12/29/2021 0:00,10.3389/fonc.2021.840650,35036361.0,4/23/2021 0:00,10.3389/fonc.2021.600451,33968717.0,Retraction,Concerns/Issues about Data;Investigation by Journal/Publisher;Objections by Third Party;Original Data and/or Images not Provided and/or not Available;Paper Mill;Unreliable Results and/or Conclusions;,No,see also: https://blog.frontiersin.org/2021/12/13/investigation-of-potentially-falsified-research/;,,"Emerging evidence indicates that microRNA (miR)-193a-3p is involved in the tumor progression of various cancers. However, the biological functions and precise molecular mechanisms of miR-193a-3p in gliomas have not been well documented. Accordingly, this study focused on the tumor suppressor role and molecular mechanisms of miR-193a-3p in glioma cells. miR-193a-3p expression was determined by qRT-PCR in glioma tissues and cell lines. U251 and U87 glioma cells were transfected with a miR-193a-3p mimic. The effects of miR-193a-3p on cell growth and apoptosis were investigated using MTT, colony-forming, and flow cytometry assays. Overexpression of miR-193a-3p in U87 cells also significantly suppressed tumorigenicity and induced apoptosis in the xenograft mouse model. Luciferase assays were conducted to determine if ALKBH5 is a direct target of miR-193a-3p in glioma cells. Immunoprecipitation was used to explore the interaction between ALKBH5 and RAC-serine/threonine-protein kinase 2 (AKT2) in glioma cells. miR-193a-3p was downregulated in glioma tissues and cell lines. miR-193a-3p treatment suppressed proliferation and promoted apoptosis in both U251 and U87 cells. Bioinformatics analysis and luciferase reporter assay identified a novel miR-193a-3p target, ALKBH5. Notably, the antitumor effect of miR-193a-3p transfection in glioma cells may be due to the miR-193a-3p–induced inhibition of AKT2 expression caused by the suppression of ALKBH5 expression. Furthermore, immunoprecipitation indicated that ALKBH5 physically interacted with AKT2 through an RNA-independent mechanism in glioma cells. miR-193a-3p directly targets ALKBH5 to inhibit the growth and promote the apoptosis of glioma cells by suppressing the AKT2 pathway both in vitro and in vivo , and the physical interaction between ALKBH5 and AKT2 is essential for suppressing cell apoptosis by upregulating miR-193a-3p in glioma cells. Our study revealed that the antitumor effects of miR-193a-3p on glioma cells is due to ALKBH5 mediation of the AKT2-induced intrinsic apoptosis signaling pathway.",ok,Rectraction: miRNA-193a-3p Regulates the AKT2 Pathway to Inhibit the Growth and Promote the Apoptosis of Glioma Cells by Targeting ALKBH5,crossref,[],False,True,YES
34957.0,LncRNA SNHG19 Promotes the Development of Non-Small Cell Lung Cancer via Mediating miR-137/E2F7 Axis,(BLS) Biology - Cancer;(BLS) Biology - Cellular;(BLS) Genetics;,"Department of Thoracic Surgery, Ruijin Hospital, Shanghai Jiaotong University School of Medicine, Shanghai, China; Radiotherapy Branch, Cancer Hospital, Taian, China; Department of Thoracic Surgery, The Third Affiliated Hospital of Chongqing Medical University, Chongqing, China;",Frontiers in Oncology,Frontiers,China,Guang Yin Zhao;Zhao Feng Ning;Rui Wang,https://retractionwatch.com/2022/01/11/frontiers-retracts-a-dozen-papers-many-more-expected/,Research Article;,12/29/2021 0:00,10.3389/fonc.2021.840907,35087764.0,3/25/2021 0:00,10.3389/fonc.2021.630241,33842336.0,Retraction,Concerns/Issues about Data;Investigation by Journal/Publisher;Objections by Third Party;Original Data and/or Images not Provided and/or not Available;Paper Mill;Unreliable Results and/or Conclusions;,No,see also: https://blog.frontiersin.org/2021/12/13/investigation-of-potentially-falsified-research/;,,"Objective Non-small cell lung cancer (NSCLC) is a common malignant tumor, which has high incidence and low the 5-year survival rate. Long non-coding RNAs (lncRNAs) play critical roles in carcinoma occurrence and metastasis. Herein, our aim was to investigate the effects of lncRNA SNHG19 in NSCLC progression. Materials and Methods Long non-coding RNA Small Nucleolar RNA Host Gene 19 (lncRNA SNHG19) expression level was measured by bioinformatics and qRT-PCR. Edu, Transwell, and scratch assays were performed to explore the role of si-SNHG19 or SNHG19 on NSCLC progression. Luciferase assay was used to verify the relationship between SNHG19/E2F7 and miR-137. The experiment of Xenograft was used for exploring the function of SNHG19 in vivo . Results SNHG19 was upregulated in cancer tissues, patients plasma and cell lines of NSCLC. Knockdown of SNHG19 inhibited cell proliferation, migration, and invasion. Luciferase assay confirmed that SNHG19 regulated E2F7 expression via interacting with miR-137. Overexpression of SNHG19 accelerated NSCLC tumor progression via miR-137/E2F7 axis both in vitro and in vivo . Conclusions Our results clarified the SNHG19 function for the first time, and SNHG19 promoted the progression of NSCLC, which was mediated by the miR-137/E2F7 axis. This study might provide new understanding and targets for NSCLC diagnosis and treatment.",ok,Retraction: LncRNA SNHG19 Promotes the Development of Non-Small Cell Lung Cancer via Mediating miR-137/E2F7 Axis,crossref,[],False,True,YES
34956.0,lncRNA-XLOC_012370 Promotes the Development of Pancreatic Cancer and Inactivates the NF-κB Pathway Through miR-140-5p,(BLS) Biology - Cancer;(BLS) Biology - Cellular;(BLS) Genetics;,"Department of Hepatopancreatobiliary Surgery, Henan Tumor Hospital Affiliated to Zhengzhou University, Zhengzhou, China;",Frontiers in Oncology,Frontiers,China,Han Xiao Nie;Ling Zhang;Tao He;Li Wang;Bai Shun Wan;Xiao Qian Wang;Feng Han,https://retractionwatch.com/2022/01/11/frontiers-retracts-a-dozen-papers-many-more-expected/,Research Article;,12/29/2021 0:00,10.3389/fonc.2021.841478,35036363.0,2/23/2021 0:00,10.3389/fonc.2020.620550,33708618.0,Retraction,Concerns/Issues about Data;Investigation by Journal/Publisher;Objections by Third Party;Original Data and/or Images not Provided and/or not Available;Paper Mill;Unreliable Results and/or Conclusions;,No,see also: https://www.frontiersin.org/articles/10.3389/fonc.2021.840907/full;,,"Pancreatic cancer is a high incidence, high degree of malignancy, and high mortality in the digestive system tumor. The incidence of pancreatic cancer in China has increased nearly six folds in the past 20 years, ranking fifth in the mortality rate of malignant tumors, so it is particularly important to actively explore clinical indicators with better diagnostic significance for pancreatic cancer. LncRNA performs an essential regulatory function in the occurrence, development, and metastasis of many kinds of tumors, playing both a carcinogenic role and a tumor suppressor gene. Here, we demonstrated the function and mechanism of LncRNA-XLOC_012370 in the development of pancreatic cancer. In our research, the abnormal upregulation of XLOC_012370 was observed in pancreatic cancer patients’ tumor tissues. XLOC_012370 was related to tumor stage, lymph node metastasis, and overall survival. Silencing of XLOC_012370 prevented the proliferation, migration, and invasion via the NF-κB signal pathway. Further, miR-140-5p was identified as the target and downstream of XLOC_012370 and involved in pancreatic cancer progression. In vivo , knockdown of XLOC_012370 inhibited tumor growth via the NF-κB signal pathway. In conclusion, lncRNA-XLOC_012370 is closely related to some malignant clinicopathological features and prognosis of pancreatic cancer. Thus the miR-140-5p/NF-κB signal pathway might represent a promising treatment strategy to combat pancreatic cancer.",ok,Retraction: lncRNA-XLOC_012370 Promotes the Development of Pancreatic Cancer and Inactivates the NF-κB Pathway Through miR-140-5p,crossref,[],False,True,YES
34955.0,LINC00337 Regulates KLF5 and Maintains Stem-Cell Like Traits of Cervical Cancer Cells by Modulating miR-145,(BLS) Biology - Cancer;(BLS) Biology - Cellular;(BLS) Genetics;,"Department of Obstetrics and Gynecology, The Second Affiliated Hospital of Harbin Medical University, Harbin, China;",Frontiers in Oncology,Frontiers,China,Qi Han;Wenjin Wu;Yulan Cui,https://retractionwatch.com/2022/01/11/frontiers-retracts-a-dozen-papers-many-more-expected/,Research Article;,12/30/2021 0:00,10.3389/fonc.2021.840051,35036358.0,8/14/2020 0:00,10.3389/fonc.2020.01433,32923396.0,Retraction,Concerns/Issues about Data;Investigation by Journal/Publisher;Objections by Third Party;Original Data and/or Images not Provided and/or not Available;Paper Mill;Unreliable Results and/or Conclusions;,No,see also: https://blog.frontiersin.org/2021/12/13/investigation-of-potentially-falsified-research/;,,"Accumulating literature and evidence has highlighted the cancer stem-like cell (CSC) model as a cellular mechanism responsible for the phenotypic heterogeneity observed in various types of cancers, including cervical cancer. Long non-coding RNAs (lncRNAs) have been implicated in the retention of stem cell-like traits in cancer cells. However, the role of lncRNAs in the acquisition and maintenance of CSCs in cervical cancer remains largely unknown. Hence, the current study identified that LINC00337 knockdown diminished the CSC-like properties of CD44 + /CD24 low/− SFCs, evidenced by a decline in the generation of tumorospheres and colonies, a reduction in multi-drug resistance gene-1 (MDR-1), Nanog, Sox2, and Oct4 expression, along with an enhancement in cell apoptosis. RNA pull-down assays and RNA immunoprecipitation revealed the role of LINC00337 as a competing endogenous RNA (ceRNA) of microRNA-145 (miR-145). Furthermore, the miR-145 mRNA target, Kruppel-like factor 5 (KLF5), was decreased in CD44 + /CD24 low/− SFCs upon LINC00337 knockdown. The in vitro results were reproduced in in vivo studies, which provided verification attesting that LINC00337 knockdown attenuated the tumorigenicity of CD44 + /CD24 low/− SFCs in nude mice. Taken together, the key findings of the current study demonstrate that LINC00337 acts as an oncogenic lncRNA in cervical cancer and exerts its influence on the expression of KLF5 and the maintenance of cancer stem cell-like properties by means of downregulating miR-145.",ok,Retraction: LINC00337 Regulates KLF5 and Maintains Stem-Cell Like Traits of Cervical Cancer Cells by Modulating miR-145,crossref,[],False,True,YES
34953.0,LncRNA DLX6-AS1 Promotes Malignant Phenotype and Lymph Node Metastasis in Prostate Cancer by Inducing LARGE Methylation,(BLS) Biology - Cancer;(BLS) Biology - Cellular;(BLS) Genetics;,"Department of Urology, Linyi People's Hospital of Shandong Province, Linyi, China; Special Needs Ward, Linyi People's Hospital of Shandong Province, Linyi, China;",Frontiers in Oncology,Frontiers,China,Zhifeng Zhao;Shuxia Liang;Fuguang Sun,https://retractionwatch.com/2022/01/11/frontiers-retracts-a-dozen-papers-many-more-expected/,Research Article;,12/30/2021 0:00,10.3389/fonc.2021.840152,35036360.0,8/6/2020 0:00,10.3389/fonc.2020.01172,32850336.0,Retraction,Concerns/Issues about Data;Investigation by Journal/Publisher;Objections by Third Party;Original Data and/or Images not Provided and/or not Available;Paper Mill;Unreliable Results and/or Conclusions;,No,see also: https://blog.frontiersin.org/2021/12/13/investigation-of-potentially-falsified-research/;,,"Long non-coding RNAs (lncRNAs) have recently become recognized as crucial players in cancer cellular events including proliferation, migration, and invasion. Herein, we investigated the potential role of lncRNA DLX6-AS1 in prostate cancer cell malignant behaviors and lymph node metastasis. A differentially expressed lncRNA DLX6-AS1 and its downstream regulatory gene (LARGE) were predicted by analysis in silico . RT-qPCR and western blot analysis results demonstrated that DLX6-AS1 was highly expressed, but LARGE was poorly expressed in prostate cancer tissues and cells. The online website indicated that DLX6-AS1 negatively targeted LARGE expression, which was validated by Pearson correlation analysis and MSP. ChIP, RIP, and RNA pull-down assays further suggested that DLX6-AS1 downregulated LARGE expression through recruitment of DNMT1 to its promoter. We induced DLX6-AS1/LARGE overexpression or knockdown to examine their effects through Edu and Transwell assays, which revealed that DLX6-AS1 overexpression accelerated proliferation, invasion, and migration of prostate cancer cells, and that overexpression of LARGE rescued these effects. Tumors xenografts studies confirmed that DLX6-AS1 promoted lymph node metastasis by regulating LARGE, as evidenced by enhanced expression of MMP-9, uPAR, and cathepsin B. In summary, DLX6-AS1 stimulated prostate cancer malignant progression and lymph node metastasis by inducing DNMT1-mediated LARGE methylation, highlighting a potential therapeutic target against prostate cancer.",ok,Retraction: LncRNA DLX6-AS1 Promotes Malignant Phenotype and Lymph Node Metastasis in Prostate Cancer by Inducing LARGE Methylation,crossref,[],False,True,YES
34952.0,Exosomal MicroRNA-221-3p Confers Adriamycin Resistance in Breast Cancer Cells by Targeting PIK3R1,(BLS) Biology - Cancer;(BLS) Biology - Cellular;(BLS) Genetics;,"Clinical Laboratory, Huadu Hospital, Southern Medical University, Guangzhou, China; Department of Infectious Diseases, Huadu Hospital, Southern Medical University, Guangzhou, China; Department of Breast Surgery, Huadu Hospital, Southern Medical University, Guangzhou, China;",Frontiers in Oncology,Frontiers,China,Xiaoping Pan;Xiaolv Hong;Jinguo Lai;Lu Cheng;Yandong Cheng;Mingmei Yao;Rong Wang;Na Hu,https://retractionwatch.com/2022/01/11/frontiers-retracts-a-dozen-papers-many-more-expected/,Research Article;,12/30/2021 0:00,10.3389/fonc.2021.839904,35036357.0,4/30/2020 0:00,10.3389/fonc.2020.00441,32426266.0,Retraction,Concerns/Issues about Data;Investigation by Journal/Publisher;Objections by Third Party;Original Data and/or Images not Provided and/or not Available;Paper Mill;Unreliable Results and/or Conclusions;,No,see also: https://blog.frontiersin.org/2021/12/13/investigation-of-potentially-falsified-research/,,"Drug resistance in breast cancer (BC) cells continues to be a stern obstacle hindering BC treatment. Adriamycin (ADR) is a frequently employed chemotherapy agent used to treat BC. The exosomal transfer of microRNAs (miRNAs) has been reported to enhance the drug-resistance of BC cells. Herein, we first sought to elucidate the possible role of the exosomal transfer of miR-221-3p in the drug resistance of MCF-7 cells to ADR. Differentially expressed genes (DEGs) were initially screened through microarray analysis in BC drug resistance-related datasets. Next, the expression of miR-221-3p and phosphoinositide-3-kinase regulatory subunit 1 (PIK3R1) was quantified in ADR-resistant MCF-7 (MCF-7/ADR) and ADR-sensitive MCF-7 (MCF-7/S) cell lines, after which exosomes were separated and identified in each cell line. Target relationship between miR-221-3p and PIK3R1 was validated by a dual-luciferase reporter assay. Next, the expression of miR-221-3p and PIK3R1 was altered to clarify their effects on the resistance of MCF-7 cells to ADR in vitro and in vivo . PIK3R1 was identified as a BC drug resistance-related DEG, with the regulatory miR-221-3p subsequently obtained. Moreover, the MCF-7/ADR cells exhibited a low expression of PIK3R1 and a high expression of miR-221-3p. Notably, PIK3R1 was identified as a target gene of miR-221-3p. The overexpression of miR-221-3p in MCF-7/ADR cell-derived exosomes promoted ADR resistance in MCF-7/S cells via the PI3K/AKT signaling pathway. The in vitro results were reproducible in in vivo assays. Taken together, drug-resistant BC cell-derived exosomal miR-221-3p can promote the resistance of BC cells to ADR by targeting PIK3R1 via the PI3K/AKT signaling pathway in vitro and in vivo . These findings provide encouraging insights and provide perspectives for further investigation into the BC drug resistance mechanism.",ok,Retraction: Exosomal MicroRNA-221-3p Confers Adriamycin Resistance in Breast Cancer Cells by Targeting PIK3R1,crossref,[],False,True,YES
34951.0,MicroRNA-27 Inhibits Autophagy and Promotes Proliferation of Multiple Myeloma Cells by Targeting the NEDD4/Notch1 Axis,(BLS) Biology - Cancer;(BLS) Biology - Cellular;(BLS) Genetics;,"Department of Hematology, Sichuan Academy of Medical Science & Sichuan People's Hospital, Chengdu, China;",Frontiers in Oncology,Frontiers,China,Feifei Che;Jiao Chen;Chunqian Wan;Xiaobing Huang,https://retractionwatch.com/2022/01/11/frontiers-retracts-a-dozen-papers-many-more-expected/,Research Article;,12/30/2021 0:00,10.3389/fonc.2021.840086,35036359.0,11/11/2020 0:00,10.3389/fonc.2020.571914,33262943.0,Retraction,Concerns/Issues about Data;Investigation by Journal/Publisher;Objections by Third Party;Original Data and/or Images not Provided and/or not Available;Paper Mill;Unreliable Results and/or Conclusions;,No,see also: https://blog.frontiersin.org/2021/12/13/investigation-of-potentially-falsified-research/,,"Multiple myeloma (MM) is a malignant tumor disease that seriously affects the health of patients. Previous studies have shown the crucial role of autophagy in the development of MM. Therefore, the study aimed to study the effect of miR-27 on autophagy in MM via NEDD4/Notch1 axis. RT-qPCR or western blot analysis was used to detect the expression of miR-27, NEDD4, and Notch1 in bone marrow tissues and CD138+ plasma cells of patients and MM cells. After gain- and loss-of-function assays in MM cells, proliferation and invasion were assessed by clone formation and Transwell assays. Meanwhile, expression of autophagy-related proteins was measured by western blot analysis, followed by evaluation of autophagosomes and autophagic flow. The targeting relationship was evaluated by luciferase reporter assay, whereas the binding of NEDD4 to Notch1 protein was analyzed by co-immunoprecipitation. The ubiquitination level of Notch1 protein was detected. A nude mouse tumor model was established to determine the role of miR-27 in MM in vivo . miR-27 and Notch1 upregulation and NEDD4 downregulation were observed in bone marrow tissues and CD138+ plasma cells of patients and MM cells. miR-27 negatively targeted NEDD4, while NEDD4 could specifically bind to Notch1 protein to increase Notch1 ubiquitin degradation in MM cells. miR-27 or Notch1 overexpression or NEDD4 silencing diminished autophagy but enhanced proliferation and invasion of MM cells. miR-27 upregulation promoted the formation of subcutaneous tumor in nude mice. Collectively, miR-27 elevated Notch1 expression by targeting NEDD4 and promoted the development of MM by inhibiting cell autophagy, which provides a new idea and basis for MM treatment.",ok,Retraction: MicroRNA-27 Inhibits Autophagy and Promotes Proliferation of Multiple Myeloma Cells by Targeting the NEDD4/Notch1 Axis,crossref,[],False,True,YES
34106.0,SNHG8 is Upregulated in Esophageal Squamous Cell Carcinoma and Directly Sponges microRNA-411 to Increase Oncogenicity by Upregulating KPNA2,(BLS) Biology - Cancer;(BLS) Biology - Cellular;(BLS) Genetics;,"Department of Gastroenterology, Sunshine Union Hospital, Weifang, Shandong 261061, People’s Republic of China; Department of Oncology, Qingdao Eighth People’s Hospital, Qingdao, Shandong 266100, People’s Republic of China; Department of Imaging, Binhai Hospital, Weifang People’s Hospital, Weifang, Shandong 262737, People’s Republic of China; Department of Thoracic Surgery, People’s Hospital of Weifang Binhai Economic and Technological Development Zone, Weifang, Shandong 262737, People’s Republic of China;",OncoTargets and Therapy,Taylor and Francis - Dove Press,China,Huali Song;Jinxia Song;Lianwei Lu;Shoubo Li,,Research Article;,10/4/2021 0:00,10.2147/OTT.S341939,34785905.0,8/29/2019 0:00,10.2147/OTT.S214881,31695414.0,Retraction,Duplication of/in Image;Investigation by Third Party;Original Data and/or Images not Provided and/or not Available;Paper Mill;,No,see also: https://pubpeer.com/publications/8018DA86A76C4F076C587903EFADF2,,"The long noncoding RNA, small nucleolar RNA host gene 8 (SNHG8), is upregulated in multiple human cancer types. However, whether SNHG8 is aberrantly expressed in esophageal squamous cell carcinoma (ESCC) and its biological functions have yet to be elucidated. Thus, we aimed to determine the expression status of SNHG8 in ESCC, explore the effects of SNHG8 on the oncogenicity of ESCC, and investigate the potential underlying mechanisms. SNHG8 expression in ESCC tissues and cell lines was determined via reverse-transcription quantitative polymerase chain reaction. The actions of SNHG8 on the malignant characteristics of ESCC were explored using CCK-8 assay, flow-cytometric analysis, Transwell migration and invasion assays, and tumor xenografts in nude mice. SNHG8 expression was significantly higher in ESCC tissues and cell lines. High SNHG8 expression was revealed to closely correlate with primary tumor invasion depth, lymph node metastases, TNM stage, and worse overall survival among patients with ESCC. Functional investigation showed that ablation of SNHG8 notably restricted ESCC cell proliferation, migration, and invasion while inducing apoptosis in vitro and hindered tumor growth in vivo. In the meantime, SNHG8 acted as a molecular sponge of microRNA-411 (miR-411) in ESCC. Furthermore, miR-411 exerted a tumor-suppressive effect on ESCC cells, and karyopherin alpha 2 ( SNHG8 may play oncogenic roles in the malignancy of ESCC by sponging miR-411 to increase KPNA2 expression. The SNHG8-miR-411-KPNA2 pathway may be a novel target for the treatment of patients with ESCC and offer potential biomarkers for the diagnosis and prognosis of ESCC.",ok_via_pubmed,SNHG8 is Upregulated in Esophageal Squamous Cell Carcinoma and Directly Sponges microRNA-411 to Increase Oncogenicity by Upregulating KPNA2 [Retraction],crossref,[],False,True,YES
33488.0,Long Intergenic Non-Coding RNA LINC00922 Aggravates the Malignant Phenotype of Breast Cancer by Regulating the microRNA-424-5p/BDNF Axis,(BLS) Biology - Cancer;(BLS) Biology - Cellular;(BLS) Genetics;,"Department of Breast Surgery, The First People’s Hospital of Jingzhou, Jingzhou, Hubei, 434000, People’s Republic of China;",Cancer Management and Research,Taylor and Francis - Dove Press,China,Xin Yue;Zhuo Wang,,Research Article;,10/4/2021 0:00,10.2147/CMAR.S341930,34675655.0,8/21/2020 0:00,10.2147/CMAR.S267665,32904382.0,Retraction,Concerns/Issues about Data;Duplication of/in Image;Paper Mill;Unreliable Results and/or Conclusions;,No,see also: https://pubpeer.com/publications/7A786F9FF30ADAF3AEE94F3485EB65,,"Long intergenic non-coding RNA 922 (LINC00922) plays a critical role in the progression of lung cancer. In this study, we aimed to quantify LINC00922 expression in breast cancer and determine its influence on the malignant behavior of breast cancer cells in vitro and in vivo. We also investigated the mechanism by which LINC00922 affects the progression of breast cancer. Reverse transcription-quantitative polymerase chain reaction was performed to quantify LINC00922 expression in breast cancer tissues and cell lines. The cell counting kit-8 assay, flow cytometry, Transwell migration and invasion assays, and tumor model assays were performed to determine the effects of LINC00922 deficiency on breast cancer cell proliferation, apoptosis, migration and invasion in vitro, and tumor growth in vivo, respectively. Furthermore, bioinformatics analysis was performed to predict the potential target microRNA of LINC00922. The prediction was further evaluated using luciferase reporter and RNA immunoprecipitation assays. LINC00922 was clearly overexpressed in breast cancer tissues and cell lines. LINC00922 depletion restricted breast cancer cell proliferation, migration, and invasion but induced cell apoptosis in vitro. Additionally, its knockdown evidently repressed tumor growth of breast cancer cells in vivo. Mechanistically, LINC00922 was demonstrated to serve as a molecular sponge for miR-424-5p in breast cancer cells. Furthermore, brain-derived neurotrophic factor (BDNF) was verified as a direct target of miR-424-5p in breast cancer cells, and BDNF expression was found to be positively regulated by LINC00922 through sponging miR-425-5p. Rescue experiments further revealed that the influences on breast cancer cell proliferation, apoptosis, migration, and invasion induced by LINC00922 silencing were abrogated by increasing the output of the miR-424-5p/BDNF axis. The LINC00922/miR-424-5p/BDNF pathway is implicated in the acceleration of the malignant behavior of breast cancer cells. These findings suggest that this pathway is a promising novel molecular target in breast cancer therapy.",ok_via_pubmed,Long Intergenic Non-Coding RNA LINC00922 Aggravates the Malignant Phenotype of Breast Cancer by Regulating the microRNA-424-5p/BDNF Axis [Retraction],crossref,[],False,True,YES
33486.0,Long Non-Coding RNA HAND2-AS1 Inhibits Growth and Migration of Gastric Cancer Cells Through Regulating the miR-590-3p/KCNT2 Axis,(BLS) Biology - Cancer;(BLS) Biology - Cellular;(BLS) Genetics;,"Clinical Medical Research Center, Inner Mongolia People’s Hospital, Hohhot 010017, People’s Republic of China; Department of Oncology, Inner Mongolia People’s Hospital, Hohhot 010017, People’s Republic of China; Medical Engineering Department, Inner Mongolia People’s Hospital, Hohhot 010017, People’s Republic of China;",OncoTargets and Therapy,Taylor and Francis - Dove Press,China,Lan Yu;Hui Li;Zhiying Li;Jianchao Jia;Zhouying Wu;Min Wang;Feng Li;Zongqi Feng;Huilin Xia;Guanxin Gao,,Research Article;,10/4/2021 0:00,10.2147/OTT.S341753,34675541.0,4/16/2020 0:00,10.2147/OTT.S233256,32368078.0,Retraction,Author Unresponsive;Duplication of/in Image;Paper Mill;Unreliable Results and/or Conclusions;,No,,,"Long non-coding RNAs (lncRNAs) are regarded as crucial regulators for cancer initiation and progression. Heart and Neural Crest Derivatives Expressed 2 antisense RNA 1 (HAND2-AS1) was recently proposed to function as tumor suppressor in several human cancers. However, its role in gastric cancer (GC) remains unclear. HAND2-AS1 expression in GC tissues and normal tissues was analyzed at GEPIA (a web server for gene expression profiling analysis). Moreover, RT-qPCR method was utilized to explore HAND2-AS1 expression in GC cells and normal cell. In vitro experiments were carried out using cell counting kit-8 assay, colony formation assay, and flow cytometry assay, respectively. Bioinformatic analysis and luciferase activity reporter assay were performed to identify the downstream targets of HAND2-AS1. We found HAND2-AS1 has decreased expression in both GC tissues and cells. Overexpression of HAND2-AS1 was able to inhibit GC cell proliferation, colony formation, but promote apoptosis. On the contrary, knockdown of HAND2-AS1 could cause the opposite effects on GC cells. Furthermore, HAND2-AS1 was shown to function as a competitive RNA that binds with microRNA-590-3p (miR-590-3p) to affect the expression of potassium sodium-activated channel subfamily T member 2 (KCNT2). Our results indicated the tumor suppressive role of HAND2-AS1 in GC. Also, the newly identified HAND2-AS1/miR-590-3p/KCNT2 axis will help us to understand the role of HAND2-AS1 in cancer.",ok_via_pubmed,Long Non-Coding RNA HAND2-AS1 Inhibits Growth and Migration of Gastric Cancer Cells Through Regulating the miR-590-3p/KCNT2 Axis [Retraction],crossref,[],False,True,YES
33485.0,MicroRNA-675 Directly Targets MAPK1 to Suppress the Oncogenicity of Papillary Thyroid Cancer and is Sponged by Long Non-Coding RNA RMRP,(BLS) Biology - Cancer;(BLS) Biology - Cellular;(BLS) Genetics;,"Department of Endocrinology, Geriatric Research Center, JinLing Hospital, Nanjing, Medical School of Nanjing University, Jiangsu 210002, People’s Republic of China;",OncoTargets and Therapy,Taylor and Francis - Dove Press,China,Junyi Wang;Tiantian Xiao;Ming Zhao,,Research Article;,10/4/2021 0:00,10.2147/OTT.S341956,34675540.0,9/6/2019 0:00,10.2147/OTT.S213371,31564913.0,Retraction,Author Unresponsive;Concerns/Issues about Data;Duplication of/in Image;Paper Mill;Unreliable Results and/or Conclusions;,No,,,"MicroRNA-675-5p (miR-675-5p) is dysregulated in multiple human cancers, but its involvement in papillary thyroid cancer (PTC) remains to be investigated. This study aimed to examine the expression pattern of miR-675 in PTC, determine the effects of miR-675 on regulating the progression of PTC, and to explore the underlying molecular mechanisms. The expression profile of miR-675 in PTC tissues and cell lines was determined using RT-qPCR. CCK-8, transwell migration and invasion assays, and xenograft tumors in nude mice were employed to analyze proliferation, in vitro migration and invasion, and in vivo tumor growth of PTC cells, respectively. The putative target of miR-675 was predicted using bioinformatic algorithms and was confirmed using luciferase reporter assays, RT-qPCR, and Western blotting. miR-675 expression was decreased in PTC tissues and cell lines. A low level of miR-675 expression was significantly correlated with lymphatic metastasis and TNM stage in PTC patients. Ectopic miR-675 expression suppressed PTC cell proliferation, migration, and invasion in vitro and hindered tumor growth in vivo. Mitogen-activated protein kinase 1 (MAPK1) was found to be the direct target gene of miR-675 in PTC cells. MAPK1 reintroduction negated the tumor-suppressing effect of miR-675 overexpression in PTC cells. Furthermore, the lncRNA mitochondrial RNA processing endoribonuclease (RMRP) functioned as a ceRNA of miR-675 in PTC cells. Silencing RMRP expression inhibited the growth and metastasis of PTC cells by sponging miR-675 and regulating MAPK1. These findings revealed that miR-675 directly targets MAPK1 and is sponged by lncRNA RMRP to inhibit the oncogenicity of PTC, suggesting the RMRP-miR-675-MAPK1 pathway is an effective target for the treatment of PTC patients.",ok_via_pubmed,MicroRNA-675 Directly Targets MAPK1 to Suppress the Oncogenicity of Papillary Thyroid Cancer and is Sponged by Long Non-Coding RNA RMRP [Retraction],crossref,[],False,True,YES
33483.0,MicroRNA-936 targets FGF2 to inhibit epithelial ovarian cancer aggressiveness by deactivating the PI3K/Akt pathway,(BLS) Biology - Cancer;(BLS) Biology - Cellular;(BLS) Genetics;,"Department of Gynecology and Obstetrics, Yidu Central Hospital of Weifang, Weifang 262500, People’s Republic of China; Department of Emergency, Yidu Central Hospital of Weifang, Weifang 262500, People’s Republic of China; Department of Oral, Weifang Nursing Vocational College, Weifang 262000, People’s Republic of China; Department of Gynecology, The Affiliated Hospital of Weifang Medical University, Weifang 261031, People’s Republic of China;",OncoTargets and Therapy,Taylor and Francis - Dove Press,China,Cuihong Li;Shunrui Yu;Shanshan Wu;Ying Ni;Zixuan Pan,,Research Article;,10/4/2021 0:00,10.2147/OTT.S341745,34675537.0,7/8/2019 0:00,10.2147/OTT.S213231,31371979.0,Retraction,Duplication of/in Image;Original Data and/or Images not Provided and/or not Available;Paper Mill;,No,,,"MicroRNA-936 (miR-936) was previously reported to be dysregulated and involved in the development of non-small cell lung cancer and glioma. However, the functional roles of miR-936 in epithelial ovarian cancer (EOC) remain unclear. In this study, we aimed to evaluate miR-936 expression in EOC and investigate its regulatory role in EOC cell behavior. The expression of miR-936 in EOC was measured by RT-qPCR. Cell proliferation, apoptosis, migration, and invasion in vitro, as well as tumor growth in vivo, were determined by CCK-8, flow cytometry, migration and invasion assays, and xenograft models in nude mice, respectively. Bioinformatics analysis, luciferase reporter assays, RT-qPCR, and Western blot analysis were performed to investigate the relationship between miR-936 and fibroblast growth factor 2 (FGF2). miR-936 expression was significantly downregulated in EOC tissues and cell lines. Low miR-936 expression was found to be correlated with the tumor size, FIGO stage, and lymphatic metastasis in EOC patients. Functional experiments indicated that ectopic miR-936 expression suppressed EOC cell proliferation, migration, and invasion; promoted cell apoptosis; and decreased tumor growth in vivo. In addition, the  Altogether, our findings provided initial evidence that miR-936 inhibits the aggressiveness of EOC cells in vitro and in vivo, at least partially, by targeting FGF2-mediated suppression of the PI3K/Akt pathway. Therefore, the miR-936/FGF2/PI3K/Akt pathway is a promising therapeutic target for the treatment of EOC patients.",ok_via_pubmed,MicroRNA-936 Targets FGF2 to Inhibit Epithelial Ovarian Cancer Aggressiveness by Deactivating the PI3K/Akt Pathway [Retraction],crossref,[],False,True,YES
33475.0,Long Noncoding RNA LINC00839 Promotes the Malignant Progression of Osteosarcoma by Competitively Binding to MicroRNA-454-3p and Consequently Increasing c-Met Expression,(BLS) Biology - Cancer;(BLS) Biology - Cellular;(BLS) Genetics;,"Department of Orthopedics, Shenzhen University General Hospital, Shenzhen 518055, People’s Republic of China; Department of Anesthesiology, First Affiliated Hospital of Xinjiang Medical University, Urumqi, Xinjiang, 830000, People’s Republic of China; Department of Emergency, General Hospital of Xinjiang Military Command of Chinese People’s Liberation Army, Urumqi, Xinjiang, 830000, People’s Republic of China; Department of Orthopedics, Cangzhou Center Hospital, Cangzhou, Hebei 061014, People’s Republic of China;",Cancer Management and Research,Taylor and Francis - Dove Press,China,Yang Zhang;Hai Guo;Li Ma;Xiaoyong Chen;Guangdong Chen,,Research Article;,10/21/2021 0:00,10.2147/CMAR.S344973,34707408.0,9/24/2020 0:00,10.2147/CMAR.S269774,33061593.0,Retraction,Author Unresponsive;Duplication of/in Image;Investigation by Journal/Publisher;Paper Mill;Unreliable Results and/or Conclusions;,No,see also: https://pubpeer.com/publications/73206CBA06BD1A7C0CCB7E94322F79,,"This study was conducted to determine the expression and prognostic relevance of long intergenic non-protein coding RNA 839 (LINC00839) in osteosarcoma (OS) and to explore the detailed roles of LINC00839 in regulating OS cell activities and the mechanisms responsible for its cancer-promoting activity in OS. The expression of LINC00839 in OS tissues and cell lines was determined by quantitative reverse transcription-polymerase chain reaction. After LINC00839 knockdown, cell counting kit-8 assay, flow cytometric analysis, transwell migration and invasion assay, and in vivo tumor xenograft assay were used to detect its effects on cellular processes in OS. Bioinformatics analyses were conducted to predict the putative miRNAs that target LINC00839. RNA immunoprecipitation assay, luciferase reporter assay, Western blotting analysis, and rescue assays were conducted to establish a relationship among LINC00839, microRNA-454-3p (miR-454-3p), and cellular mesenchymal to epithelial transition factor (c-Met) in OS. LINC00839 was upregulated in OS tissues and cell lines. OS patients characterized with high LINC00839 expression exhibited shorter overall survival than patients with low LINC00839 expression. LINC00839 knockdown caused a significant reduction in OS cell proliferation, migration, and invasion in vitro. Furthermore, LINC00839 depletion inhibited OS tumor growth in vivo and induced apoptosis. Mechanistically, LINC00839 functions as a competitive endogenous RNA in OS by sponging miR-454-3p. c-Met was confirmed as a direct target gene for miR-454-3p in OS cells and was positively regulated by LINC00839 by competitively binding to miR-454-3p. LINC00839 promoted the oncogenicity of OS by targeting the miR-454-3p/c-Met axis. The LINC00839/miR-454-3p/c-Met network may represent a potential target for OS therapy.",ok_via_pubmed,Long Noncoding RNA LINC00839 Promotes the Malignant Progression of Osteosarcoma by Competitively Binding to MicroRNA-454-3p and Consequently Increasing c-Met Expression [Retraction],crossref,[],False,True,YES
33360.0,"Beraprost Sodium, a Stable Analogue of PGI2, Inhibits the Renin-Angiotensin System in the Renal Tissues of Rats with Chronic Renal Failure",(BLS) Biochemistry;(BLS) Biology - Cellular;(BLS) Toxicology;,"Department of Blood Purification, the First Affiliated Hospital of Zhengzhou University, Zhengzhou, P.R. China;",Kidney and Blood Pressure Research,Karger,Taiwan,Xin Fang Wang;Bei Hao Zhang;Xiao Qing Lu;Pei Wang,,Research Article;,10/14/2021 0:00,10.1159/000519997,0.0,8/3/2018 0:00,10.1159/000492405,30078019.0,Retraction,Author Unresponsive;Concerns/Issues about Data;Investigation by Journal/Publisher;Original Data and/or Images not Provided and/or not Available;Paper Mill;,No,,,"Chronic renal failure (CRF) is a prolonged kidney condition characterized by decreased kidney function that can eventually develop into total kidney failure. The renin-angiotensin system (RAS) helps to regulate the balance between human bodily fluids and electrolytes. The aim of the present study was to investigate the effects of a prostacyclin analogue (beraprost sodium [BPS]) on the expression of key factors associated with local RAS activities in the renal tissues of rats with CRF. After a CRF rat model was successfully established, the levels of BUN, SCr, phosphorus, and calcium were detected by an automatic biochemistry analyzer. Furthermore, the activities of malondialdehyde (MDA) and superoxide dismutase (SOD) in rat renal tissues were measured using a colorimetric method, while the activity of angiotensin-converting enzyme (ACE) was determined by ultraviolet (UV) spectrophotometry. In situ hybridization was employed to determine the expression of angiotensin II type 1 receptor (AT). Finally, the positive expression rates of cells expressing important apoptotic proteins (Bax and Bcl-2) were determined, and the protein and mRNA levels of phosphatidylinositol 3-kinase (AKT) and key factors involved in the RAS (AT1, AT2, angiotensin ACE and angiotensinogen [AGT]) were evaluated by RT-qPCR and western blot analysis. Initial observations revealed that treatment with BPS decreased the levels of BUN, SCr and phosphorus but increased calcium levels in the renal tissues of CRF rats. Additionally, BPS reduced the levels of MDA while increasing the levels of SOD, ACE activity, and AT1 expression in the renal tissues of CRF rats. BPS inhibited glomerular hypertension and hyperfiltration; increased the mRNA and protein levels of AKT and AT2; and decreased the mRNA and protein levels of AT1, AGT, and ACE in the renal tissues of CRF rats. The results of this study demonstrate that BPS, a PGI2 analogue, inhibits the expression of key factors involved in the local RAS, resulting in a delay in the occurrence and development of CRF. The key findings of the present study ultimately highlight the potential of this PGI2 analogue as a promising therapeutic strategy for treating CRF.",ok_via_pubmed,Retraction Statement,crossref,[],False,True,NO
33334.0,"Downregulation of Long Noncoding RNA HOTAIR and EZH2 Induces Apoptosis and Inhibits Proliferation, Invasion, and Migration of Human Breast Cancer Cells",(BLS) Biology - Cancer;(BLS) Biology - Cellular;(BLS) Genetics;,"Department of Thyroid and Breast Surgery, Tianjin 4th Centre Hospital, Tianjin, P.R. China; Department of General Surgery, Tianjin Haihe Hospital, Tianjin, P.R. China;",Cancer Biotherapy & Radiopharmaceuticals,Mary Ann Liebert,China,Lu Han;Hai Chao Zhang;Li Li;Cai Xia Li;Xu Di;Xin Qu,,Research Article;,10/20/2021 0:00,10.1089/cbr.2017.2432.retract,34668762.0,8/1/2018 0:00,10.1089/cbr.2017.2432,30048163.0,Retraction,Author Unresponsive;Concerns/Issues about Image;Original Data and/or Images not Provided and/or not Available;Paper Mill;,No,,,"The long noncoding RNA HOTAIR (HOX transcript antisense intergenic RNA) has been reported to be a biomarker for various malignant tumors; however, its involvement in breast cancer is not fully understood. The aim of this study was to investigate the effects involved with long noncoding RNA HOTAIR and EZH2 (enhancer of zeste homologue 2) on the processes of proliferation, invasion, migration, and apoptosis of breast cancer cells. The expressions of HOTAIR and EZH2 in both normal human mammary epithelial cell (HBL-100) and breast cancer cell lines (MCF-7, MDA-MB-231, and SKBR-3) were detected by means of reverse transcription-quantitative polymerase chain reaction. The MCF-7 cells that exhibited the highest HOTAIR expressions were selected for further studies and divided into the control, negative control, and small interfering RNA-HOTAIR groups. The proliferation, invasion, migration, and apoptosis of breast cancer cells were evaluated by MTT assay, Scratch test, Transwell assay, and flow cytometry, respectively. The combination of HOTAIR with EZH2 and PTEN was predicted by bioinformation, with a dual-luciferase reporter gene assay providing further verification. Initially, lower expressions of HOTAIR and EZH2 in the normal human mammary epithelial cells, while higher expressions in the breast cancer cells of MCF-7, MDA-MB-231, and SKBR-3 were detected. In addition, the downregulation of HOTAIR or silencing of EZH2 was revealed to repress the proliferation, invasion, and migration, while acting to promote the apoptosis of the breast cancer cells. Furthermore, HOTAIR could bind specifically to EZH2 and PTEN, highlighting the capability of HOTAIR to inhibit the expression of PTEN by recruiting EZH2 in breast cancer, while the TCGA database demonstrated the expressions of PTEN were lower in breast cancer cells. The study suggests the higher expressions of HOTAIR and EZH2 among three breast cancer cells. Furthermore, the downregulation of HOTAIR or silencing of EZH2 was noted to inhibit the proliferation, invasion, and migration of breast cancer cells, while promoting their apoptosis.",ok_via_pubmed,"<i>Retraction of:</i>
                    Downregulation of Long Noncoding RNA HOTAIR and
                    <i>EZH2</i>
                    Induces Apoptosis and Inhibits Proliferation, Invasion, and Migration of Human Breast Cancer Cells (doi: 10.1089/cbr.2017.2432)",crossref,[],False,True,YES
33114.0,Silencing of MEOX1 Gene Inhibits Proliferation and Promotes Apoptosis of LNCaP Cells in Prostate Cancer,(BLS) Biology - Cancer;(BLS) Biology - Cellular;(BLS) Genetics;,"Department of Drug and Equipment, The 86th Hospital of PLA, Ma'anshan, China; Department of Clinical Laboratory, Shuguang Hospital Affiliated to Shanghai University of Traditional Chinese Medicine, Shanghai, China; Department of General Surgery, Shanghai General Hospital, Shanghai, China;",Cancer Biotherapy & Radiopharmaceuticals,Mary Ann Liebert,China,Zhi Yuan Zhu;Xiao Le Wang;Da Peng Li,,Research Article;,10/12/2021 0:00,10.1089/cbr.2018.2545.retract,34647793.0,3/12/2019 0:00,10.1089/cbr.2018.2545,30543460.0,Retraction,Concerns/Issues about Image;Investigation by Journal/Publisher;Investigation by Third Party;Original Data and/or Images not Provided and/or not Available;Paper Mill;,No,see also: https://pubpeer.com/publications/182249242AF3A9004CF21044E7D8B4;,,"Prostate cancer (PC), the most commonly diagnosed malignancy, is also the second leading cause of cancer-related deaths. Although tremendous efforts have been achieved to improve the early detection of PC, it is still urgent to find out novel markers and therapeutic targets for PC patients. Homeobox protein MOX-1 (MEOX1) is found to be ectopically expressed in human cancers. This study aims to test the hypothesis that MEOX1 gene silencing might suppress the proliferation and invasion of LNCaP cells in PC. Microarray analysis was conducted to screen PC-related differentially expressed gene. MEOX1 was silenced to detect the relationship between silenced MEOX1 and cell proliferation, migration, apoptosis, and invasion. Expression of MEOX1, Bcl-2, p53, and Bax in LNCaP cells was determined using reverse transcription-quantitative polymerase chain reaction and western blot analysis. Cell proliferation, colony formation rate, cell migration, invasion, cell cycle, and apoptosis were detected respectively. MEOX1 gene was found to be expressed highly in PC tissues. After MEOX1 was silenced in LNCaP cells, the mRNA and protein expression of Bcl-2 decreased while the mRNA and protein expressions of p53 and Bax increased. Additionally, cell proliferation, migration, and invasion were reduced while cell apoptosis was increased by MEOX1, and MEOX1 gene silencing was revealed to inhibit cell proliferation and decrease tumorigenic ability of LNCaP cells in nude mice. Taken together, MEOX1 gene silencing could decrease the proliferation and increase apoptosis of LNCaP cells, and so it is expected to be a therapeutic target for PC.",ok_via_pubmed,"<i>Retraction of:</i>
                    Silencing of MEOX1 Gene Inhibits Proliferation and Promotes Apoptosis of LNCaP Cells in Prostate Cancer (doi:10.1089/cbr.2018.2545)",crossref,[],False,True,YES
33037.0,MicroRNA-618 Directly Targets Metadherin mRNA to Suppress the Malignant Phenotype of Osteosarcoma Cells by Reducing PTEN-AKT Pathway Output,(BLS) Biology - Cancer;(BLS) Biology - Cellular;(BLS) Genetics;,"Health Management Center, The Second Hospital of Shandong University, Shandong 250033, People’s Republic of China; Department of Spine Surgery, The Second Hospital of Shandong University, Shandong 250033, People’s Republic of China; Jinan Central Hospital, The Affiliated Hospital of Shandong University, Shandong 250013, People’s Republic of China;",OncoTargets and Therapy,Taylor and Francis - Dove Press,China,Bohan Li;Jie Zhao;Qian Zhao;Dongjin Wu;Cheng Zhang;Kun Zhao;Yang Song;Chunzheng Gao,,Research Article;,10/1/2021 0:00,10.2147/OTT.S341751,34629879.0,11/15/2019 0:00,10.2147/OTT.S219440,31814737.0,Retraction,Author Unresponsive;Duplication of/in Image;Investigation by Journal/Publisher;Investigation by Third Party;Paper Mill;,No,,,"Dysregulation of microRNA-618 (miR-618) has been observed in multiple types of human cancer. However, whether miR-618 is implicated in osteosarcoma (OS) initiation and progression is still unclear. Hence, we measured the expression of miR-618 in OS tissues and cell lines. In addition, the roles of miR-618 and the mechanisms underlying its activities in OS cells were examined. The expression status of miR-618 in OS was analyzed by reverse-transcription quantitative PCR. The regulatory roles of miR-618 overexpression in OS were explored by the Cell Counting Kit-8 assay, flow-cytometric analysis, Transwell cell migration and invasion assays, and a tumor xenograft experiment. The results revealed that the expression of miR-618 was notably lower in OS tissues and cell lines, and that the low miR-618 expression significantly correlated with the clinical stage and distant metastasis among patients with OS. Exogenous miR-618 expression significantly suppressed OS cell proliferation, migration, and invasion and induced apoptosis in vitro as well as slowed tumor growth in vivo. Mechanism investigation indicated that metadherin ( To the best of our knowledge, this is the first study to show that miR-618 exerts crucial tumor-suppressive actions in OS pathogenesis by directly targeting",ok_via_pubmed,MicroRNA-618 Directly Targets Metadherin mRNA to Suppress the Malignant Phenotype of Osteosarcoma Cells by Reducing PTEN-AKT Pathway Output [Retraction],crossref,[],False,True,YES
33036.0,MicroRNA-769-5p Inhibits Pancreatic Ductal Adenocarcinoma Progression by Directly Targeting and Downregulating ETS Proto-Oncogene 1,(BLS) Biology - Cancer;(BLS) Biology - Cellular;(BLS) Genetics;,"Department of Gastroenterology, First Affiliated Hospital of Jiamusi University, Jiamusi, Heilongjiang 154002, People’s Republic of China; Department of Infectious Diseases, First Affiliated Hospital of Jiamusi University, Jiamusi, Heilongjiang 154002, People’s Republic of China; Department of Cardiovascular Medicine, First Affiliated Hospital of Jiamusi University, Jiamusi, Heilongjiang 154002, People’s Republic of China;",OncoTargets and Therapy,Taylor and Francis - Dove Press,China,Kai Cheng;Lan Feng;Shuang Yu;Changhong Yu;Nannan Chi,,Research Article;,10/1/2021 0:00,10.2147/OTT.S341749,34629880.0,12/13/2019 0:00,10.2147/OTT.S218876,32099382.0,Retraction,Author Unresponsive;Duplication of/in Image;Investigation by Journal/Publisher;Investigation by Third Party;Paper Mill;,No,,,"MicroRNA-769-5p (miR-769) is aberrantly expressed and plays crucial roles in non-small cell lung cancer and melanoma. However, the expression pattern, biological role, and mechanisms of action of miR-769 in pancreatic ductal adenocarcinoma (PDAC) are yet to be fully elucidated. Therefore, we attempted to determine the potential regulatory function of miR-769 in PDAC progression and to explore the underlying mechanisms in detail. In this study, reverse-transcription quantitative polymerase chain reaction was carried out to determine the expression profile of miR-769 in PDAC. A series of experiments, including a Cell Counting Kit-8 assay, flow-cytometric analysis, Transwell migration and invasion assays, and a xenograft animal model, were applied to test whether miR-769 affects the malignancy of PDAC. We found that miR-769 was significantly underexpressed in PDAC tissues and cell lines. The low miR-769 expression significantly correlated with the TNM stage and lymph node metastasis. Patients with PDAC harboring low miR-769 expression showed shorter overall survival than did the patients with high miR-769 expression. Forced upregulation of miR-769 suppressed PDAC cell proliferation, migration, and invasion in vitro; promoted apoptosis in vitro; and hindered tumor growth in vivo. Experiments on the mechanism identified ETS proto-oncogene 1 ( Our findings indicate that miR-769 performs tumor-suppressive functions in PDAC by directly targeting ETS1, and this miRNA may represent a potential therapeutic target for the development of anticancer therapies.",ok_via_pubmed,MicroRNA-769-5p Inhibits Pancreatic Ductal Adenocarcinoma Progression by Directly Targeting and Downregulating ETS Proto-Oncogene 1 [Retraction],crossref,[],False,True,YES
33027.0,LINC01224 Exhibits Cancer-Promoting Activity in Epithelial Ovarian Cancer Through microRNA-485-5p-Mediated PAK4 Upregulation,(BLS) Biology - Cancer;(BLS) Biology - Cellular;(BLS) Genetics;,"Department of Gynaecology and Obstetrics, Zouping People’s Hospital, Zouping, Shandong 256200, People’s Republic of China; Department of Gynaecology and Obstetrics, Weifang Yidu Central Hospital, Weifang, Shandong 262500, People’s Republic of China; Department of Gynaecology and Obstetrics, The No.4 Hospital of Jinan, Jinan, Shandong 250031, People’s Republic of China;",OncoTargets and Therapy,Taylor and Francis - Dove Press,China,Shujian Xing;Yaqi Zhang;Jing Zhang,,Research Article;,9/30/2021 0:00,10.2147/OTT.S341523,34621126.0,6/16/2020 0:00,10.2147/OTT.S254662,32606778.0,Retraction,Duplication of/in Image;Investigation by Third Party;Original Data and/or Images not Provided and/or not Available;Paper Mill;,No,see also: https://pubpeer.com/publications/E270CDC6D5D2232B9EE80C6CA7F37F,,"Long intergenic non-protein coding RNA 1224 (LINC01224) plays vital roles in the tumorigenesis and progression of hepatocellular carcinoma. Here, we determined LINC01224 expression in epithelial ovarian cancer (EOC) tissues and cells. We also assessed the effects of LINC01224 knockdown on the malignant phenotype of EOC cells both in vitro and in vivo. Furthermore, the detailed molecular mechanisms underlying the oncogenic actions of LINC01224 in EOC cells were elucidated. Quantitative real-time polymerase chain reaction (qRT-PCR) was used to detect LINC01224 expression in EOC tissues and cells. EOC cells were transfected with small interfering RNAs, and cell proliferation, apoptosis, migration, and invasion were assessed using Cell Counting Kit-8 assay, flow cytometry, cell migration assays, and cell invasion assays, respectively. Using tumor xenografts, the effects of LINC01224 silencing on EOC tumor growth were analyzed in vivo. The mechanism underlying LINC01224 regulation of malignant processes in EOC cells was explored using bioinformatics, RNA immunoprecipitation assay, qRT-PCR, Western blotting, and rescue experiments. LINC01224 expression was upregulated in EOC tissues and cells. LINC01224 upregulation was correlated to tumor size, the International Federation of Gynecology and Obstetrics stage, and lymph node metastasis. LINC01224 depletion in EOC cells suppressed cell proliferation, migration, and invasion and facilitated cell apoptosis in vitro. LINC01224 downregulation also hindered EOC tumor growth in vivo. Mechanistically, LINC01224 served as a competing endogenous RNA for microRNA-485-5p (miR-485-5p) and consequently increased p21-activated kinase 4 (PAK4) expression in EOC cells. Furthermore, miR-485-5p inhibition or PAK4 upregulation significantly abrogated the effects of LINC01224 depletion in EOC cells. LINC01224/miR-485-5p/PAK4 formed a competing endogenous RNA network regulating the aggressive behavior of EOC. Therefore, targeting this pathway may be an attractive therapeutic strategy for EOC.",ok_via_pubmed,LINC01224 Exhibits Cancer-Promoting Activity in Epithelial Ovarian Cancer Through microRNA-485-5p-Mediated PAK4 Upregulation [Retraction],crossref,[],False,True,YES
32987.0,Long Noncoding RNA X-Inactive Specific Transcript Facilitates Cellular Functions in Melanoma via miR-139-5p/ROCK1 Pathway,(BLS) Biology - Cancer;(BLS) Biology - Cellular;(BLS) Genetics;,"Department of Dermatology, Affiliated Hospital of Hebei University of Engineering, Handan 056000, Hebei Province, People’s Republic of China; Department of Pathology, Handan Maternal and Child Health Hospital, Handan 056000, Hebei Province, People’s Republic of China; Department of Pathology, Medical College, Hebei University of Engineering, Handan 056000, Hebei Province, People’s Republic of China; Laboratory Department, Handan Second Hospital, Handan, Hebei Province 056000, People’s Republic of China;",OncoTargets and Therapy,Taylor and Francis - Dove Press,China,Ke Tian;Dongxia Sun;Min Chen;Yifei Yang;Fang Wang;Taotao Guo;Zhimin Shi,,Research Article;,10/5/2021 0:00,10.2147/OTT.S341757,34675542.0,2/12/2020 0:00,10.2147/OTT.S225661,32103995.0,Retraction,Author Unresponsive;Duplication of/in Image;Investigation by Third Party;Paper Mill;,No,see also: https://pubpeer.com/publications/DD24C43DBFE62DEA79C1F8F70C656D;,,"Although X-inactive specific transcript (XIST) is known to play a critical role in the pathogenesis of melanoma, the mechanisms through which this remains unclear. RNAseq, immunohistochemistry, and qRT-PCR were used to identify the levels of XIST, miR-139-5p, and Rho-Associated Coiled-Coil Containing Protein Kinase-1 (ROCK1) in melanoma tissues and cells. A subcellular fractionation assay was used to determine the location of XIST. CCK-8 and colony formation assays were used to evaluate cellular proliferation. Cell migration and wound healing assays were used to detect the effects on cell migration. RNA pull-down was used to confirm the interaction between XIST and miR-139-5p. Besides, the xenograft tumor experiment was performed to further verify the roles of XIST in melanoma. In this study, an increased level of XIST was revealed in melanoma tissues and cells, which was associated with higher TNM stage and positive lymph node metastasis. XIST was found to function as a ""molecular sponge"" of miR-139-5p to facilitate cellular functions. Moreover, these consequences could be partially reversed by inhibition of miR-139-5p. MiR-139-5p was found to target ROCK1 directly, leading to suppression of ROCK1 expression; this effect could be partially reversed by inhibiting XIST expression. Furthermore, the deletion of ROCK1 induced anti-oncogenic effects similar to those seen with knockout of XIST. Upregulation of miR-139-5p and knockdown of XIST could inhibit cell functions in melanoma. Our findings suggested that the lncRNA XIST facilitates cellular functions in melanoma via the miR-139-5p/ROCK1 pathway.",ok_via_pubmed,Long Noncoding RNA X-Inactive Specific Transcript Facilitates Cellular Functions in Melanoma via miR-139-5p/ROCK1 Pathway [Retraction],crossref,[],False,True,YES
32985.0,Long Non-Coding RNA LINC00491 Contributes to the Malignancy of Non-Small-Cell Lung Cancer via Competitively Binding to microRNA-324-5p and Thereby Increasing Specificity Protein 1 Expression,(BLS) Biology - Cancer;(BLS) Biology - Cellular;(BLS) Genetics;,"Department of Chest Surgery, Weifang Yidu Central Hospital, Weifang, Shandong 262500, People’s Republic of China; Department of Surgical, Jinan Infectious Disease Hospital, Jinan, Shandong 250021, People’s Republic of China;",Cancer Management and Research,Taylor and Francis - Dove Press,China,Xiaoning Zhang;Xia Zhao;Yanqing Wang;Liqun Xing,,Research Article;,9/29/2021 0:00,10.2147/CMAR.S341520,34616180.0,8/6/2020 0:00,10.2147/CMAR.S264681,32821159.0,Retraction,Duplication of/in Image;Investigation by Third Party;Original Data and/or Images not Provided and/or not Available;Paper Mill;,No,,,"A long non-coding RNA termed as long intergenic non-protein coding RNA 491 (LINC00491) has been validated as an oncogene to promote cancer progression in colon adenocarcinoma. The goal of this study was to determine the expression and carcinogenic functions of LINC00491 in non-small-cell lung cancer (NSCLC). Besides, it was aimed to understand how LINC00491 affects the malignant processes of NSCLC cells. The expression of LINC00491 in NSCLC was investigated by bioinformatic analysis and reverse transcription-quantitative PCR. After LINC00491 knockdown, cell counting kit-8 assay, flow cytometry, migration and invasion detection assays as well as nude mice xenograft assay were conducted to test the roles of LINC00491 in NSCLC cells. Two online databases, StarBase 3.0 and miRDB, were utilized to determine the putative target miRNA of LINC00491, and the prediction was subsequently confirmed by luciferase reporter assay, RNA immunoprecipitation assay, reverse transcription-quantitative PCR, Western blotting, and rescue assays. LINC00491 was overexpressed in both NSCLC tissues and cell lines. Functional investigation revealed that depleted LINC00491 facilitated cell apoptosis and decreased cell proliferation, migration, and invasion in vitro. Additionally, the downregulation of LINC00491 impaired NSCLC cell tumor growth in vivo. Mechanistically, LINC00491 functioned as a competing endogenous RNA by sponging microRNA-324-5p (miR-324-5p) in NSCLC cells. miR-324-5p was weakly expressed in NSCLC and exerted tumor-suppressing actions during cancer progression. Furthermore, specificity protein 1 (SP1) was validated as the direct target of miR-324-5p in NSCLC and was under the regulation of LINC00491 via sponging miR-324-5p. Rescue experiments reconfirmed that miR-324-5p inhibition and SP1 overexpression both abrogated the suppressive roles of LINC00491 deficiency in NSCLC cells. LINC00491 promoted the oncogenicity of NSCLC via serving as a miR-324-5p sponge, which further upregulated the expression of SP1. The LINC00491/miR-324-5p/SP1 pathway disclosed a new mechanism of NSCLC pathogenesis and may provide effective targets for better NSCLC treatment.",ok_via_pubmed,Long Non-Coding RNA LINC00491 Contributes to the Malignancy of Non-Small-Cell Lung Cancer via Competitively Binding to microRNA-324-5p and Thereby Increasing Specificity Protein 1 Expression [Retraction],crossref,[],False,True,YES
32984.0,Long Noncoding RNA LINC00173 Promotes the Malignancy of Melanoma by Promoting the Expression of IRS4 Through Competitive Binding to microRNA-493,(BLS) Biology - Cancer;(BLS) Biology - Cellular;(BLS) Genetics;,"Department of Dermatology, Shaanxi Provincial People’s Hospital, Xi’an, Shaanxi 710068, People’s Republic of China; Department of Orthopedics, Shaanxi Provincial People’s Hospital, Xi’an, Shaanxi 710068, People’s Republic of China; Department of Dermatology, The Second Affiliated Hospital, School of Medicine, Xi’an Jiaotong University, Xi’an, Shaanxi 710048, People’s Republic of China;",Cancer Management and Research,Taylor and Francis - Dove Press,China,Fan Yang;Pengzhen Lei;Weihui Zeng;Jianwu Gao;Na Wu,,Research Article;,9/29/2021 0:00,10.2147/CMAR.S341519,34616181.0,5/5/2020 0:00,10.2147/CMAR.S243869,32440211.0,Retraction,Concerns/Issues about Image;Investigation by Third Party;Original Data and/or Images not Provided and/or not Available;Paper Mill;Unreliable Results and/or Conclusions;,No,see also: https://pubpeer.com/publications/8FECD7322D62750EAA706EB00ED025;,,Long intergenic non﻿-protein-coding RNA 173 ( Reverse-transcription quantitative PCR was performed to measure  We found that  The,ok_via_pubmed,Long Noncoding RNA LINC00173 Promotes the Malignancy of Melanoma by Promoting the Expression of IRS4 Through Competitive Binding to microRNA-493 [Retraction],crossref,[],False,True,YES
32983.0,Long Non-Coding RNA UBA6-AS1 Promotes the Malignant Properties of Glioblastoma by Competitively Binding to microRNA-760 and Enhancing Homeobox A2 Expression,(BLS) Biology - Cancer;(BLS) Biology - Cellular;(BLS) Genetics;,"Department of Neurology, The Third Affiliated Hospital of Chongqing Medical University, Chongqing 401120, People’s Republic of China; Department of Pharmacology, College of Pharmacy, Chongqing Medical University, Chongqing 401120, People’s Republic of China;",Cancer Management and Research,Taylor and Francis - Dove Press,China,Feifei Cheng;Jiang Liu;Yundong Zhang;Qiuxiang You;Bo Chen;Jing Cheng;Chunyan Deng,,Research Article;,9/30/2021 0:00,10.2147/CMAR.S341521,34616182.0,1/14/2021 0:00,10.2147/CMAR.S287676,33469379.0,Retraction,Duplication of/in Image;Investigation by Third Party;Paper Mill;,No,see also: https://pubpeer.com/publications/0EE633FD40ECDFDBBC046C309E0212,,"The dysregulation of long non-coding RNAs is a frequent finding in glioblastoma (GBM) and is considered as a crucial mechanism contributing to GBM oncogenesis and progression. The biological roles and underlying mechanisms of action of UBA6 antisense RNA 1 (UBA6-AS1) in GBM have been rarely investigated. Therefore, the aim of the present study was to investigate in detail the role of UBA6-AS1 in the modulation of the malignant properties of GBM and explore the possible underlying mechanism(s). The expression of UBA6-AS1 in GBM was determined via reverse transcription-quantitative PCR. Cell Counting Kit-8 assay, flow cytometric analysis, Transwell migration and invasion assays, and in vivo tumorigenicity assay were applied to elucidate the biological effects of UBA6-AS1 on GBM cells. The possible biological events associated with UBA6-AS1 were investigated by luciferase reporter, RNA immunoprecipitation (RIP) and rescue assays. UBA6-AS1 was overexpressed in GBM, which was consistent with the data from The Cancer Genome Atlas database. In the case of UBA6-AS1 depletion, GBM cell proliferation, migration and invasion were notably decreased and cell apoptosis was enhanced in vitro. Additionally, knockdown of UBA6-AS1 suppressed the proliferation of GBM cells in vivo. Mechanistically, UBA6-AS1 functioned as a competing endogenous RNA by adsorbing miR-760 and, consequently, upregulating homeobox A2 (HOXA2) expression. Rescue experiments demonstrated that the UBA6-AS1 silencing-mediated regulatory effects on GBM cells were reversed by the decrease of miR-760 or restoration of HOXA2 expression. Therefore, the results of the present study revealed that UBA6-AS1 promoted the malignant progression of GBM via targeting the miR-760/HOXA2 axis, thereby representing a promising effective target for the treatment of GBM.",ok_via_pubmed,Long Non-Coding RNA UBA6-AS1 Promotes the Malignant Properties of Glioblastoma by Competitively Binding to microRNA-760 and Enhancing Homeobox A2 Expression [Retraction],crossref,[],False,True,YES
32892.0,SNHG1 Promotes Malignant Progression of Glioma by Targeting miR-140-5p and Regulating,(BLS) Biology - Cancer;(BLS) Biology - Cellular;(BLS) Genetics;,"Department of Neurosurgery, Hainan General Hospital/Hainan Affiliated Hospital of Hainan Medical University, Haikou, Hainan Province, People’s Republic of China; Department of Neurology, Dalian Central Hospital, Dalian, Liaoning Province, People’s Republic of China; Department of Neurosurgery, Hainan People’s Hospital, Haikou, Hainan Province, People’s Republic of China; Department of Neurosurgery, The First Affiliated Hospital of Dalian Medical University, Dalian, Liaoning Province, People’s Republic of China;",Cancer Management and Research,Taylor and Francis - Dove Press,China,Ren Duan Cai;Chao Cai Zhang;Li Li Xie;Peng Cheng Wang;Chui Xue Huang,,Research Article;,10/5/2021 0:00,10.2147/CMAR.S342316,34675660.0,11/24/2020 0:00,10.2147/CMAR.S269572,33262651.0,Retraction,Author Unresponsive;Duplication of/in Image;Investigation by Third Party;Paper Mill;Unreliable Results and/or Conclusions;,No,see also: https://pubpeer.com/publications/F3D6D5952828B32D0EE39D86475389,,"To explore the regulatory mechanism of long non-coding RNA small nucleolar RNA host gene 1 (SNHG1) in glioma. The expression of SNHG1 and miR-140-5p in glioma tissues and glioma cell lines (LN-18, KNS-81, and KALS-1) was determined, and the effect of the two on cell proliferation, invasion, and PI3K/AKT pathway was analyzed. SNHG1 was overexpressed in glioma tissues, while miR-140-5p was underexpressed in them, and there was a significant negative correlation between SNHG1 and miR-140-5p. In addition, both down-regulation of SNHG1 and up-regulation of miR-140-5p significantly inhibited the malignant proliferation and invasion of glioma, intensified the apoptosis, and also significantly suppressed the activation of the PI3K/AKT pathway. The dual-luciferase reporter assay, RNA pull-down assay, and RIP determination all confirmed that there was a targeting relationship between SNHG1 and miR-140-5p, and there was no difference between KNS-81 and KALS-1 cells transfected with SNHG1+mimics and si-SNHG1+inhibitor and those in the si-NC group with unrelated sequences in terms of cell malignant progression. SNHG1/miR-140-5p axis and its regulation on PI3K/AKT pathway might be a novel therapeutic direction to curb the malignant progression of glioma.",ok_via_pubmed,SNHG1 Promotes Malignant Progression of Glioma by Targeting miR-140-5p and Regulating PI3K/AKT Pathway [Retraction],crossref,[],False,True,YES
32891.0,Long Noncoding RNA Sox2 Overlapping Transcript (SOX2OT) Promotes Non-Small-Cell Lung Cancer Migration and Invasion via Sponging microRNA 132 (miR-132),(BLS) Biology - Cancer;(BLS) Biology - Cellular;(BLS) Genetics;,"Department of Thoracic surgery, The First Hospital of Jilin University, Changchun 130021, People’s Republic of China; Department of Respiration, The First Hospital of Jilin University, Changchun 130021, People’s Republic of China; Department of Pathology, The First Hospital of Jilin University, Changchun 130021, People’s Republic of China; Department of Nuclear Medicine, The First Hospital of Jilin University, Changchun 130021, People’s Republic of China;",OncoTargets and Therapy,Taylor and Francis - Dove Press,China,Kewei Zhang;Yang Li;Limei Qu;Xiaobo Ma;Hongguang Zhao;Ying Tang,,Research Article;,10/5/2021 0:00,10.2147/OTT.S341962,34675544.0,8/30/2021 0:00,10.2147/OTT.S168654,30214232.0,Retraction,Author Unresponsive;Duplication of/in Image;Investigation by Third Party;Paper Mill;Unreliable Results and/or Conclusions;,No,see also: https://pubpeer.com/publications/BD33083E8777912AB33899C75BF597;,,"Long noncoding RNA (lncRNA) Sox2 overlapping transcript (SOX2OT) has been reported to be upregulated in various types of cancers, including non-small-cell lung cancer (NSCLC). However, the biological role and underlying mechanism of SOX2OT activity in NSCLC remain largely unknown. This study aims to investigate the function and possible molecular mechanisms of SOX2OT in NSCLC. Quantitative real-time polymerase chain reaction was used to detect SOX2OT expression, and cellular proliferation, migration, and invasion were measured using cell counting kit-8, wound healing, and Transwell invasion assays, respectively. Western blotting was used to determine protein expression. Starbase 2.0 and luciferase reporter assay were utilized to identify the molecular target of SOX2OT. Here, we discovered that SOX2OT was markedly upregulated in NSCLC tissues and cell lines. Knockdown of SOX2OT inhibited the proliferation, migration, invasion, and epithelial-mesenchymal transition (EMT) process in NSCLC cells. Moreover, we explored the regulatory mechanism of SOX2OT and found that SOX2OT directly bound microRNA 132 (miR-132) in NSCLC cells. Importantly, miR-132 inhibition partially reversed the SOX2OT knockdown-mediated inhibitory effect on cell proliferation, migration, invasion, and EMT process. We also found that SOX2OT could regulate zinc finger E-box-binding homeobox 2 (a target of miR-132) expression, which played crucial roles in tumor cell proliferation and invasion. These findings indicated that SOX2OT was a noncoding oncogene that exerted important regulatory functions in NSCLC via sponging miR-132 and might represent a novel strategy for overcoming this disease.",ok_via_pubmed,Long Noncoding RNA Sox2 Overlapping Transcript (SOX2OT) Promotes Non-Small-Cell Lung Cancer Migration and Invasion via Sponging microRNA 132 (miR-132) [Retraction],crossref,[],False,True,YES
32889.0,MicroRNA-652 Suppresses Malignant Phenotypes in Glioblastoma Multiforme via FOXK1-Mediated AKT/mTOR Signaling Pathway,(BLS) Biology - Cancer;(BLS) Biology - Cellular;(BLS) Genetics;,"Department of Laboratory, The Third People’s Hospital of Linyi, Linyi, Shandong 276023, People’s Republic of China; Department of Oncology, The Third People’s Hospital of Linyi, Linyi, Shandong 276023, People’s Republic of China; Department of Pathology, Linyi Cancer Hospital, Linyi, Shandong 276023, People’s Republic of China;",OncoTargets and Therapy,Taylor and Francis - Dove Press,China,Huimei Yang;Zhenzhen Song;Xia Wu;Yilei Wu;Chengxia Liu,,Research Article;,9/28/2021 0:00,10.2147/OTT.S340635,34611412.0,7/10/2019 0:00,10.2147/OTT.S204715,31371994.0,Retraction,Author Unresponsive;Duplication of/in Image;Investigation by Third Party;Paper Mill;Unreliable Results and/or Conclusions;,No,see also: https://pubpeer.com/publications/02FF78162C6E950384B9FC8869DB6B;,,"An increasing number of studies have documented that dysregulation of microRNAs (miRNAs) is common in glioblastoma multiforme (GBM). miR-652 is aberrantly expressed in various human cancers and plays important roles in numerous cancer-related processes. However, the expression profiles and potential roles of miR-652 in GBM remain largely unknown. Reverse transcription-quantitative polymerase chain reaction (RT-qPCR) was performed to determine miR-652 expression in GBM tissues and cell lines. The effects of miR-652 upregulation on GBM cell proliferation, clone formation, apoptosis, migration and invasion were measured using 3-(4,5-dimethylthiazol-2-yl)-2,5-diphenyltetrazolium bromide, clone formation, flow cytometry and Transwell miR-652 expression was considerably downregulated in GBM tissues and cell lines. Low miR-652 expression was strongly correlated with Karnofsky performance score and tumor size. Overall survival duration was shorter in GBM patients with low miR-652 expression than in those with high miR-652 expression. miR-652 resumption considerably suppressed the proliferation, clone formation, migration, and invasion and promoted the apoptosis of GBM cells in vitro. In addition, forkhead-box k1 (FOXK1) was demonstrated as the direct target gene of miR-652 in GBM cells. FOXK1 downregulation led to a tumor-suppressing activity similar to that of miR-652 upregulation. Restoration of FOXK1 expression partially neutralized the influence of miR-652 overexpression on GBM cells. Furthermore, ectopic miR-652 expression deactivated the AKT/mTOR pathway in GBM cells via FOXK1 regulation. Moreover, miR-652 impaired GBM tumor growth in vivo, probably caused by miR-652-mediated suppression of FOXK1/AKT/mTOR signaling. miR-652 inhibits FOXK1 and deactivates the AKT/mTOR pathway, thereby resulting in the suppression of malignant phenotypes of GBM cells in vitro and in vivo.",ok_via_pubmed,MicroRNA-652 Suppresses Malignant Phenotypes in Glioblastoma Multiforme via FOXK1-Mediated AKT/mTOR Signaling Pathway [Retraction],crossref,[],False,True,YES
32888.0,MicroRNA-761 Targets FGFR1 to Suppress the Malignancy of Osteosarcoma by Deactivating PI3K/Akt Pathway,(BLS) Biology - Cancer;(BLS) Biology - Cellular;(BLS) Genetics;,"Department of Orthopedics, Affiliated Zhongshan Hospital of Dalian University, Liaoning 116001, People’s Republic of China; School of Graduate Studies, Zunyi Medical University, Guizhou 563000, People’s Republic of China;",OncoTargets and Therapy,Taylor and Francis - Dove Press,China,Zhongzhe Lv;Jinming Ma;Jianchuan Wang;Jianmin Lu,,Research Article;,9/28/2021 0:00,10.2147/OTT.S340637,34611413.0,10/15/2019 0:00,10.2147/OTT.S208263,31686864.0,Retraction,Author Unresponsive;Duplication of/in Image;Investigation by Third Party;Paper Mill;Unreliable Results and/or Conclusions;,No,see also: https://pubpeer.com/publications/4C27BBF44199887981BE22092908E4;,,"MicroRNA-761 (miR-761) has been reported to be deregulated in many types of human cancers and play important roles in cancer genesis and progression. However, the biological roles of miR-761 in osteosarcoma (OS) and the underlying mechanisms remain largely unknown. The expression of miR-761 in OS tissues and cell lines was analyzed using RT-qPCR. A series of gain-of-function tests were performed, and status of malignancy was evaluated on basis of proliferation, migration, invasion, and apoptosis using different assays to determine the regulatory roles of miR-761 in OS cells in vivo and in vitro. Notably, the mechanisms underlying the action of miR-761 in the pathogenesis of OS were investigated using bioinformatic analysis, luciferase reporter assay, RT-qPCR and Western blotting. The results showed that miR-761 expression was decreased in OS tissues and cell lines and is closely correlated with clinical stage and distant metastasis in OS patients. Patients with OS having low miR-761 expression showed worse prognosis compared to OS patients with high miR-761 expression. Restoring the miR-761 expression level decreased OS cell proliferation, migration, and invasion in vitro; promoted cell apoptosis in vitro; and impaired tumor growth in vivo. In addition, fibroblast growth factor receptor 1 (FGFR1) was found as a direct target gene of miR-761 in OS cells. Furthermore, silencing FGFR1 expression stimulated the tumor-suppressing roles of miR-761 upregulation in OS cells, whereas the activity of miR-761 overexpression in OS cells was abolished by the restoration of FGFR1 expression. Moreover, restoration of miR-761 expression deactivated the PI3K/Akt pathway in vitro and in vivo. These results suggest that miR-761 plays anti-cancer roles in OS by directly targeting FGFR1 and deactivating the PI3K/Akt pathway. The newly identified miR-761/FGFR1/PI3K/Akt pathway partially illustrates the mechanism of OS pathogenesis and presents a novel candidate therapeutic target for antitumor therapy.",ok_via_pubmed,MicroRNA-761 Targets FGFR1 to Suppress the Malignancy of Osteosarcoma by Deactivating PI3K/Akt Pathway [Retraction],crossref,[],False,True,YES
32823.0,microRNA-769 is Downregulated in Colorectal Cancer and Inhibits Cancer Progression by Directly Targeting Cyclin-Dependent Kinase 1,(BLS) Biology - Cancer;(BLS) Biology - Cellular;(BLS) Genetics;,"Department of Clinical Laboratory, Shanghai Eighth People’s Hospital, Xuhui Branch of Shanghai Sixth People’s Hospital, Shanghai 200235, People’s Republic of China;",OncoTargets and Therapy,Taylor and Francis - Dove Press,China,Lei Wang;Minyi Xu;Pei Lu;Fangfang Zhou,,Research Article;,9/19/2021 0:00,10.2147/OTT.S339847,34602822.0,12/21/2018 0:00,10.2147/OTT.S183847,30588014.0,Retraction,Author Unresponsive;Duplication of/in Image;Paper Mill;Unreliable Results and/or Conclusions;,No,,,"In recent years, microRNAs (miRNAs) have been reported to be aberrantly expressed in colorectal cancer (CRC). The deregulation of miRNAs is implicated in the formation and progression of CRC, and participates in the regulation of a wide range of biological behaviors. Considering the crucial role of miRNAs in CRC, miRNAs are thought to have significant promise in the diagnosis and therapy of patients with this malignancy. Reverse transcription-quantitative polymerase chain reaction (RT-qPCR) was performed to detect miR-769 expression in CRC tissues and cell lines. MTT assay and flow cytometry analysis were used to determine the effects of miR-769 upregulation in CRC cell proliferation and apoptosis, respectively. The influence of miR-769 overexpression in CRC cell migration and invasion was evaluated through migration and invasion assays. Notably, the possible mechanisms underlying the action of miR-769 in CRC cells were explored. In the present study, miR-769 was frequently found to be poorly expressed in CRC tissues and cell lines. Functional assays showed that recovery of miR-769 expression suppressed CRC cell proliferation, migration, and invasion, increased cell apoptosis in vitro, and inhibited tumor growth in vivo. Cyclin-dependent kinase 1 (CDK1) was the direct target of miR-769 in CRC cells. CDK1 was overexpressed in CRC tissue samples and negatively correlated with miR-769 expression. In addition, CDK1 inhibition imitated the tumor suppressor activity of miR-769 in CRC cells, and restoration of CDK1 expression partially abolished the tumor-suppressing roles of miR-769 in malignant CRC cells. The results of this study demonstrated that miR-769 was downregulated in CRC and directly targeted CDK1 to be implicated in the regulation of CRC cell proliferation, apoptosis, migration and invasion. Thus, the miR-769/CDK1 axis might be an effective therapeutic target for treating patients with CRC.",ok_via_pubmed,microRNA-769 is Downregulated in Colorectal Cancer and Inhibits Cancer Progression by Directly Targeting Cyclin-Dependent Kinase 1 [Retraction],crossref,[],False,True,YES
32802.0,Immature Colon Carcinoma Transcript 1 Is Essential for Prostate Cancer Cell Viability and Proliferation,(BLS) Biology - Cancer;(BLS) Biology - Cellular;(BLS) Genetics;,"Department of Urology, Changzheng Hospital, The Second Military Medical University , Shanghai, China;",Cancer Biotherapy & Radiopharmaceuticals,Mary Ann Liebert,China,Zhijun Wang;Danfeng Xu;Yi Gao;Yushan Liu;Jizhong Ren;Yacheng Yao;Lei Yin;Jie Chen;Sishun Gan;Xingang Cui,http://retractionwatch.com/2021/10/06/heres-what-happened-when-a-publisher-looked-more-closely-at-a-paper-milled-paper/,Research Article;,9/30/2021 0:00,10.1089/cbr.2014.1728.retract,34596455.0,9/9/2015 0:00,10.1089/cbr.2014.1728,26186090.0,Retraction,Duplication of Data;Duplication of Text;Paper Mill;,No,,,"Cancer Biotherapy and Radiopharmaceuticals officially retracts the article entitled, “Immature Colon Carcinoma Transcript 1 Is Essential for Prostate Cancer Cell Viability and Proliferation,” by Zhijun Wang, Danfeng Xu, Yi Gao, Yushan Liu, Jizhong Ren, Yacheng Yao, Lei Yin, Jie Chen, Sishun Gan, and Xingang Cui, (Cancer Biother Radiopharm 2015;30(7):278–284; doi: 10.1089/cbr.2014.1728) due to incorrectly attributed or identified sequences. Several figures and text within the methods section are strikingly similar to those in other publications 1–3 and suggests that same party prepared these papers for entirely different author sets. The Editor and Publisher of Cancer Biotherapy and Radiopharmaceuticals are committed to preserving the scientific literature and the community it serves. References 1. Zhang C, Zhang T, Song E, et al. Ribosomal protein S15A augments human osteosarcoma xell proliferation in vitro. Cancer Biother Radiopharm 2018;29(10):451–456; doi: 10.1089/cbr.2014.1698. 2. Wang H, Wang B, Zhu W. et al. Lentivirus-mediated knockdown of myosin VI inhibits cell proliferation of breast cancer cell. Cancer Biother Radiopharm 2015;30(8):330–335; doi: 10.1089/cbr.2014.1759. 3. Zhao S, Chen X, Wan M, et al. Tectonic 1 is a key regulator of cell proliferation in pancreatic cancer. Cancer Biother Radiopharm 2016;31(1):7–13; doi: 10.1089/cbr.2014.1778.",ok,"<b>
                      <i>Retraction of:</i>
                    </b>
                    Immature Colon Carcinoma Transcript 1 Is Essential for Prostate Cancer Cell Viability and Proliferation (doi: 10.1089/cbr.2014.1728)",crossref,[],False,True,NO_STUB_NOT_ABSTRACT
32799.0,Tectonic 1 Is a Key Regulator of Cell Proliferation in Pancreatic Cancer,(BLS) Biochemistry;(BLS) Biology - Cancer;(BLS) Biology - Cellular;(BLS) Biology - Molecular;,"Department of General Surgery, the Second Affiliated Hospital of Harbin Medical University, Harbin, China; Department of Ophthalmology, the First Affiliated Hospital of Harbin Medical University, Harbin, China; Harbin Medical University, Harbin, China;",Cancer Biotherapy & Radiopharmaceuticals,Mary Ann Liebert,China,Shiyong Zhao;Xuedong Chen;Ming Wan;Xingming Jiang;Chunlong Li;Yunfu Cui;Pengcheng Kang,,Research Article;,9/30/2021 0:00,10.1089/cbr.2014.1778.retract,34596436.0,2/14/2016 0:00,10.1089/cbr.2014.1778,26844847.0,Retraction,Duplication of/in Image;Duplication of Text;Investigation by Journal/Publisher;Paper Mill;,No,,,"Pancreatic cancer is notoriously becoming one of the most devastating human cancers leading to death. However, clinical challenges still remain in diagnosis and treatment of this ticklish cancer. In the present study, the authors identified a new gene, Tectonic 1 (TCTN1), as a key regulator of cell proliferation in pancreatic cancer. Lentivirus-mediated short hairpin RNA (shRNA) was employed to knock down endogenous TCTN1 expression in PANC-1 pancreatic cancer cells. Knockdown of TCTN1 expression potently inhibited cell viability and proliferation, as determined by MTT and colony formation assays. Western blotting analysis also showed that knockdown of TCTN1 suppressed the expression of cdc2, while it induced that of p21 and p27. Flow cytometry analysis showed that depletion of TCTN1 in PANC-1 cells led to cell cycle arrest in the G2/M phase as well as apoptosis. Besides, depletion of TCTN1 led to the increase of Bax and cleavage of PARP-1, but the decrease of bcl2 by western blotting. The data indicate that TCTN1 is indispensable for pancreatic cancer cell proliferation, which provides a novel alternative to targeted therapy of pancreatic cancer and deserves further investigation.",ok_via_pubmed,"<b>
                      <i>Retraction of:</i>
                    </b>
                    Tectonic 1 Is a Key Regulator of Cell Proliferation in Pancreatic Cancer (doi: 10.1089/cbr.2014.1778)",crossref,[],False,True,YES
32798.0,Lentivirus-Mediated Knockdown of Myosin VI Inhibits Cell Proliferation of Breast Cancer Cell,(BLS) Biology - Cancer;(BLS) Biology - Cellular;(BLS) Biology - Molecular;(BLS) Microbiology;,"Department of General Surgery, Zhongshan Hospital, Fudan University, Shanghai, China; Department of Medical Oncology, Fudan University Shanghai Cancer Center, Shanghai, China;",Cancer Biotherapy & Radiopharmaceuticals,Mary Ann Liebert,China,Hong Wang;Biyun Wang;Wei Zhu;Ziang Yang,http://retractionwatch.com/2021/10/06/heres-what-happened-when-a-publisher-looked-more-closely-at-a-paper-milled-paper/,Research Article;,9/30/2021 0:00,10.1089/cbr.2014.1759.retract,34596435.0,10/8/2015 0:00,10.1089/cbr.2014.1759,26407123.0,Retraction,Duplication of Data;Duplication of Text;Investigation by Journal/Publisher;Paper Mill;,No,,,"Cancer Biotherapy and Radiopharmaceuticals officially retracts the article entitled, “Lentivirus-Mediated Knockdown of Myosin VI Inhibits Cell Proliferation of Breast Cancer Cell,” by Hong Wang, Biyun Wang, Wei Zhu, and Ziang Yang, (Cancer Biother Radiopharm 2015;30(8):330–335; doi: 10.1089/cbr.2014.1759) due to incorrectly attributed or identified sequences. Several figures and text within the methods section are strikingly similar to those in other publications 1–3 and suggests that same party prepared these papers for entirely different author sets. The Editor and Publisher of Cancer Biotherapy and Radiopharmaceuticals are committed to preserving the scientific literature and the community it serves. References 1. Wang Z, Xu D, Gao Y, et al. Immature colon carcinoma transcript 1 is essential for prostate cancer cell viability and proliferation. Cancer Biother Radiopharm 2015;30(7):278–284; doi: 10.1089/cbr.2014.1728. 2. Zhang C, Zhang T, Song E, et al. Ribosomal protein S15A augments human osteosarcoma xell proliferation in vitro. Cancer Biother Radiopharm 2018;29(10):451–456; doi: 10.1089/cbr.2014.1698. 3. Zhao S, Chen X, Wan M, et al. Tectonic 1 is a key regulator of cell proliferation in pancreatic cancer. Cancer Biother Radiopharm 2016;31(1):7–13; doi: 10.1089/cbr.2014.1778.",ok,"<b>
                      <i>Retraction of:</i>
                    </b>
                    Lentivirus-Mediated Knockdown of Myosin VI Inhibits Cell Proliferation of Breast Cancer Cell (doi: 10.1089/cbr.2014.1759)",crossref,[],False,True,NO_STUB_NOT_ABSTRACT
32796.0,Ribosomal Protein S15A Augments Human Osteosarcoma Cell Proliferation In Vitro,(BLS) Biochemistry;(BLS) Biology - Cancer;(BLS) Biology - Cellular;(BLS) Biology - Molecular;,"Chen Zhang;Shanghai Tenth People's Hospital,Tongji University School of Medicine; No. 301 Middle Yanchang Road, Shanghai 200072, China; Medical Technology College, Zhejiang Chinese Medical University, Hangzhou, Zhejiang, China; Lixiang Eye Hospital of Soochow University, Suzhou, Jiangsu, China; Tongji Hospital Affiliated to Tongji University, Tongji University School of Medicine; Shanghai 200065, China; Shanghai Tenth People's Hospital, Tongji University School of Medicine, Shanghai, China; Department of Orthopedics, Shanghai Tenth People's Hospital, Tongji University School of Medicine; No. 301 Middle Yanchang Road, Shanghai 200072, China;",Cancer Biotherapy & Radiopharmaceuticals,Mary Ann Liebert,China,Chen Zhang;Ting Zhang;E Song;Himaya Swa;Xianzhen Chen;Longpo Zheng,http://retractionwatch.com/2021/10/06/heres-what-happened-when-a-publisher-looked-more-closely-at-a-paper-milled-paper/,Research Article;,9/30/2021 0:00,10.1089/cbr.2014.1698.retract,34596420.0,10/5/2018 0:00,10.1089/cbr.2014.1698,25409460.0,Retraction,Duplication of Data;Duplication of Text;Investigation by Journal/Publisher;Paper Mill;Upgrade/Update of Prior Notice(s);,No,,,"As a highly conserved housekeeping gene, the biological implications of ribosomal protein S15A (RPS15A) during various processes, including carcinogenesis, remain elusive. Herein, the authors reported that knockdown of RPS15A expression significantly inhibited human osteosarcoma U2OS cell proliferation and colony formation in vitro by using a lentivirus-mediated RNA interference (RNAi) system. Moreover, an excess accumulation of cells in the G0/G1 phase was observed in U2OS cells transduced with lentivirus targeting RPS15A, suggesting that the growth inhibition mediated by RPS15A knockdown in osteosarcoma cells was probably due to the induction of cell cycle arrest. Taken together, this study highlights the crucial role of RPS15A in promoting osteosarcoma cell proliferation, and provides a foundation for further study into the clinical potential of inhibition of RPS15A for the treatment of osteosarcoma.",ok_via_pubmed,"<b>
                      <i>Retraction of:</i>
                    </b>
                    Ribosomal Protein S15A Augments Human Osteosarcoma Cell Proliferation
                    <i>In Vitro</i>
                    (doi: 10.1089/cbr.2014.1698)",crossref,[],False,True,YES
32651.0,microRNA-628 Inhibits the Proliferation of Acute Myeloid Leukemia Cells by Directly Targeting IGF-1R,(BLS) Biology - Cancer;(BLS) Biology - Cellular;(BLS) Genetics;,"Department of Hematology, Jingjiang People’s Hospital, The Seventh Affiliated Hospital of Yangzhou University, Jiangsu 214500, P.R. China;",OncoTargets and Therapy,Taylor and Francis - Dove Press,China,Lu Chen;Xin Jiang;Haoyue Chen;Qiaoyan Han;Chunhua Liu;Miao Sun,,Research Article;,9/19/2021 0:00,10.2147/OTT.S339844,34584423.0,1/29/2019 0:00,10.2147/OTT.S192137,30774377.0,Retraction,Author Unresponsive;Duplication of/in Image;Investigation by Journal/Publisher;Investigation by Third Party;Paper Mill;Unreliable Results and/or Conclusions;,No,,,"A variety of microRNAs (miRNAs) are aberrantly expressed in acute myeloid leukemia (AML), and these dysregulated miRNAs perform crucial roles in tumorigenesis and progression of AML. miR-628-3p (miR-628), one of the miRNAs dysregulated in multiple types of human cancers, exerts antitumor roles in different cancer types. However, no specific study has explored the expression pattern and role of miR-628 in AML. In this study, RT-qPCR was performed to detect miR-628 expression in AML tissues and cell lines. CCK-8 assay, flow cytometry analysis and xenograft tumor experiment was carried out to determine the functions of miR-628 in AML cells. The possible mechanism underlying the activity of miR-628 in AML cells was also explored using a series of experiments. Our results revealed the downregulated expression of miR-628 in patients with AML and AML cell lines. Ectopic expression of miR-628 resulted in the inhibition of AML cell proliferation and induction of cell cycle arrest and apoptosis in vitro and attenuation of tumor growth in vivo. Insulin-like growth factor 1 receptor ( Our results demonstrate that miR-628 exhibits antitumor effects in AML through the direct targeting of",ok_via_pubmed,microRNA-628 Inhibits the Proliferation of Acute Myeloid Leukemia Cells by Directly Targeting IGF-1R [Retraction],crossref,[],False,True,YES
32650.0,"miRNA-641 Inhibits the Proliferation, Migration, and Invasion and Induces Apoptosis of Cervical Cancer Cells by Directly Targeting ZEB1",(BLS) Biology - Cancer;(BLS) Biology - Cellular;(BLS) Genetics;,"Department of Obstetrics and Gynecology, Wenzhou Hospital of Integrated Traditional Chinese and Western Medicine, Wenzhou 325000, Zhejiang, People’s Republic of China;",OncoTargets and Therapy,Taylor and Francis - Dove Press,China,Rui Yao;Huzhong Zheng;Liqun Wu;Pingsheng Cai,,Research Article;,9/19/2021 0:00,10.2147/OTT.S339845,34584424.0,12/11/2018 0:00,10.2147/OTT.S190303,30588009.0,Retraction,Author Unresponsive;Investigation by Journal/Publisher;Investigation by Third Party;Paper Mill;Unreliable Results and/or Conclusions;,No,see also: https://pubpeer.com/publications/BB3CAA2ACC9B029B1CC6CD78940468,,"miRNAs have been found to be dysregulated in cervical cancer. The dysregulation of miRNA has been implicated in cervical carcinogenesis and progression. Therefore, further studies of the specific roles of deregulated miRNAs in cervical cancer and underlying molecular mechanisms may facilitate the identification of novel therapeutic techniques for patients with this disease. miRNA-641 (miR-641) was previously reported to serve an important role in lung cancer. However, the expression pattern and roles of miR-641 in cervical cancer remain unclear. In this study, the expression level of miR-641 in cervical cancer tissues and cell lines was detected using RT-qPCR. The influence of miR-641 upregulation in cervical cancer cell proliferation, apoptosis, migration and invasion was evaluated using CCK-8 assay, flow cytometry assay, migration and invasion assays, respectively. In vivo tumor growth assay was utilized to determine the effect of miR-641 overexpression in the tumor growth of cervical cancer cells in vivo. The molecular mechanisms underlying the action of miR-641 in cervical cancer cells were also explored. We found that miR-641 expression was obviously decreased in cervical cancer tissues and cell lines, which strongly correlated with the International Federation of Gynecology and Obstetrics stage and lymph node metastasis. Upregulation of miR-641 inhibited cell proliferation, induced apoptosis, and reduced metastasis in cervical cancer. Additionally, bioinformatics analysis predicted  These results indicate that miR-641 has tumor suppressive roles in the development of cervical cancer by directly targeting",ok_via_pubmed,"miRNA-641 Inhibits the Proliferation, Migration, and Invasion and Induces Apoptosis of Cervical Cancer Cells by Directly Targeting ZEB1 [Retraction]",crossref,[],False,True,YES
32604.0,MicroRNA-92a promotes tumor growth and suppresses immune function through activation of MAPK/ERK signaling pathway by inhibiting PTEN in mice bearing U14 cervical cancer,(BLS) Biology - Cancer;(BLS) Biology - Cellular;(BLS) Genetics;,"Department of Obstetrics and Gynecology, The Affiliated Yantai Yuhuangding Hospital of Qingdao University, Yantai, 264000 China; Department of Obstetrics and Gynecology, Qingdao Municipal Hospital, Qingdao, 266071 China; Department of Obstetrics, The Affiliated Yantai Yuhuangding Hospital of Qingdao University, Yantai, 264000 P.R., China;",Cancer Medicine,Wiley,China,Zeng Hui Li;Lei Li;Lin Ping Kang;Yan Wang,,Research Article;,9/27/2021 0:00,10.1002/cam4.4265,34569716.0,5/11/2018 0:00,10.1002/cam4.1329,29752775.0,Retraction,Duplication of/in Image;Error in Methods;Investigation by Third Party;Objections by Third Party;Paper Mill;Unreliable Results and/or Conclusions;,No,see also: https://pubpeer.com/publications/450ED5BD26E9CBA81BF6D81FECF056,,"Abstract Cervical cancer is known as the possible outcome of genital infection, while the molecular mechanisms of initiation, development, and metastasis of cervical cancer have not yet been fully elucidated. Our study aims to investigate the effects of micro RNA ‐92a (miR‐92a) on tumor growth and immune function by targeting PTEN via the MAPK / ERK signaling pathway in tumor‐bearing mice. C57 BL /6 female mice were used for tumor‐bearing mouse models and their tumor and adjacent normal tissues were collected, and normal cervical tissues were obtained from normal mice. Serum levels of tumor necrosis factor‐ α ( TNF ‐ α ) and soluble interleukin‐2 receptor ( sIL ‐2R) were detected by ELISA . The cells were divided into the normal, blank, negative control ( NC ), miR‐92a mimic, miR‐92a inhibitor, si RNA ‐ PTEN , and miR‐92a inhibitor + si RNA ‐ PTEN groups. Dual‐luciferase reporter assay was adopted to determine the relationship between PTEN and miR‐92a. Expressions of miR‐92a, PTEN , TNF ‐ α , sIL ‐2R, ERK 1, and ERK 2 were tested by RT ‐ qPCR and Western blotting. Cell proliferation was detected by cell count kit‐8 ( CCK ‐8); cell cycle and apoptosis were detected by flow cytometry. Compared with the normal cervical tissues and adjacent normal tissues, the cervical cancer tissues exhibited increased expressions of miR‐92a, p‐ ERK 1/2, and serum levels of TNF ‐ α and sIL ‐2R while decreased PTEN expression. PTEN was confirmed to be the target gene of miR‐92a. As compared with the blank and NC groups, expressions of miR‐92a, ERK 1 and ERK 2 increased, and expressions of PTEN decreased in the miR‐92a mimic group. The miR‐92a mimic group exhibited increased expression levels of TNF ‐ α and sIL ‐2R, cell proliferation, and cell number in S phase but decreased cell apoptosis, and cell number in G0/G1 phase, while the miR‐92a inhibitor group followed opposite trends. miR‐92a promotes tumor growth and suppresses immune function by inhibiting PTEN via activation of the MAPK / ERK signaling pathway in mice bearing U14 cervical cancer.",ok,Retraction,crossref,[],False,True,YES
32589.0,Long Noncoding RNA FGD5-AS1 Acts as a Competing Endogenous RNA on microRNA-383 to Enhance the Malignant Characteristics of Esophageal Squamous Cell Carcinoma by Increasing SP1 Expression,(BLS) Biology - Cancer;(BLS) Biology - Cellular;(BLS) Genetics;,"Department of Thoracic Surgery, Heze Municipal Hospital, Heze, Shandong 274031, People’s Republic of China; Department of Thoracic Surgery, Affiliated Hospital of Jining Medical University, Shandong 272000, People’s Republic of China",Cancer Management and Research,Taylor and Francis - Dove Press,China,Jia Gao;Ziteng Zhang;Hong Su;Ling Zong;Yan Li,,Research Article;,9/27/2021 0:00,10.2147/CMAR.S341060,34611443.0,3/26/2020 0:00,10.2147/CMAR.S236576,32273764.0,Retraction,Duplication of/in Image;Investigation by Journal/Publisher;Objections by Third Party;Original Data and/or Images not Provided and/or not Available;Paper Mill;,No,,,"Previous studies have identified the important roles of a long noncoding RNA called FGD5 antisense RNA 1 ( ESCC tissue samples and paired normal adjacent tissues were collected to quantify  Thus,",ok_via_pubmed,Long Noncoding RNA FGD5-AS1 Acts as a Competing Endogenous RNA on microRNA-383 to Enhance the Malignant Characteristics of Esophageal Squamous Cell Carcinoma by Increasing SP1 Expression [Retraction],crossref,[],False,True,YES
32588.0,Long Noncoding RNA SNHG16 Silencing Inhibits the Aggressiveness of Gastric Cancer via Upregulation of microRNA-628-3p and Consequent Decrease of NRP1,(BLS) Biology - Cancer;(BLS) Biology - Cellular;(BLS) Genetics;,"Department of Internal Oncology, The Fourth Affiliated Hospital of Harbin Medical University, Harbin, People’s Republic of China; Department of Burn, Heilongjiang Province Hospital, Harbin, People’s Republic of China; Department of Pharmacology and Toxicology, Wright State University, Fairborn, OH, USA; Department of General Surgery, Suihua First Hospital in Heilongjiang Province, Suihua, People’s Republic of China;",Cancer Management and Research,Taylor and Francis - Dove Press,China;United States,Weifeng Pang;Mingcui Zhai;Yue Wang;Zhiqiang Li,,Research Article;,9/27/2021 0:00,10.2147/CMAR.S341062,34611444.0,8/1/2019 0:00,10.2147/CMAR.S211856,31447585.0,Retraction,Duplication of/in Image;Investigation by Journal/Publisher;Objections by Third Party;Original Data and/or Images not Provided and/or not Available;Paper Mill;,No,,,"MicroRNA-628-3p (miR-628) has been reported to play important roles in the progression of multiple human cancer types. Nonetheless, whether the expression profile of miR-628 is altered in gastric cancer remains unclear and whether its aberrant expression plays a crucial part in the aggressiveness of gastric cancer is yet to be determined. Therefore, in this study, we systematically investigated the involvement of miR-628 in gastric cancer progression. MiR-628 expression in gastric cancer tissues and cell lines were determined via reverse transcription-quantitative polymerase chain reaction (RT-qPCR). A CCK-8 assay, flow-cytometric analysis, Transwell assays, and a xenograft model experiment were performed to evaluate the influence of miR-628 overexpression on gastric cancer cells. Notably, the mechanisms underlying the tumor-suppressive activity of miR-628 in gastric cancer cells were explored by bioinformatics analysis, a luciferase reporter assay, RT-qPCR, and Western blotting. MiR-628 expression was low in gastric cancer tissue samples and cell lines. The low expression of miR-628 was closely associated with the lymph node metastasis, invasive depth and TNM stage among patients with gastric cancer. Further clinical analysis indicated that patients with gastric cancer underexpressing miR-628 had a worse prognosis than did the patients with high miR-628 expression in the tumor. Overexpressed miR-628 restrained proliferation, migration, and invasion; induced apoptosis; and impaired tumor growth of gastric cancer cells. In addition, neuropilin 1 (NRP1) mRNA was validated as the direct target of miR-628 in gastric cancer. Long noncoding RNA small nucleolar RNA host gene 16 (SNHG16) was demonstrated to sponge miR-628 in gastric cancer. Moreover, miR-628 knockdown abrogated the influence of SNHG16 silencing on gastric cancer cells. Our findings elucidate how the SNHG16-miR-628-NRP1 pathway serves as a regulatory network playing crucial roles in gastric cancer progression, suggesting that this pathway may be a novel target of anticancer therapy.",ok_via_pubmed,Long Noncoding RNA SNHG16 Silencing Inhibits the Aggressiveness of Gastric Cancer via Upregulation of microRNA-628-3p and Consequent Decrease of NRP1 [Retraction],crossref,[],False,True,YES
32585.0,MicroRNA-802 Inhibits Cell Proliferation and Induces Apoptosis in Human Laryngeal Cancer by Targeting cAMP-Regulated Phosphoprotein 19,(BLS) Biology - Cancer;(BLS) Biology - Cellular;(BLS) Genetics;,"E.N.T. Department, Taizhou Municipal Hospital, Taizhou City, Zhejiang Province 318000, People’s Republic of China;",Cancer Management and Research,Taylor and Francis - Dove Press,China,Huafu Ye;Qiaozhi Jin;Xiaoqiong Wang;Yong Li,,Research Article;,9/18/2021 0:00,10.2147/CMAR.S339430,34566432.0,1/20/2020 0:00,10.2147/CMAR.S228429,32021454.0,Retraction,Author Unresponsive;Duplication of/in Image;Investigation by Journal/Publisher;Objections by Third Party;Paper Mill;,No,,,"miR-802 plays a key role in cancer progression and development. The purpose of this work is to investigate the functional role of miR-802 in laryngeal cancer and to elucidate the function of miR-802 and cAMP-regulated phosphoprotein 19 (ARPP19) on laryngeal cancer. RT-qPCR was applied to study the expression level of ARPP19 and miR-802 in the laryngeal carcinoma cell lines and tissues. CCK-8, colony formation, flow cytometry (FACS) assay were used to study the effect of ARPP19 and miR-802 on apoptosis, proliferation, and cell cycle of laryngeal carcinoma cells. Target gene prediction and luciferase reporter gene assay were applied to identify target gene of miR-802. The transcriptional mRNA and protein expression levels of ARPP19 were measured by RT-qPCR or Western blotting. miR-802 was down-regulated in laryngeal carcinoma cell lines and tissues. Laryngeal cancer cells transfected by miR-802 mimic were significantly inhibited in the terms of cell colony formation and proliferation. Furthermore, miR-802 can inhibit the expression level of ARPP19 by directly targeting the 3' untranslated region (3'-UTR) of ARPP19. Overexpression of the ARPP19 gene can reverse the suppressive effect of miR-802 on laryngeal cancer cells. miR-802 can exert tumor suppressor effects in laryngeal carcinoma by targeting ARPP19, indicating that miR-802 protein may play a role of potential therapeutic target for clinical laryngeal cancer.",ok_via_pubmed,MicroRNA-802 Inhibits Cell Proliferation and Induces Apoptosis in Human Laryngeal Cancer by Targeting cAMP-Regulated Phosphoprotein 19 [Retraction],crossref,[],False,True,YES
32584.0,"microRNA-26a Directly Targeting MMP14 and MMP16 Inhibits the Cancer Cell Proliferation, Migration and Invasion in Cutaneous Squamous Cell Carcinoma",(BLS) Biology - Cancer;(BLS) Biology - Cellular;(BLS) Genetics;,"Department of Burns, The Fifth Hospital of Harbin, Harbin 150040, People’s Republic of China; Department of Orthopedic Surgery, The Fifth Hospital of Harbin, Harbin 150040, People’s Republic of China; Department of Burns, Heilongjiang Provincial Hospital, Harbin 150036, People’s Republic of China;",Cancer Management and Research,Taylor and Francis - Dove Press,China,Wang Zheng;Zong Yu Li;De Lai Zhao;Xing Long Li;Rui Liu,,Research Article;,9/18/2021 0:00,10.2147/CMAR.S339431,34566433.0,8/10/2020 0:00,10.2147/CMAR.S265775,32848463.0,Retraction,Author Unresponsive;Duplication of/in Image;Investigation by Journal/Publisher;Objections by Third Party;Paper Mill;Unreliable Results and/or Conclusions;,No,,,"To investigate the specific effect and underlying mechanism of microRNA-26a-5p (miR-26a) in cutaneous squamous cell carcinoma (CSCC). miR-26a and MMP14/16 mRNA expression were detected by qRT-PCR analysis. Functional experiments were used to detect the role of miR-26a on CSCC progression. Western blot was used for protein detection. Luciferase assay was used to detect miR-26a directly targeting MMP14 and MMP16. Xenograft nude mice model was used to determine the effect of miR-26a on tumorigenesis. miR-26a was decreased in CSCC tissues and cells. Forced miR-26a suppressed the progression of SCL-1 and A431 cells. Furthermore, miR-26a directly targeted MMP14 and MMP16 to inhibit their expression. Forced expression of MMP14 and MMP16 removed the miR-26a's inhibitory effect on CSCC development. The in vivo tumor growth assay showed that miR-26a suppressed CSCC tumorigenesis by targeting MMP14 and MMP16. Our study suggested miR-26a inhibits cancer cell proliferation, migration and invasion in CSCC by targeting MMP14 and MMP16.",ok_via_pubmed,"microRNA-26a Directly Targeting MMP14 and MMP16 Inhibits the Cancer Cell Proliferation, Migration and Invasion in Cutaneous Squamous Cell Carcinoma [Retraction]",crossref,[],False,True,YES
32583.0,Long Noncoding RNA DLGAP1-AS1 Promotes the Aggressive Behavior of Gastric Cancer by Acting as a ceRNA for microRNA-628-5p and Raising Astrocyte Elevated Gene 1 Expression,(BLS) Biology - Cancer;(BLS) Biology - Cellular;(BLS) Genetics;,"Department of General Surgery, Gaomi People’s Hospital, Gaomi, Shandong 261500, People’s Republic of China; Department of Neurosurgery, Gaomi People’s Hospital, Gaomi, Shandong 261500, People’s Republic of China; Department of Radiology, Weifang People’s Hospital, Weifang, Shandong 261000, People’s Republic of China;",Cancer Management and Research,Taylor and Francis - Dove Press,China,Jiyeng Deng;Qin Zhang;Lianwei Lu;Chunxia Fan,,Research Article;,9/27/2021 0:00,10.2147/CMAR.S341063,34611445.0,4/29/2020 0:00,10.2147/CMAR.S246166,32431541.0,Retraction,Concerns/Issues about Image;Duplication of/in Image;Original Data and/or Images not Provided and/or not Available;Paper Mill;,No,see also: https://pubpeer.com/publications/79310AC1FC8496B33A77F2379A8BC1,,"The long noncoding RNA DLGAP1 antisense RNA 1 (DLGAP1-AS1) plays well-defined roles in the malignant progression of hepatocellular carcinoma. The purpose of this study was to determine whether DLGAP1-AS1 affects the aggressive behavior of gastric cancer (GC). DLGAP1-AS1 expression in GC tissue samples and cell lines was determined by reverse-transcription quantitative PCR. GC cell proliferation, apoptosis, migration, invasion, and tumor growth in vitro as well as in vivo were examined by the Cell Counting Kit-8 assay, flow-cytometric analysis, transwell migration and invasion assays, and xenograft model experiments, respectively. DLGAP1-AS1 was overexpressed in GC tissue samples and cell lines. Among patients with GC, the increased level of DLGAP1-AS1 correlated with tumor size, TNM stage, lymph node metastasis, distant metastasis, and shorter overall survival. The knockdown of DLGAP1-AS1 suppressed GC cell proliferation, migration, and invasion in vitro, as well as promoted cell apoptosis and hindered tumor growth in vivo. Mechanistically, DLGAP1-AS1 functioned as a competing endogenous RNA for microRNA-628-5p (miR-628-5p) in GC cells, thereby increasing the expression of the miR-628-5p target astrocyte elevated gene 1 (AEG-1). Functionally, the recovery of the miR-628-5p/AEG-1 axis output attenuated the effects of DLGAP1-AS1 knockdown in GC cells. DLGAP1-AS1 is a pleiotropic oncogenic lncRNA in GC. DLGAP1-AS1 plays a pivotal part in the oncogenicity of GC in vitro and in vivo by regulating the miR-628-5p/AEG-1 axis. DLGAP1-AS1, miR-628-5p, and AEG-1 form a regulatory pathway to facilitate GC progression, suggesting this pathway as an effective target for the treatment of GC.",ok_via_pubmed,Long Noncoding RNA DLGAP1-AS1 Promotes the Aggressive Behavior of Gastric Cancer by Acting as a ceRNA for microRNA-628-5p and Raising Astrocyte Elevated Gene 1 Expression [Retraction],crossref,[],False,True,YES
32259.0,MicroRNA-98 Plays a Suppressive Role in Non-Small Cell Lung Cancer Through Inhibition of SALL4 Protein Expression,(BLS) Biology - Cancer;(BLS) Biology - Cellular;(BLS) Genetics;,"Department of Thoracic Surgery, Second Xiangya Hospital of Central South University, Changsha, Hunan, P.R. China; Department of Thoracic Surgery, Third Xiangya Hospital of Central South University, Changsha, Hunan, P.R. China;",Oncology Research Featuring Preclinical and Clinical Cancer Therapeutics,Cognizant Communication Corporation,China,Wenliang Liu;Peng Xiao;Han Wu;Li Wang;Demiao Kong;Fenglei Yu,,Research Article;,9/7/2021 0:00,10.3727/096504021X16207253542097,34503608.0,11/17/2016 0:00,10.3727/096504016X14791726591124,27938506.0,Retraction,Error in Image;Error in Results and/or Conclusions;Investigation by Third Party;Paper Mill;,No,see also: https://pubpeer.com/publications/3EEF82E89264CFF0A81B2C7A44F79E,,"MicroRNAs (miRs) have been demonstrated to be significantly associated with the development and progression of non-small cell lung cancer (NSCLC). However, the underlying mechanism of miR-98 in mediating the malignant phenotypes of NSCLC cells remains obscure. In this study, we found that miR-98 was significantly downregulated in NSCLC tissues compared to nontumor lung tissues. Downregulation of miR-98 was significantly associated with poor differentiation and advanced clinical stage. Restoration of miR-98 expression significantly decreased the proliferation, migration, and invasion of NSCLC A549 and H1229 cells. SALL4 was identified as a target gene of miR-98, and the protein expression of SALL4 was negatively regulated by miR-98 in NSCLC A549 and H1229 cells. Overexpression of SALL4 promoted A549 and H1229 cell proliferation, migration, and invasion and reversed the suppressive effects of miR-98 on the malignant phenotypes of A549 and H1229 cells. Moreover, SALL4 was found to be significantly upregulated in NSCLC tissues compared to the nontumor lung tissues. We then observed an inverse correlation between the miR-98 and SALL4 levels in NSCLC tissues. In vivo study revealed that miR-98 overexpression suppressed NSCLC growth. In summary, we demonstrate that miR-98 acts as a tumor suppressor in NSCLC cells by inhibiting the protein expression of its target gene SALL4. Therefore, our study highlights the importance of the miR-98/SALL4 axis in NSCLC.",ok,Retraction notice to MicroRNA-98 Plays a Suppressive Role in Non-Small Cell Lung Cancer Through Inhibition of SALL4 Protein Expression [Oncology Research 25(6) (2017) 975-988],crossref,[],False,True,YES
32258.0,MicroRNA-539 Inhibits the Epithelial‐Mesenchymal Transition of Esophageal Cancer Cells by Twist-Related Protein 1-Mediated Modulation of Melanoma-Associated Antigen A4,(BLS) Biochemistry;(BLS) Biology - Cancer;(BLS) Biology - Cellular;(BLS) Genetics;,"Department of Thoracic Surgery, Peking Union Medical College Hospital, Peking Union Medical College and Chinese Academy of Medical Sciences, Beijing, P.R. China; Department of Cardiothoracic Surgery, People's Hospital of Beijing Daxing District, Beijing, P.R. China;",Oncology Research Featuring Preclinical and Clinical Cancer Therapeutics,Cognizant Communication Corporation,China,Zhili Cao;Xiang Zheng;Lei Cao;Naixin Liang,,Research Article;,9/7/2021 0:00,10.3727/096504020X16231418632584,34503609.0,6/12/2017 0:00,10.3727/096504017X14972679378357,28653599.0,Retraction,Concerns/Issues about Data;Concerns/Issues about Image;Investigation by Third Party;Paper Mill;,No,see also: https://pubpeer.com/publications/62BE61F64B8BB797301976D81A9B47;,,"This article has been withdrawn at the request of the author in December 2020. STATEMENT FOR WITHDRAWAL OF MANUSCRIPT FROM ONCOLOGY RESEARCH Dear Editors, I am Dr. Naixin Liang. For some scientific reasons, my team and I are very sorry to apply to withdraw the manuscript ""MicroRNA-539 Inhibits the Epithelial-Mesenchymal Transition of Esophageal Cancer Cells By Twist-Related Protein 1-Mediated Modulation of Melanoma Associated Antigen A4 (MAGEA4)"". DOI: 10.3727/096504017 x14972679378357 Because of COVID-19, the lab we worked together was no longer functioning and closed. When reviewing the data of the paper completed in cooperation with the original laboratory, we found that some of the data in the above article were not scientific enough, some Western Blot images were not clear enough (as in FIG 1, the band of α-SMA was blurt and do not seem darker than vimentin but lighter than E-adherin), and some of the research data contained excessive standard errors (as in FIG 2B, standard error of vimentin and α-SMA of miR-539 mimic +Pb-TWIST1(IV) were too large , so the average of the expression may be not accurate), which may lead to the researchers' wrong interpretation of the data and misjudgment of its scientific nature. For the sake of rigor, we took the initiative to contact the experimental operator of the original study. Unfortunately, the person who completed the primary operation of the original study has left China to study in the United States. Due to COVID-19 and other reasons, we could not contact this experimenter to confirm the original research data, so we cannot repeat and verify the data for the time being. As the corresponding author, after found the problem, I contacted Dr. Zhili Cao and Xiang Zheng, and the other author, Dr. Lei Cao at the first time. I told them all the thing we found above. After careful discussion, all the author agreed that, based on the need of scientific, rigor, we are deeply sorry to apply to the editorial office for withdraw the paper. My team and I have noticed that your journal has been developing very well in recent years, and its impact factors have been rising all the way. Congratulations to your team! We are very sorry that there may be errors in our interpretation of the data due to our imprecise interpretation, thus affecting the scientific nature of the conclusion of the article. My team and I have complied with the AGREEMENT FOR WITHDRAWAL OF MANUSCRIPT, and have completed the payment of the fee on December 4, 2020, 300$. Please see the attachment for related procedures. We hope your journal would approve our application for retraction of this article. Sincerely Yours, Naixin Liang 2020.12.4",ok,Retraction notice to MicroRNA-539 Inhibits the Epithelial-Mesenchymal Transition of Esophageal Cancer Cells by Twist-Related Protein 1-Mediated Modulation of Melanoma-Associated Antigen A4 [Oncology Research 26(4) (2018) 529-536],crossref,[],False,True,NO_STUB_NOT_ABSTRACT
32219.0,Long Non-Coding RNA ASB16-AS1 Functions as a miR-760 Sponge to Facilitate the Malignant Phenotype of Osteosarcoma by Increasing HDGF Expression,(BLS) Biology - Cancer;(BLS) Biology - Cellular;(BLS) Genetics;,"Department of Orthopedics, China-Japan Union Hospital Jilin University, Changchun, Jilin 130033, People’s Republic of China; Department of Quality Control, China-Japan Union Hospital Jilin University, Changchun, Jilin 130033, People’s Republic of China;",OncoTargets and Therapy,Taylor and Francis - Dove Press,China,Ruofeng Yin;Junzhi Liu;Dongxu Zhao;Fei Wang,,Research Article;,9/9/2021 0:00,10.2147/OTT.S337586,34526780.0,3/13/2020 0:00,10.2147/OTT.S240022,32214826.0,Retraction,Concerns/Issues about Data;Duplication of/in Image;Original Data and/or Images not Provided and/or not Available;Paper Mill;,No,,,"ASB16 antisense RNA 1 (ASB16-AS1) is a cancer-associated long non-coding RNA that contributes to tumorigenesis and tumor development. Nevertheless, to the best of our knowledge, whether and how ASB16-AS1 is implicated in osteosarcoma (OS) malignancy remains unclear and therefore warrants exploration. Our current study focused on making in-depth investigation of ASB16-AS1 in OS. In the present study, the expression pattern of ASB16-AS1 in OS tissues and cell lines was analyzed. In addition, we examined the clinical value of ASB16-AS1 for OS patients. Furthermore, we explored the impacts of ASB16-AS1 on the malignant phenotype of OS cells in vitro and in vivo as well as the underlying mechanism. ASB16-AS1, microRNA-760 (miR-760) and hepatoma-derived growth factor (HDGF) expressions were measured using reverse transcription-quantitative PCR. Cell proliferation and apoptosis were evaluated using CCK-8 and flow cytometry analyses, respectively, and cell migration and invasion were determined via cell migration and invasion assays. ASB16-AS1 expression was significantly elevated in OS tissues and cell lines, and increased ASB16-AS1 expression was related to patients' tumor size, TNM stage, and distant metastasis. The overall survival rate of OS patients presenting high ASB16-AS1 expression was shorter than that of patients presenting low ASB16-AS1 expression. Reduced ASB16-AS1 expression inhibited OS cell proliferation, migration, and invasion; promoted cell apoptosis; and impaired tumor growth in vivo. Mechanistically, ASB16-AS1 served as a sponge for miR-760 and positively modulated the expression of its target HDGF. Finally, inhibiting miR-760 and restoring HDGF expression abolished the impacts of ASB16-AS1 knockdown on the malignant characteristics of OS cells. ASB16-AS1 is a novel oncogenic lncRNA in OS cells. ASB16-AS1 increased HDGF expression by sponging miR-760, thereby conferring cancer-promoting roles in OS. ASB16-AS1 is a potential early diagnostic and therapeutic target in OS.",ok_via_pubmed,Long Non-Coding RNA ASB16-AS1 Functions as a miR-760 Sponge to Facilitate the Malignant Phenotype of Osteosarcoma by Increasing HDGF Expression [Retraction],crossref,[],False,True,YES
32218.0,"Long Noncoding RNA SNHG7, a Molecular Sponge for microRNA-485, Promotes the Aggressive Behavior of Cervical Cancer by Regulating PAK4",(BLS) Biology - Cancer;(BLS) Biology - Cellular;(BLS) Genetics;,"Department of Gynecology and Obstetrics, The Second Hospital of Jilin University, Changchun 130041, People’s Republic of China; Medical Research Center, The Second Hospital of Jilin University, Changchun 130041, People’s Republic of China;",OncoTargets and Therapy,Taylor and Francis - Dove Press,China,Fei Wu;Yujie Sui;Yinhuai Wang;Tianmin Xu;Limei Fan;He Zhu,,Research Article;,9/9/2021 0:00,10.2147/OTT.S337553,34526779.0,1/23/2020 0:00,10.2147/OTT.S232542,32158221.0,Retraction,Concerns/Issues about Data;Duplication of/in Image;Original Data and/or Images not Provided and/or not Available;Paper Mill;,No,,,A long noncoding RNA called small nucleolar RNA host gene 7 ( Reverse-transcription quantitative PCR was performed to measure,ok_via_pubmed,"Long Noncoding RNA SNHG7, a Molecular Sponge for microRNA-485, Promotes the Aggressive Behavior of Cervical Cancer by Regulating PAK4 [Retraction]",crossref,[],False,True,YES
32215.0,microRNA-605 Directly Targets SOX9 to Alleviate the Aggressive Phenotypes of Glioblastoma Multiforme Cell Lines by Deactivating the PI3K/Akt Pathway,(BLS) Biology - Cancer;(BLS) Biology - Cellular;(BLS) Genetics;,"Department of Neurosurgery, Yidu Central Hospital of Weifang, Weifang, Shandong 262500, People’s Republic of China; Department of Pediatrics, Weifang People’s Hospital, Weifang, Shandong 261041, People’s Republic of China;",OncoTargets and Therapy,Taylor and Francis - Dove Press,China,Jianwu Jia;Jing Wang;Meifeng Yin;Yongdong Liu,,Research Article;,9/9/2021 0:00,10.2147/OTT.S337552,34526778.0,7/8/2019 0:00,10.2147/OTT.S213026,31360068.0,Retraction,Concerns/Issues about Data;Duplication of/in Image;Original Data and/or Images not Provided and/or not Available;Paper Mill;,No,,,"Aberrant microRNA (miRNA) expression has been widely reported to play a crucial role in the progression and development of glioblastoma (GBM). miR-605 has been identified as a tumor-suppressing miRNA in several types of human cancers. Nevertheless, the expression profile and detailed roles of miR-605 in GBM remain unclear and need to be further elucidated. RT-qPCR analysis was utilized for the determination of miR-605 expression in GBM tissues and cell lines. In addition, CCK-8 assay, transwell migration and invasion assays, as well as sub-cutaneous xenograft mouse models were utilized to evaluate the effects of miR-605 upregulation in GBM cells. Notably, the potential mechanisms underlying the activity of miR-605 in the malignant phenotypes of GBM were explored. We observed that expression of miR-605 was reduced in GBM tissues and cell lines. Decreased miR-605 expression exhibited significant correlation with KPS score. The overall survival rate in GBM patients with low miR-605 expression was lower than that of patients with high miR-605 expression. Increased miR-605 expression suppressed the proliferation, migration, and invasion of U251 and T98 cells. In addition, miR-605 upregulation impaired tumor growth in vivo. Furthermore, SRY-Box 9 (SOX9) was identified as a direct target gene of miR-605 in U251 and T98 cells. SOX9 expression was shown to exhibit an inverse correlation with miR-605 expression in GBM tissues. Moreover, silencing of SOX9 expression mimicked the tumor-suppressing roles of miR-605 in U251 and T98 cells, while SOX9 restoration rescued the suppressive effects of miR-605 overexpression in the same. Notably, miR-605 suppressed the PI3K/Akt pathway in GBM in vitro and in vivo. These results demonstrated that miR-605 acts as a tumor suppressor in the development of GBM by directly targeting SOX9 and inhibiting the activation of the PI3K/Akt pathway, suggesting its potential role as a therapeutic target for GBM.",ok_via_pubmed,microRNA-605 Directly Targets SOX9 to Alleviate the Aggressive Phenotypes of Glioblastoma Multiforme Cell Lines by Deactivating the PI3K/Akt Pathway [Retraction],crossref,[],False,True,YES
32214.0,microRNA-493 Inhibits Tongue Squamous Cell Carcinoma Oncogenicity via Directly Targeting HMGA2,(BLS) Biology - Cancer;(BLS) Biology - Cellular;(BLS) Genetics;,"Department of Ultrasound, China-Japan Union Hospital, Jilin University, Changchun 130033, People’s Republic of China; Department of Nephrology, China-Japan Union Hospital, Jilin University, Changchun 130033, People’s Republic of China; Department of Cardiology, China-Japan Union Hospital, Jilin University, Changchun 130033, People’s Republic of China;",OncoTargets and Therapy,Taylor and Francis - Dove Press,China,Dan Jiao;Yingying Liu;Zhen Tian,,Research Article;,9/3/2021 0:00,10.2147/OTT.S337551,34526777.0,8/28/2019 0:00,10.2147/OTT.S210567,31695410.0,Retraction,Concerns/Issues about Data;Duplication of/in Image;Original Data and/or Images not Provided and/or not Available;Paper Mill;,No,,,"microRNA-493-3p (miR-493) has been reported to be critically downregulated in multiple types of human cancer. However, the expression level, biological roles and underlying mechanism of miR‑493 in tongue squamous cell carcinoma (TSCC) remain to be elucidated. RT-qPCR was utilized for the determination of miR-493 expression in TSCC tissues and cell lines. The influence of miR-493 overexpression on TSCC cell proliferation, apoptosis, migration, invasion in vitro and tumor growth in vivo were explored via MTT assay, flow cytometry analysis, cell migration and invasion assays, and xenograft tumors in nude mice, respectively. Bioinformatics analysis, luciferase reporter assays, RT-qPCR and Western blotting were performed to clarify the potential mechanisms involved in the action of miR-493 in TSCC cells. miR-493 was significantly downregulated in TSCC tissues and cell lines. Decreased miR-493 expression was notably correlated with tumor differentiation, depth of invasion and TNM stage. Additionally, patients with TSCC having low miR-493 expression showed lower overall survival rate. Functionally, miR-493 upregulation inhibited TSCC cell proliferation, migration, invasion in vitro; induced cell apoptosis; and decreased the tumor growth in vivo. Bioinformatics analysis followed by luciferase reporter assays also demonstrated that miR-493 directly bound to the 3'-untranslated region of high-mobility group AT-hook 2 (HMGA2) in TSCC cells, and therefore reduced HMGA2 expression at the mRNA and protein level. Furthermore, HMGA2 was overexpressed in TSCC tissues and inversely correlated with miR-493. Moreover, silenced HMGA2 expression simulated the tumor-suppressing roles of miR-493 overexpression on TSCC cells. HMGA2 overexpression eliminated the inhibitory roles of miR-493 overexpression on TSCC cells. These observations demonstrated that miR-493 is a tumor suppressor inhibited the oncogenicity of TSCC cells by directly targeting HMGA2. These results provide sufficient evidence for the miR-493/HMGA2 axis as a novel therapeutic target for the treatment of patients with TSCC in the future.",ok_via_pubmed,microRNA-493 Inhibits Tongue Squamous Cell Carcinoma Oncogenicity via Directly Targeting HMGA2 [Retraction],crossref,[],False,True,YES
31972.0,MicroRNA-200b Acts as a Tumor Suppressor in Osteosarcoma via Targeting ZEB1,(BLS) Biology - Cancer;(BLS) Biology - Cellular;(BLS) Genetics;,"Department of Orthopedics, Xiangya Hospital Central South University, Changsha, Hunan, People’s Republic of China; Department of Orthopedics, Second People’s Hospital of Jingmen, Jingmen, Hubei, People’s Republic of China; Department of Bone and Joint, Shenzhen People’s Hospital, Second Clinical Medical College of Jinan University, Shenzhen, Guangdong, People’s Republic of China; Department of Orthopedics, The Affiliated Cancer Hospital of Xiangya School of Medicine, People’s Republic of China; Department of Clinical Medicine, Xiangya School of Medicine, Central South University, Changsha, Hunan, People’s Republic of China;",OncoTargets and Therapy,Taylor and Francis - Dove Press,China,Yusheng Li;Chao Zeng;Min Tu;Wei Jiang;Zixun Dai;Yuling Hu;Zhenhan Deng;Wenfeng Xiao,,Research Article;,8/24/2021 0:00,10.2147/OTT.S335827,34511931.0,5/24/2016 0:00,10.2147/OTT.S96561,27307751.0,Retraction,Duplication of/in Image;Original Data and/or Images not Provided and/or not Available;Paper Mill;,No,see also: https://pubpeer.com/publications/23951AFC9CE36E8885CA7DB6004526,,"Osteosarcoma is the most common type of cancer that develops in bone, mainly arising from the metaphysis of the long bones. MicroRNA (miR)-200b has been found to generally act as a tumor suppressor in multiple types of human cancers. However, the detailed role of miR-200b in osteosarcoma still remains to be fully understood. This study aimed to investigate the exact role of miR-200b in the progression of osteosarcoma and the underlying mechanism. Real-time reverse transcription-polymerase chain reaction data showed that miR-200b was significantly downregulated in osteosarcoma tissues compared to their matched adjacent nontumor tissues. Low miR-200b level was associated with the advanced clinical stage and positive distant metastasis. Besides, it was also downregulated in osteosarcoma cell lines (U2OS, Saos2, HOS, and MG63) compared to normal osteoblast cell line NHOst. In vitro study showed that restoration of miR-200b led to a significant decrease in proliferation, migration, and invasion of osteosarcoma cells. Moreover, ZEB1 was identified as a target gene of miR-200b, and its expression levels were negatively mediated by miR-200b in osteosarcoma cells. In addition, ZEB1 was significantly upregulated in osteosarcoma cells compared to the normal osteoblast cell line NHOst, and inhibition of ZEB1 expression also suppressed the proliferation, migration, and invasion in osteosarcoma cells. Finally, we showed that ZEB1 was frequently upregulated in osteosarcoma tissues compared to their matched adjacent normal tissues, and its expression was reversely correlated to the miR-200b levels in osteosarcoma tissues. Based on these findings, our study suggests that miR-200b inhibits the proliferation, migration, and invasion of osteosarcoma cells, probably via the inhibition of ZEB1 expression. Therefore, miR-200b/ZEB1 may become a potential target for the treatment of osteosarcoma.",ok_via_pubmed,MicroRNA-200b Acts as a Tumor Suppressor in Osteosarcoma via Targeting ZEB1 [Retraction],crossref,[],False,True,YES
31849.0,MicroRNA-663 Regulates Melanoma Progression by Inhibiting FHL3,(BLS) Biology - Cancer;(BLS) Biology - Cellular;(BLS) Genetics;,"Department of Dermatology, The First Affiliated Hospital of Jinan University, Guangzhou, China;",Technology in Cancer Research & Treatment,SAGE Publications,China,Saijun Liu;Yunfeng Hu;Shi Wu;Yong He;Liehua Deng,http://retractionwatch.com/2021/08/30/publisher-retracting-more-than-30-articles-from-paper-mills/,Research Article;,8/24/2021 0:00,10.1177/15330338211039620,34428104.0,10/1/2020 0:00,10.1177/1533033820957000,33000682.0,Retraction,Investigation by Journal/Publisher;Paper Mill;Unreliable Results and/or Conclusions;,No,,,"microRNA-663a (miR-663a) was reported to be highly expressed in cancers. However, its roles in melanoma progression remain unclear. Reverse transcription quantitative polymerase chain reaction (RT-qPCR) was conducted to measure miR-663a expression level in melanoma cell lines and normal cells. Cell counting kit-8 assay, wound-healing assay, and transwell invasion assay were conducted to analyze biological roles of miR-663a in melanoma. Luciferase activity reporter assay was conducted to validate the connection of miR-663a and Four and a half LIM domain (FHL) protein 3 (FHL3) in melanoma. Our results showed miR-663a expression level was significantly increased in melanoma cells compared with normal cells. Silencing miR-663a expression suppresses melanoma cell proliferation, migration, and invasion",ok_via_pubmed,Retraction Notice,crossref,[],False,True,YES
31848.0,miR-744-5p Inhibits Non-Small Cell Lung Cancer Proliferation and Invasion by Directly Targeting PAX2,(BLS) Biology - Cancer;(BLS) Biology - Cellular;(BLS) Genetics;,"Emergency Department, Jinan University, The Second Clinical Medical College, Shenzhen, People’s Republic of China; Emergency Critical Center, Peking University Shenzhen Hospital, Shenzhen, People’s Republic of China; Division of Pulmonary and Critical Care, Department of Internal Medicine, The Third Affiliated Hospital of Sun Yat-sen University, Guangzhou, People’s Republic of China;",Technology in Cancer Research & Treatment,SAGE Publications,China,Shaolin Chen;Fei Shi;Weixing Zhang;Yuqi Zhou;Jing Huang,http://retractionwatch.com/2021/08/30/publisher-retracting-more-than-30-articles-from-paper-mills/,Research Article;,8/24/2021 0:00,10.1177/15330338211039619,34428089.0,9/15/2019 0:00,10.1177/1533033819876913,31522607.0,Retraction,Investigation by Journal/Publisher;Paper Mill;Unreliable Results and/or Conclusions;,No,,,"Non-small cell lung cancer is one of the leading causes of cancer-related death worldwide. MicroRNAs have been characterized as critical regulators for cancer progression including non-small cell lung cancer. This work explored microRNA-744-5p expression in non-small cell lung cancer cell lines and normal cell line using quantitative real-time polymerase chain reaction. Connection of microRNA-744-5p and paired box 2 was analyzed with bioinformatic analysis, luciferase activity reporter assay, and Western blot. Effects of microRNA-744-5p or paired box 2 expression on non-small cell lung cancer cell behaviors were analyzed using a series of",ok_via_pubmed,Retraction Notice,crossref,[],False,True,YES
31847.0,miR-451a Inhibits the Growth and Invasion of Osteosarcoma via Targeting TRIM66,(BLS) Biology - Cancer;(BLS) Biology - Cellular;(BLS) Genetics;,"Department of Orthopedics, New District, Hohhot, People’s Republic of China;",Technology in Cancer Research & Treatment,SAGE Publications,China,Xiao Ma;Dan Li;Yan Gao;Cheng Liu,http://retractionwatch.com/2021/08/30/publisher-retracting-more-than-30-articles-from-paper-mills/,Research Article;,8/24/2021 0:00,10.1177/15330338211039618,34428081.0,8/21/2019 0:00,10.1177/1533033819870209,31434545.0,Retraction,Investigation by Journal/Publisher;Paper Mill;Unreliable Results and/or Conclusions;,No,,,"The importance of microRNAs in regulating osteosarcoma development has been studied in recent years. However, the function of microRNA-451a in osteosarcoma growth is rarely investigated. Here, we explored the expression of microRNA-451a in osteosarcoma cell lines. Bioinformatic software, luciferase activity reporter assay, and Western blot were conducted to determine the association between microRNA-451a and tripartite motif-containing 66. Cell Counting Kit-8 assay and transwell assay were used to explore the regulatory effects of microRNA-451a on osteosarcoma cells. Moreover, we explored whether microRNA-451a modulates osteosarcoma cell biological activity by regulating tripartite motif-containing 66. The expression of microRNA-451a was found to be downregulated in osteosarcoma and negatively regulated the expression of tripartite motif-containing 66. Tripartite motif-containing 66 was further validated as a target of microRNA-451a. MicroRNA-451a inhibits the growth and invasion of osteosarcoma cell lines through targeting tripartite motif-containing 66. The miR-451a targets tripartite motif-containing 66 may provide novel therapeutic targets for the treatment of osteosarcoma.",ok_via_pubmed,Retraction Notice,crossref,[],False,True,YES
31845.0,miR-27a-3p Functions as a Tumor Suppressor and Regulates Non-Small Cell Lung Cancer Cell Proliferation via Targeting HOXB8,(BLS) Biology - Cancer;(BLS) Biology - Cellular;(BLS) Genetics;,"Department of Medical Oncology, Baoji Municipal Central Hospital, Baoji, People’s Republic of China; Department of Medical Oncology, Fudan University Shanghai Cancer Center, Shanghai, People’s Republic of China;",Technology in Cancer Research & Treatment,SAGE Publications,China,Xiaohong Yan;Hui Yu;Yao Liu;Jie Hou;Qiao Yang;Yaning Zhao,http://retractionwatch.com/2021/08/30/publisher-retracting-more-than-30-articles-from-paper-mills/,Research Article;,8/24/2021 0:00,10.1177/15330338211039605,34428103.0,7/18/2019 0:00,10.1177/1533033819861971,31319766.0,Retraction,Investigation by Journal/Publisher;Paper Mill;Unreliable Results and/or Conclusions;,No,,,"MicroRNA-27a-3p has been implicated to play crucial roles in human cancers. However, the biological role and underlying mechanisms of microRNA-27a-3p in regulating nonsmall lung cancer remain unclear. MicroRNA-27a-3p expression levels in non-small lung cancer cell lines were detected by quantitative real-time polymerase chain reaction, using a normal cell line as control. The effects of microRNA-27a-3p on cell proliferation and apoptosis were analyzed by Cell Counting Kit-8 assay and flow cytometry assay. Luciferase activity reporter assay and Western blot were conducted to validate the potential targets of miR27a-3p after preliminary screening by TargetScan. Effect of microRNA-27a-3p or homeobox B8 on the overall survival of patients with non-small lung cancer was analyzed at Kaplan-Meier Plotter website. MicroRNA-27a-3p expression levels were significantly reduced in non-small lung cancer cell lines compared with normal cell line. Overexpression of microRNA-27a-3p inhibits non-small lung cancer cell proliferation but promotes cell apoptosis. Homeobox B8 was further validated as a functional target of microRNA-27a-3p. Collectively, our results indicated that microRNA-27a-3p acts as a tumor suppressor in non-small lung cancer via targeting homeobox B8.",ok_via_pubmed,Retraction Notice,crossref,[],False,True,YES
31844.0,Influence of miR-376c-3p/SYF2 Axis on the Progression of Gastric Cancer,(BLS) Biology - Cancer;(BLS) Biology - Cellular;(BLS) Genetics;,"Department of Gastroenterology, The Second Hospital of Shandong University, Jinan, China;",Technology in Cancer Research & Treatment,SAGE Publications,China,Bin Liu;Guangchun Li;Zhen Zhang;Honglei Wu,http://retractionwatch.com/2021/08/30/publisher-retracting-more-than-30-articles-from-paper-mills/,Research Article;,8/24/2021 0:00,10.1177/15330338211039604,34428099.0,9/15/2019 0:00,10.1177/1533033819874808,31522605.0,Retraction,Investigation by Journal/Publisher;Paper Mill;Unreliable Results and/or Conclusions;,No,,,"MicroRNA-376c-3p was previous reported to have a crucial role in the progression of human cancer. This study was aimed to investigate the influence of microRNA-376c-3p on the proliferation and migration of human gastric cancer cells and the associated mechanism. We explored the expression of microRNA-376c-3p in gastric cancer cells using reverse transcription-quantitative polymerase chain reaction. Also, we analyzed the association and biological significance of microRNA-376c-3p and SYF2 pre-mRNA-splicing factor in gastric cancer. MicroRNA-376c-3p expression was found downregulated in gastric cancer cell lines compared to the normal cell line. MicroRNA-376c-3p directly targeted SYF2 and reduced SYF2 expression. Overexpression of microRNA-376c-3p inhibits gastric cancer cell proliferation and migration. Besides that, overexpression of SYF2 abrogates the inhibitory influences on gastric cancer cell behaviors caused by microRNA-376c-3p mimic. These results showed that microRNA-376c-3p inhibits the proliferation and migration of gastric cancer cells via targeting SYF2.",ok_via_pubmed,Retraction Notice,crossref,[],False,True,YES
31843.0,MicroRNA-299-3p/FOXP4 Axis Regulates the Proliferation and Migration of Oral Squamous Cell Carcinoma,(BLS) Biology - Cancer;(BLS) Biology - Cellular;(BLS) Genetics;,"Department of Oral and Maxillofacial Surgery, The Affiliated Hospital of Qingdao University, Qingdao, Shandong, People’s Republic of China; Department of Oral Medicine, The Affiliated Hospital of Qingdao University, Qingdao, Shandong, People’s Republic of China;",Technology in Cancer Research & Treatment,SAGE Publications,China,Yaoxiang Xu;YAnshan Liu;Wenlin Xiao;Jin Yue;Lingfa Xue;Qunli Guan;Jing Deng;Jian Sun,http://retractionwatch.com/2021/08/30/publisher-retracting-more-than-30-articles-from-paper-mills/,Research Article;,8/24/2021 0:00,10.1177/15330338211039603,34428114.0,9/9/2019 0:00,10.1177/1533033819874803,31500519.0,Retraction,Investigation by Journal/Publisher;Paper Mill;Unreliable Results and/or Conclusions;,No,,,"MicroRNAs are noncoding RNAs of 21 to 23 nucleotides in length that play important roles in almost all biological pathways. The roles of microRNA-299-3p in the development and progression of oral squamous cell carcinoma remain unclear. Expression level of microRNA-299-3p in oral squamous cell carcinoma cell lines was analyzed. Then, the effects of microRNA-299-3p on oral squamous cell carcinoma cell proliferation and migration were investigated. Moreover, bioinformation algorithm and Western blot were conducted to explore whether forkhead box P4 was a direct target of miR-299-3p. We showed that microRNA-299-3p expression was significantly reduced in oral squamous cell carcinoma cell lines. Next, overexpression of microRNA-299-3p was found to inhibit oral squamous cell carcinoma cell proliferation and migration but promote apoptosis. In addition, forkhead box P4 was identified as a functional target of microRNA-299-3p. Our results provide a new perspective for the mechanisms underlying the progression of oral squamous cell carcinoma and a novel target for the treatment of oral squamous cell carcinoma.",ok_via_pubmed,Retraction Notice,crossref,[],False,True,YES
31842.0,miR-153-3p Suppresses Inhibitor of Growth Protein 2 Expression to Function as Tumor Suppressor in Acute Lymphoblastic Leukemia,(BLS) Biology - Cancer;(BLS) Biology - Cellular;(BLS) Genetics;,"Department of Pediatrics, The Affiliated Hospital of Qingdao University, Qingdao, People’s Republic of China;",Technology in Cancer Research & Treatment,SAGE Publications,China,Jian Jiang;Yan Liu;Yanxia Zhao;Fei Tian;Gaoyan Wang,http://retractionwatch.com/2021/08/30/publisher-retracting-more-than-30-articles-from-paper-mills/,Research Article;,8/24/2021 0:00,10.1177/15330338211039602,34428110.0,5/28/2019 0:00,10.1177/1533033819852990,31138034.0,Retraction,Investigation by Journal/Publisher;Paper Mill;Unreliable Results and/or Conclusions;,No,,,"Alterations in microRNAs expression can accelerate the development of human cancers. However, the role of miR-153-3p in acute lymphoblastic leukemia remains unknown. The expression of miR-153-3p in acute lymphoblastic leukemia cell lines was measured by quantitative real-time polymerase chain reaction. Effects of miR-153-3p expression on acute lymphoblastic leukemia cell proliferation, migration, and invasion were examined by Cell Counting Kit-8 assay, wound healing assay, and Transwell invasion assay, respectively. We then validated inhibitor of growth protein 2 as a direct target of miR-153-3p through bioinformatics analysis, luciferase activity reporter assay, and Western blot assay. The miR-153-3p expression was decreased in acute lymphoblastic leukemia cell lines. Cell proliferation, migration, and invasion of acute lymphoblastic leukemia were obviously decreased by miR-153-3p overexpression. Moreover, inhibitor of growth protein 2 was validated as a direct target of miR-153-3p and the overexpression of inhibitor of growth protein 2 reversed the suppressive effects of miR-153-3p on acute lymphoblastic leukemia cell behaviors. Based on these results, we provided evidence that miR-153-3p might be a target for the treatment of acute lymphoblastic leukemia.",ok_via_pubmed,Retraction Notice,crossref,[],False,True,YES
31841.0,miR-145-5p Acts as a Novel Tumor Suppressor in Hepatocellular Carcinoma Through Targeting RAB18,(BLS) Biology - Cancer;(BLS) Biology - Cellular;(BLS) Genetics;,"Urology Department, Jiaozhou People’s Hospital, Jiaozhou, People’s Republic of China; Department of Traditional Chinese Medicine, Qingdao No. 6 People’s Hospital, Qingdao, People’s Republic of China;",Technology in Cancer Research & Treatment,SAGE Publications,China,Baoying Wang;Wenjing Dong;Xiaojie Li,http://retractionwatch.com/2021/08/30/publisher-retracting-more-than-30-articles-from-paper-mills/,Research Article;,8/24/2021 0:00,10.1177/15330338211039601,34428111.0,5/19/2019 0:00,10.1177/1533033819850189,31106707.0,Retraction,Investigation by Journal/Publisher;Paper Mill;Unreliable Results and/or Conclusions;,No,,,"Micro-RNAs play critical roles in initiation and progression of hepatocellular carcinoma. However, the biological role of microRNA-145-5p in hepatocellular carcinoma and how it works are still not clearly understood. Expression levels of microRNA-145-5p in hepatocellular carcinoma cell lines were examined by reverse transcription quantitative polymerase chain reaction. Cell counting kit-8, wound-healing assay, and flow cytometry assay were conducted to investigate the role of microRNA-145-5p von proliferation, migration, and apoptosis. Luciferase reporter assay and Western blot were performed to investigate the correlation between microRNA-145-5p and RAB18. We found microRNA-145-5p was downregulated in hepatocellular carcinoma cell lines compared to the normal cell line. Overexpression of microRNA-145-5p inhibited the proliferation and migration but promoted apoptosis of hepatocellular carcinoma cells in vitro. RAB18 was validated a target of microRNA-145-5p and ectopic expression of RAB18 can promote the proliferation and migration but inhibit apoptosis of hepatocellular carcinoma cells. These findings indicate that microRNA-145-5p functions as a novel tumor suppressor through targeting RAB18, suggesting that microRNA-145-5p might be a potential new therapeutic molecule for the treatment of hepatocellular carcinoma.",ok_via_pubmed,Retraction Notice,crossref,[],False,True,YES
31840.0,MicroRNA-374a Governs Aggressive Cell Behaviors of Glioma by Targeting Prokineticin 2,(BLS) Biology - Cancer;(BLS) Biology - Cellular;(BLS) Genetics;,"Department of Neurosurgery, Cancer Hospital of China Medical University, Liaoning Cancer Hospital & Institute, Dadong District, Shenyang, PR China; Department of Colorectal Surgery, Cancer Hospital of China Medical University, Liaoning Cancer Hospital & Institute, Dadong District, Shenyang, PR China;",Technology in Cancer Research & Treatment,SAGE Publications,China,Ye Zhang;Rui Zhang;Rui Sui;Yi Chen;Haiyang Liang;Ji Shi;Haozhe Piao,http://retractionwatch.com/2021/08/30/publisher-retracting-more-than-30-articles-from-paper-mills/,Research Article;,8/24/2021 0:00,10.1177/15330338211039600,34428102.0,1/1/2019 0:00,10.1177/1533033818821401,30803356.0,Retraction,Investigation by Journal/Publisher;Paper Mill;Unreliable Results and/or Conclusions;,No,,,"MicroRNA-374a has been abnormally expressed in several cancer types; however, its role in glioma remains unclear. Therefore, we aimed to investigate whether microR-374a participated in the progression of glioma. Expression of microR-374a in glioma cell lines and normal cell line was measured by quantitative real-time polymerase chain reaction. Luciferase reporter assay and Western blot were used to detect the targets of microR-374a. In vitro functional experiments were conducted to investigate the biological role of microR-374a. Low expression of microR-374a was found in glioma cell lines. Prokineticin 2 was identified as a direct target of microR-374a in glioma. Investigations on the mechanisms related to glioma progression showed that microR-374a inhibited glioma cell proliferation, cell cycle progression, and cell invasion through targeting Prokineticin 2. Taken together, these results revealed that microR-374a functions as tumor suppressor by targeting Prokineticin 2, suggesting it might be a novel therapeutic target for glioma.",ok_via_pubmed,Retraction Notice,crossref,[],False,True,YES
31839.0,Identification of miR-758-3p as Potential Modulator of CBX5 Expression in Gastric Cancer,(BLS) Biology - Cancer;(BLS) Biology - Cellular;(BLS) Genetics;,"Department of General Surgery, Renhe Hospital, Baoshan District, Shanghai, China; Department of General Surgery, Digestive Medical Center, The First Affiliated Hospital of Tsinghua University, Jiuxianqiao, Chaoyang District, Beijing, China;",Technology in Cancer Research & Treatment,SAGE Publications,China,Jinxing Guo;Zichao Zhang;Lijie Pan;Yuanhang Zhou,http://retractionwatch.com/2021/08/30/publisher-retracting-more-than-30-articles-from-paper-mills/,Research Article;,8/24/2021 0:00,10.1177/15330338211039599,34428098.0,11/28/2018 0:00,10.1177/1533033818816061,30486755.0,Retraction,Investigation by Journal/Publisher;Paper Mill;Unreliable Results and/or Conclusions;,No,,,"Gastric cancer is one of the most frequently diagnosed cancer types in China and also the leading causes of cancer-related death. Previous study showed chromobox 5 expression was elevated in gastric cancer, but little is known regarding the precise molecular mechanisms by which chromobox 5 expression was modulated. In this study, we revealed that chromobox 5 could promote gastric cancer cell proliferation, migration, and invasion in vitro. We screened and identified microRNA-758-3p, whose expression was downregulated in gastric cancer tissues and cell lines, which was a potential upstream molecule of chromobox 5. Upregulation of microRNA-758-3p could markedly downregulate the expression of chromobox 5. Additionally, expression of microRNA-758-3p and chromobox 5 was inversely correlated in gastric cancer tissues. Moreover, microRNA-758-3p overexpression suppressed gastric cancer cell proliferation, migration, and invasion, but these effects can be partially reversed by chromobox 5 overexpression. Collectively, our results indicate that microRNA-758-3p serves as a tumor suppressor and plays a crucial role in inhibiting the proliferation, migration, and invasion of gastric cancer via targeting chromobox 5 and implicate its potential application in cancer therapy.",ok_via_pubmed,Retraction Notice,crossref,[],False,True,YES
31838.0,"Long Noncoding RNA H19 Inhibits Cell Viability, Migration, and Invasion Via Downregulation of IRS-1 in Thyroid Cancer Cells",(BLS) Biology - Cancer;(BLS) Biology - Cellular;(BLS) Genetics;,"Department of Mammary Gland and Thyroid Surgery, Shengli Oilfield Central Hospital, Dongying, People’s Republic of China; Department of Endocrinology, Shengli Oilfield Central Hospital, Dongying, People’s Republic of China; Department of Anesthesiology, Shengli Oilfield Central Hospital, Dongying, People’s Republic of China;",Technology in Cancer Research & Treatment,SAGE Publications,China,Peng Wang;Guoqing Liu;Weimin Xu;Haixia Liu;Qinggao Bu;Diwen Sun,http://retractionwatch.com/2021/08/30/publisher-retracting-more-than-30-articles-from-paper-mills/,Research Article;,8/24/2021 0:00,10.1177/15330338211039594,34428083.0,10/3/2017 0:00,10.1177/1533034617733904,29332545.0,Retraction,Investigation by Journal/Publisher;Paper Mill;Unreliable Results and/or Conclusions;,No,,,"Thyroid cancer is a common endocrine gland malignancy which exhibited rapid increased incidence worldwide in recent decades. This study was aimed to investigate the role of long noncoding RNA H19 in thyroid cancer. Long noncoding RNA H19 was overexpressed or knockdown in thyroid cancer cells SW579 and TPC-1, and the expression of long noncoding RNA H19 was detected by real-time polymerase chain reaction. The cell viability, migration, and invasion were determined by 3-(4, 5-dimethyl-2-thiazolyl)-2, 5-diphenyl-2-H-tetrazolium bromide assay, Transwell assay, and wound healing assay, respectively. Furthermore, cell apoptosis was analyzed by flow cytometry, and expressions of some factors that were related to phosphatidyl inositide 3-kinases/protein kinase B and nuclear factor κB signal pathway were measured by Western blotting. This study revealed that cell viability and migration/invasion of SW579 and TPC-1 were significantly decreased by long noncoding RNA H19 overexpression compared with the control group ( P &lt; .05), whereas cell apoptosis was statistically increased ( P &lt; .001). Meanwhile, cell viability and migration/invasion were significantly increased after long noncoding RNA H19 knockdown ( P &lt; .05). Furthermore, long noncoding RNA H19 negatively regulated the expression of insulin receptor substrate 1 and thus effect on cell proliferation and apoptosis. Insulin receptor substrate 1 regulated the activation of phosphatidyl inositide 3-kinases/AKT and nuclear factor κB signal pathways. In conclusion, long noncoding RNA H19 could suppress cell viability, migration, and invasion via downregulation of insulin receptor substrate 1 in SW579 and TPC-1 cells. These results suggested the important role of long noncoding RNA H19 in thyroid cancer, and long noncoding RNA H19 might be a potential target of thyroid cancer treatment.",ok,Retraction Notice,crossref,[],False,True,YES
31439.0,miR-155 Affects Osteosarcoma MG-63 Cell Autophagy Induced by Adriamycin Through Regulating PTEN-I3K/AKT/mTOR Signaling Pathway,(BLS) Biochemistry;(BLS) Biology - Cancer;(BLS) Biology - Cellular;(BLS) Genetics;,"Department of Orthopedics Institute, Affiliated Dongfeng Hospital, Hubei University of Medicine, Shiyan, China;",Cancer Biotherapy & Radiopharmaceuticals,Mary Ann Liebert,China,Lin Wang;Bing Tang;Heng Han;Dan Mao;Jie Chen;Yun Zeng;Min Xiong,,Research Article;,8/6/2021 0:00,10.1089/cbr.2017.2306.retract,34357784.0,2/7/2018 0:00,10.1089/cbr.2017.2306,29412697.0,Retraction,Breach of Policy by Author;Investigation by Third Party;Paper Mill;,No,see also: https://pubpeer.com/publications/D3CC00E2223D5171D5C534090B454A,,"Phosphatase and tensin homolog deleted on chromosome 10 (PTEN) plays a positive regulatory role on cell autophagy through inhibiting PI3K/AKT/mammalian target of rapamycin (mTOR) signaling pathway. miR-155 plays a critical role in osteosarcoma occurrence and chemoresistance. Bioinformatics analysis revealed the targeted binding site between miR-155 and the 3'-UTR (untranslated region) of PTEN mRNA. This study investigated the role of miR-155 in regulating osteosarcoma cell autophagy, chemosensitivity to Adriamycin (ADM), and PTEN-PI3K/AKT/mTOR signaling pathway. Dual luciferase reporter gene assay confirmed the relationship between miR-155 and PTEN. MG-63 cells and drug-resistant MG-63/ADM cells were treated by ADM to compare miR-155, PTEN, p-AKT, p-mTOR, and Beclin-1 expressions. Cell apoptosis was tested by flow cytometry. MG-63/ADM cells were divided into five groups, including anti-miR-NC, anti-miR-155, pSicoR-blank, pSicoR-PTEN, and anti-miR-155+pSicoR-PTEN group. miR-155 targeted suppressed PTEN expression. miR-155, p-AKT, and p-mTOR significantly increased, while PTEN and Beclin-1 obviously reduced in MG-63/ADM cells compared with MG-63 cells. ADM treatment markedly elevated miR-155, p-AKT, and p-mTOR expressions, whereas reduced PTEN level. Beclin-1 was slightly upregulated, and autophagy and apoptosis levels were low. Anti-miR-155 and/or pSicoR-PTEN significantly enhanced PTEN and Beclin-1 expressions, cell apoptosis, and autophagy induced by ADM and declined p-AKT and p-mTOR levels. miR-155 targeted suppressed PTEN expression, enhanced PI3K/AKT/mTOR signaling pathway, inhibited cell apoptosis and autophagy induced by ADM, and reduced sensitivity to ADM.",ok_via_pubmed,"<i>Retraction of:</i>
                    miR-155 Affects Osteosarcoma MG-63 Cell Autophagy Induced by Adriamycin Through Regulating PTEN-I3K/AKT/mTOR Signaling Pathway (doi: 10.1089/cbr.2017.2306)",crossref,[],False,True,YES
31437.0,The Effect of PTCH1 on Ovarian Cancer Cell Proliferation and Apoptosis,(BLS) Biology - Cancer;(BLS) Biology - Cellular;(BLS) Genetics;,"Department of Gynaecology, Huangshi Aikang Hospital, Huangshi, China;",Cancer Biotherapy & Radiopharmaceuticals,Mary Ann Liebert,China,Fang Zheng;Xinyi Xiao;Chunmei Wang,,Research Article;,8/6/2021 0:00,10.1089/cbr.2018.2626.retract,34357799.0,12/6/2018 0:00,10.1089/cbr.2018.2626,30523702.0,Retraction,Breach of Policy by Author;Investigation by Third Party;Paper Mill;,No,see also: https://pubpeer.com/publications/E6CF279DFD6BC4B5E3C0EA39F654C3,,"Patched (PTCH1) is an important receptor protein in the Hedgehog pathway and plays a tumor suppressor role in a variety of tumors. This study was to detect the expression of PTCH1 in ovarian cancer (OC) tissues to analyze the relationship between expression of PTCH1 and prognosis, and to explore its role in regulating OC cell proliferation and apoptosis. OC tissues and normal ovarian tissues were collected to detect PTCH1 expression. SKOV3, A2780, Caov3, and IOSE80 cells were cultured in vitro to test PTCH1 expression. pIRES2-Scramble and pIRES2-PTCH1 were transfected into SKOV3 and A2780 cells, respectively. PTCH1 and Gli1 expressions were detected by western blot. Cell apoptosis was determined by flow cytometry. Cell proliferation was assessed by EdU staining. PTCH1 expression was significantly decreased in OC tissue compared with normal ovarian tissue and was associated with tumor size, TNM stage, and pathological grade (p < 0.05). The prognosis of patients with low PTCH1 expression was obviously worse than that of patients with high PTCH1 expression. The expression of PTCH1 in OC SKOV3, A2780, and Caov3 cells was markedly lower than that in normal ovarian epithelial IOSE80 cells. Transfection of pIRES2-PTCH1 apparently upregulated PTCH1 level, inhibited GLI1 expression and cell proliferation, and promoted apoptosis of SKOV3 and A2780 cells. PTCH1 level in OC was abnormally decreased and related to prognosis. Overexpression of PTCH1 inhibited GLI1 expression, attenuated OC cell proliferation, and induced apoptosis, suggesting that manipulation of PTCH1 expression might be a novel approach for the treatment of OC.",ok_via_pubmed,"<i>Retraction of:</i>
                    The Effect of PTCH1 on Ovarian Cancer Cell Proliferation and Apoptosis (doi: 10.1089/cbr.2018.2626)",crossref,[],False,True,YES
31431.0,LINC00152 Promotes the Growth and Invasion of Oral Squamous Cell Carcinoma by Regulating miR-139-5p,(BLS) Biology - Cancer;(BLS) Biology - Cellular;(BLS) Biology - Molecular;(BLS) Genetics;,"Department of Oral and Maxillofacial Surgery, School of Stomatology Hospital of Jilin University, Changchun, China; Key Laboratory of Tooth Development and Bone Remodeling, School of Stomatology Jilin University, Changchun, China; Department of Gynaecology II, The First Hospital of Jilin University, Changchun, China; Department of Thoracic Surgery, The First Hospital of Jilin University, Changchun, China; Department of Endodontics, School of Stomatology Hospital of Jilin University, Changchun, China; Department of Periodontology, School of Stomatology Hospital of Jilin University, Changchun, China;",OncoTargets and Therapy,Taylor and Francis - Dove Press,China,Minghe Li;Jun Ning;Zhihong Li;Jing Wang;Cong Zhao;Lei Wang,,Research Article;,7/29/2021 0:00,10.2147/OTT.S331158,34349521.0,9/27/2018 0:00,10.2147/OTT.S168807,30310293.0,Retraction,Duplication of/in Image;Investigation by Journal/Publisher;Investigation by Third Party;Paper Mill;,No,,,"LINC00152 plays a crucial role in tumorigenesis and progression of multiple types of cancer. However, the biological significance of LINC00152 and its potential role in oral squamous cell carcinoma (OSCC) remain to be determined. In the present study, we investigated the role of LINC00152 and the underlying mechanism of its oncogenic activity in OSCC. The expression of LINC00152 in OSCC tissues and cell lines was detected using qRT-PCR. Cell proliferation, colony formation, migration, and invasion were measured using a cell counting kit, colony formation assay, wound healing, and transwell invasion assays, respectively. The target gene of LINC00152 was confirmed using a dual-luciferase reporter assay and qRT-PCR. A nude mouse model was established to analyze the function of LINC00152 in vivo. LINC00152 expression was significantly upregulated in OSCC tissues and cell lines compared with that in normal counterparts. Upregulated LINC00152 served as an independent prognostic predictor in patients with OSCC. Moreover, knockdown of LINC00152 inhibited cell proliferation, colony formation, migration, and invasion, and suppressed the epithelial to mesenchymal transition in vitro, as well as impairing tumor growth in vivo. A mechanistic investigation indicated that LINC00152 could directly bind to miR-139-5p in OSCC. LINC00152 expression was inversely correlated with miR-139 expression in OSCC tissues. Taken together, these results suggested that LINC00152 may function as oncogene in OSCC and could be a potential therapeutic target in patients with OSCC.",ok_via_pubmed,LINC00152 Promotes the Growth and Invasion of Oral Squamous Cell Carcinoma by Regulating miR-139-5p [Retraction],crossref,[],False,True,YES
31288.0,Long Noncoding RNA RGMB-AS1 Acts as a microRNA-574 Sponge Thereby Enhancing the Aggressiveness of Gastric Cancer via HDAC4 Upregulation,(BLS) Biology - Cancer;(BLS) Biology - Cellular;(BLS) Biology - Molecular;(BLS) Genetics;,"Department of Gastroenterology and Digestive Endoscopy Center, The Second Hospital of Jilin University, Changchun, Jilin 130041, People’s Republic of China;",OncoTargets and Therapy,Taylor and Francis - Dove Press,China,Xiaodong Wang;Xin Chen;Yueli Tian;Dongqiang Jiang;Ying Song,,Research Article;,7/22/2021 0:00,10.2147/OTT.S329199,34326647.0,2/24/2020 0:00,10.2147/OTT.S234144,32158233.0,Retraction,Duplication of/in Image;Investigation by Third Party;Original Data and/or Images not Provided and/or not Available;Paper Mill;,No,see also: https://pubpeer.com/publications/F508A8275399E78960534020C70394,,The long noncoding RNA  The,ok_via_pubmed,Long Noncoding RNA RGMB-AS1 Acts as a microRNA-574 Sponge Thereby Enhancing the Aggressiveness of Gastric Cancer via HDAC4 Upregulation [Retraction],crossref,[],False,True,YES
31282.0,Columbamine-Mediated PTEN/AKT Signal Pathway Regulates the Progression of Glioma,(BLS) Biology - Cancer;(BLS) Biology - Cellular;(BLS) Genetics;(BLS) Neuroscience;(BLS) Toxicology;,"Department of Neurosurgery, Cangzhou Central Hospital, Cangzhou, Hebei 061000, People’s Republic of China;",Cancer Management and Research,Taylor and Francis - Dove Press,China,Hai Tao Niu;Yang Liu;Yan Zhou Wang;Yong Tian;Ming Yang;Hong Sheng Jiang,,Research Article;,7/19/2021 0:00,10.2147/CMAR.S329186,34321923.0,1/19/2021 0:00,10.2147/CMAR.S286866,33500662.0,Retraction,Concerns/Issues about Data;Duplication of/in Image;Investigation by Third Party;Paper Mill;,No,see also: https://pubpeer.com/publications/B89E13AAB36147D9C53938198714F3,,"At present, comprehensive therapy has been widely used in the treatment of glioma, but the curative effect is not good, and the survival rate of patients is low. Therefore, it is crucial to explore further the regulatory mechanism of the occurrence and development of glioma and find potential therapeutic targets. We aimed to investigate the columbamine (a tetrahydroisoquinoline alkaloid derived from the rhizome of Chinese herbal medicine Rhizoma Coptidis) on glioma progression. MTT, clone formation assay, wound healing assay, and transwell assay were performed to detect the cell viability, proliferation, migration, and invasion ability. Flow cytometry, TUNEL, and Western blot were used to identify the apoptosis level in glioma cells. PTEN inhibitor (SF1670) and AKT activator (SC79) were used to explore the mechanism of columbamine on glioma cell progression. Columbamine inhibits proliferation, migration, invasion, and induces apoptosis in glioma cell lines (SHG44 and U251). Columbamine prevents phosphorylation of AKT and promotes the expression of PTEN. Blocking PTEN level or inducing phosphorylation of AKT attenuates columbamine function on SHG44 cells proliferation, metastasis, and apoptosis. In this research, we find that columbamine could inhibit proliferation and metastasis of glioma cell lines, and promote apoptosis of glioma cell lines via regulating PTEN/AKT signal pathway. It provides a new theoretical basis for the development of anti-glioma drugs.",ok_via_pubmed,Columbamine-Mediated PTEN/AKT Signal Pathway Regulates the Progression of Glioma [Retraction],crossref,[],False,True,YES
31222.0,miR-424-5p Regulates Hepatoma Cell Proliferation and Apoptosis,(BLS) Biology - Cancer;(BLS) Biology - Cellular;(BLS) Biology - Molecular;,"Department of Gastroenterology, Affiliated Zhongshan Hospital of Dalian University, Dalian, China;",Cancer Biotherapy & Radiopharmaceuticals,Mary Ann Liebert,China,Lianshu Piao;Fei Wang;Yanyan Wang;Zirong Yang;Qianwei Li;Lifeng Cui;Qinggong Yu,,Research Article;,7/23/2021 0:00,10.1089/cbr.2018.2625.retract,34314617.0,4/10/2019 0:00,10.1089/cbr.2018.2625,30676784.0,Retraction,Paper Mill;Unreliable Results and/or Conclusions;,No,see also: https://pubpeer.com/publications/1E2A5EB947D5268AD69CB2420B1F61,,"Cancer Biotherapy and Radiopharmaceuticals officially retracts the paper entitled, “miR-424-5p Regulates Hepatoma Cell Proliferation and Apoptosis,” by Lianshu Piao, Fei Wang, Yanyan Wang, Zirong Yang, Qianwei Li, Lifeng Cui, and Qinggong Yu (Cancer Biother Radiopharm 2019;34(3):196–202. doi: 10.1089/cbr.2018.2625) due to the discovery that the paper was purchased from a paper mill by the lead author, Lianshu Piao, and that the conducted experiments were not those of the team of authors: “I am very sorry to inform you that the paper was purchased. This paper was written and published by others. I did not do the experimental results myself, so I can't guarantee the authenticity of the experimental results. And [o]ther members of the paper did not know anything about it, including the corresponding author, Qinggong Yu. [sic] ” The Editor and Publisher of Cancer Biotherapy and Radiopharmaceuticals are committed to preserving the scientific literature and the community it serves and does not tolerate any violations of scientific misconduct.",ok,"<i>Retraction of:</i>
                    miR-424-5p Regulates Hepatoma Cell Proliferation and Apoptosis (doi: 10.1089/cbr.2018.2625)",crossref,[],False,True,NO_STUB_NOT_ABSTRACT
31217.0,MiR-17 Regulates Prostate Cancer Cell Proliferation and Apoptosis Through Inhibiting JAK-STAT3 Signaling Pathway,(BLS) Biology - Cancer;(BLS) Biology - Cellular;(BLS) Genetics;,"Department of Urology Surgery, Three Gorges Central Hospital, Chongqing, China; Department of Traumatology, Three Gorges Central Hospital, Chongqing, China;",Cancer Biotherapy & Radiopharmaceuticals,Mary Ann Liebert,China,Hong Dai;Chunmei Wang;Zhihai Yu;Donglin He;Kun Yu;Yin Liu;Sheng Wang,,Research Article;,7/23/2021 0:00,10.1089/cbr.2017.2625.retract,34314618.0,4/1/2018 0:00,10.1089/cbr.2017.2386,29641255.0,Retraction,Investigation by Third Party;Misconduct by Third Party;Paper Mill;,No,see also: https://pubpeer.com/publications/D1ED55DAFDC363DBFBC20AF0B81A46,,"STAT3 is an important protein in Janus kinase (JAK)-signal transducer and activator of transcription (STAT) signaling pathway that facilitates B-cell lymphoma 2 (Bcl-2) expression. MiR-17 was found to be significantly reduced in prostate cancer tissues and cells, suggesting that it might be a tumor suppressor in prostate cancer tumorigenesis. Bioinformatics analysis showed the complementary binding site between miR-17 and STAT3. This study aimed to investigate the role of miR-17 in regulating JAK-STAT signaling pathway, as well as prostate cancer cell proliferation and apoptosis. Dual luciferase assay was used to verify the targeted relationship between miR-155 and STAT3. LNCaP cells were cultured in vitro and divided into four groups, including mimic NC, miR-17 mimic, si-NC, and si-STAT3 groups. STAT3, p-STAT3, and Bcl-2 expressions were tested by western blot. Cell apoptosis was detected by flow cytometry. Cell proliferation was assessed by EdU staining. MiR-17 mimic transfection significantly reduced the relative luciferase activity in HEK293T cells. MiR-17 targeted regulated STAT3 expression. MiR-17 expression and cell apoptosis were obviously declined, while STAT3 level and cell proliferation markedly were elevated in LNCaP cells compared with RWPE-1 cells. MiR-17 mimic and/or si-STAT3 transfection significantly downregulated the expression of STAT3, p-STAT3, and Bcl-2, attenuated cell proliferation, and enhanced cell apoptosis in LNCaP cells. Upregulation of miR-17 inhibited LNCaP cell proliferation and induced cell apoptosis by downregulating the expression of STAT3, p-STAT3, and Bcl-2.",ok_via_pubmed,,,[],False,False,YES
30296.0,Upregulating microRNA-498 inhibits gastric cancer proliferation invasion and chemoresistance through inverse interaction of Bmi1,(BLS) Biology - Cancer;(BLS) Biology - Cellular;(BLS) Biology - Molecular;(BLS) Genetics;,"Department of Endoscopy Center, China-Japan Union Hospital of Jilin University, Changchun, 130000, China; Department of Gastrointestinal surgery, China-Japan Union Hospital of Jilin University, Changchun, 130000, China;",Cancer Gene Therapy,Springer - Nature Publishing Group,China,Tiancheng Zhao;Yahong Chen;Shihou Sheng;YUanyu Wu;Tao Zhang,,Research Article;,7/1/2021 0:00,10.1038/s41417-021-00341-5,34211126.0,12/5/2018 0:00,10.1038/s41417-018-0065-7,30518783.0,Retraction,Duplication of Data;Duplication of/in Image;Investigation by Journal/Publisher;Investigation by Third Party;Paper Mill;Unreliable Results and/or Conclusions;,No,,,"This study aimed to analyze the functions of microRNA 498 (miR-498) on gastric cancer (GC) cell proliferation migration and cisplatin chemosensitivity. QTR-PCR found that miR-498 was markedly downregulated in GC cell lines and human GC tumors. It was discover that, lentivirus-mediated miR-498 overexpression inhibited cancer cell proliferations in vitro and in vivo, invasion and cisplatin chemoresistance. Bmi1 was demonstrated to be directly regulated by miR-498 in GC cell lines. Moreover, Bmi1 upregulation was found to reverse the tumor-suppressing functions of miR-498 in GC. Therefore, this study presented evidence showing miR-498 expression decreased in GC, and overexpressing miR-498 had significant inhibitory effects on GC development, likely through the inverse interaction of Bmi1.",ok_via_pubmed,Retraction Note: Upregulating microRNA-498 inhibits gastric cancer proliferation invasion and chemoresistance through inverse interaction of Bmi1,crossref,[],False,True,YES
30295.0,MicroRNA-23a enhances migration and invasion through PTEN in osteosarcoma,(BLS) Biology - Cancer;(BLS) Biology - Cellular;(BLS) Biology - Molecular;(BLS) Genetics;,"Department of Bone surgery, The 1st Affiliated Hospital of Zhengzhou University, Zhengzhou, China; Department of Nose Surgery, The 1st Affiliated Hospital of Zhengzhou University, Zhengzhou, China;",Cancer Gene Therapy,Springer - Nature Publishing Group,China,K Tain;R Di;L Wang,,Research Article;,7/1/2021 0:00,10.1038/s41417-021-00363-z,34211127.0,7/10/2015 0:00,10.1038/cgt.2015.27,26160225.0,Retraction,Author Unresponsive;Duplication of Data;Duplication of/in Image;False/Forged Affiliation;Investigation by Journal/Publisher;Investigation by Third Party;Paper Mill;,No,,,"To investigate the biological significance of abundant microRNA-23a (miR-23a) expression in osteosarcoma and its correlation with PTEN in the pathogenesis of osteosarcoma migration and invasion. The human osteosarcoma cell lines MG63, HOS58 and SaoS-2, and the human normal osteoblasts (hFOB1.19) were grown in RPMI 1640 medium supplemented with 10% fetal bovine serum. Gene and protein levels of miR-23a and PTEN were examined to determine the molecular relationship between them in the pathogenesis of osteosarcoma. Inhibition of miR-23a effectively reduced migration and invasion of osteosarcoma cell lines. Bioinformatics and luciferase-reporter assay revealed that miR-23a specifically targeted the 3'-untranslational region of PTEN and regulated its expression. Downregulation of PTEN enhanced migration and invasion of osteosarcoma cell lines. Furthermore, in tumor tissues obtained from osteosarcoma patients, the expression of miR-23a was negatively correlated with PTEN and the high expression of miR-23a combined with low expression of PTEN might serve as a risk factor for cancer patients. Besides, miR-23a-mediated suppression of PTEN led to activation of AKT/ERK pathways and epithelial-mesenchymal transition (EMT) in osteosarcoma cells, and finally enhanced the activity of osteosarcoma cell proliferation and movement and promoted osteosarcoma xenograft tumor growth in mouse models. Our study showed that miR-23a, by downregulation of PTEN, enhanced migration and invasion in osteosarcoma cells.",ok_via_pubmed,Retraction Note: MicroRNA-23a enhances migration and invasion through PTEN in osteosarcoma,crossref,[],False,True,YES
29035.0,"MiR-502-3P Suppresses Cell Proliferation, Migration, and Invasion in Hepatocellular Carcinoma by Targeting SET",(BLS) Biochemistry;(BLS) Biology - Cancer;(BLS) Biology - Cellular;(BLS) Genetics;,"Department of General Surgery, Guangdong General Hospital, Guangdong Academy of Medical Sciences, Guangzhou, Guangdong, People’s Republic of China;",OncoTargets and Therapy,Taylor and Francis - Dove Press,China,Haosheng Jin;Min Yu;Ye Lin;Baohua Hou;Zhongshi Wu;Zhide Li;JIan Sun,,Research Article;,5/18/2021 0:00,10.2147/OTT.S319075,34040385.0,5/31/2016 0:00,10.2147/OTT.S87183,27330307.0,Retraction,Duplication of/in Image;Error in Image;Original Data and/or Images not Provided and/or not Available;Paper Mill;,No,see also: https://pubpeer.com/publications/5A7ED3A2B9AF8E431CEF7748C5A154,,"Increasing evidences show that microRNAs are engaged in hepatocellular carcinoma (HCC). The aim of this study was to investigate the role of miR-502-3P in HCC and to identify its underlying mechanism. The expression levels of miR-502-3P were assessed in multiple HCC cell lines and in liver tissues of patients with HCC. We further examined the effects of miR-502-3P on malignant behavior of HCC. The molecular target of miR-502-3P was identified using a computer algorithm and confirmed experimentally. Downregulation of miR-502-3P was found in both HCC cell lines and human samples. Overexpression of miR-502-3P dramatically inhibits HCC proliferation, metastasis, invasion, and cell adhesion. We further verify the SET as a novel and direct target of miR-502-3P in HCCs. Taken together, overexpression of miR-502-3P or downregulation of SET may prove beneficial as a therapeutic strategy for HCC treatment.",ok_via_pubmed,"MiR-502-3P Suppresses Cell Proliferation, Migration, and Invasion in Hepatocellular Carcinoma by Targeting SET [Retraction]",crossref,[],False,True,YES
28976.0,Ras-ERK1/2 signaling contributes to the development of colorectal cancer via regulating H3K9ac,(BLS) Biochemistry;(BLS) Biology - Cancer;(BLS) Biology - Cellular;,"Department of Gastrointestinal Surgery, Zhengzhou University People’s Hospital (Henan Provincial People’s Hospital), Zhengzhou, 450003, China; Department of General Surgery, Wuxi People’s Hospital of Nanjing Medical University, Wuxi, 214023, China; Department of General Surgery, Zhengzhou University People’s Hospital (Henan Provincial People’s Hospital), No.7, Weiwu Road, Zhengzhou, 450003, Henan, China;",BMC Cancer,Springer - Biomed Central (BMC),China,Peng Tian;Yanfei Zhu;Chao Zhang;Xinyu Guo;Peng Zhang;Huanzhou Xue,,Research Article;,5/24/2021 0:00,10.1186/s12885-021-08340-3,34030663.0,12/22/2018 0:00,10.1186/s12885-018-5199-3,30577849.0,Retraction,Duplication of/in Image;Investigation by Third Party;Manipulation of Images;Paper Mill;Unreliable Data;,No,see also: https://pubpeer.com/publications/5C14EEA7C8B48E6548C6190FDC0FE1;,,"Abstract Backgrounds/aims Ras is a control switch of ERK1/2 pathway, and hyperactivation of Ras-ERK1/2 signaling appears frequently in human cancers. However, the molecular regulation following by Ras-ERK1/2 activation is still unclear. This work aimed to reveal whether Ras-ERK1/2 promoted the development of colorectal cancer via regulating H3K9ac. Methods A vector for expression of K-Ras mutated at G12 V and T35S was transfected into SW48 cells, and the acetylation of H3K9 was measured by Western blot analysis. MTT assay, colony formation assay, transwell assay, chromatin immunoprecipitation and RT-qPCR were performed to detect whether H3K9ac was contributed to K-Ras-mediated cell growth and migration. Furthermore, whether HDAC2 and PCAF involved in modification of H3K9ac following Ras-ERK1/2 activation were studied. Results K-Ras mutated at G12 V and T35S induced a significant activation of ERK1/2 signaling and a significant down-regulation of H3K9ac. Recovering H3K9 acetylation by using a mimicked H3K9ac expression vector attenuated the promoting effects of Ras-ERK1/2 on tumor cells growth and migration. Besides, H3K9ac can be deacetylated by HDAC2 and MDM2-depedent degradation of PCAF. Conclusion H3K9ac was a specific target for Ras-ERK1/2 signaling pathway. H3K9 acetylation can be modulated by HDAC2 and MDM2-depedent degradation of PCAF. The revealed regulation provides a better understanding of Ras-ERK1/2 signaling in tumorigenesis.",ok,Retraction Note: Ras-ERK1/2 signaling contributes to the development of colorectal cancer via regulating H3K9ac,crossref,[],False,True,YES
27171.0,miR-302e Suppresses Glioma Progression by Targeting VEGFA,(BLS) Biochemistry;(BLS) Biology - Cancer;(BLS) Biology - Cellular;(BLS) Genetics;,"Department of Neurosurgery, Chengde Medical College Affiliated Hospital, Chengde, Hebei Province, People’s Republic of China; Department of Oncology, Chengde Medical College Affiliated Hospital, Chengde, Hebei Province, People’s Republic of China;",Cancer Management and Research,Taylor and Francis - Dove Press,China,Yunpeng Xie;Xin Liu;Tiemin Hu;Weixing Wang,,Research Article;,3/19/2021 0:00,10.2147/CMAR.S311369,33776483.0,10/30/2020 0:00,10.2147/CMAR.S268222,33154675.0,Retraction,Author Unresponsive;Concerns/Issues about Data;Duplication of/in Image;Paper Mill;,No,,,"MiRNA can be involved in regulating tumor genesis and development by regulating the expression of specific genes and regulating corresponding signaling pathways. In this study, we explored the function and mechanisms of miR-302e in glioma progression. Experimental methods include the following: real-time quantitative PCR, Western Blot Analysis, CCK8 assay and detection of apoptosis. MiR-302e was down-regulated in cancer tissues and cell lines, and the expression of miR-302e was negatively correlated with the tumor grade, which indicated poor prognosis in glioma patients. Followed functional analysis showed overexpression of miR-302e inhibited proliferation, migration and invasion but promoted apoptosis of glioma cells, while silencing miR-302e showed the opposite effects. Mechanistic studies have shown that VEGFA was a directed target of miR-302e. Forced expression of VEGFA removed the inhibiting impact of miR-302e on glioma development. In vivo tumorigenesis experiments showed that miR-302e suppressed glioma development by targeting VEGFA. Present study emphasized miR-302e suppressed glioma development by targeting VEGFA, which might be a valuable target for glioma treatment.",ok_via_pubmed,miR-302e Suppresses Glioma Progression by Targeting VEGFA [Retraction],crossref,[],False,True,YES
26872.0,Upregulation of MicroRNA-935 Promotes the Malignant Behaviors of Pancreatic Carcinoma PANC-1 Cells via Targeting Inositol Polyphosphate 4-Phosphatase Type I Gene (INPP4A),(BLS) Biochemistry;(BLS) Biology - Cancer;(BLS) Biology - Cellular;(BLS) Genetics;,"Department of Digestive Disease, Qilu Hospital of Shandong University, Jinan, Shandong, P.R. China; Department of Digestive Disease, Linyi People’s Hospital, Linyi, Shandong, P.R. China; Department of Joint Surgery, Linyi People’s Hospital, Linyi, Shandong, P.R. China;",Oncology Research Featuring Preclinical and Clinical Cancer Therapeutics,Cognizant Communication Corporation,China,Cuiyue Wang;Zhen Feng;Kaitong Jiang;Xiuli Zuo,,Research Article;,11/1/2020 0:00,10.3727/096504016X14759554689565,27733216.0,10/11/2016 0:00,10.3727/096504016X14759554689565,27733216.0,Retraction,Investigation by Third Party;Notice - Limited or No Information;Paper Mill;Removed;,No,see also: https://pubpeer.com/publications/57FD89D3828BA26800ACB354A6C0B7,,THIS ARTICLE WAS WITHDRAWN BY THE PUBLISHER IN NOVEMBER 2020,ok,THIS ARTICLE WAS WITHDRAWN BY THE PUBLISHER IN NOVEMBER 2020,crossref,[],False,True,NO_STUB_NOT_ABSTRACT
26871.0,MicroRNA-223 Promotes Tumor Progression in Lung Cancer A549 Cells via Activation of the NF-κB Signaling Pathway,(BLS) Biochemistry;(BLS) Biology - Cancer;(BLS) Biology - Cellular;(BLS) Genetics;,"Department of Respiratory Medicine, Xiangya Hospital of Central South University, Changsha, Hunan, P.R. China;",Oncology Research Featuring Preclinical and Clinical Cancer Therapeutics,Cognizant Communication Corporation,China,Li Huang;Fang Li;Pengbo Deng;Chengping Hu,,Research Article;,11/1/2020 0:00,10.3727/096504016X14685034103437,28281961.0,10/27/2016 0:00,10.3727/096504016X14685034103437,28281961.0,Retraction,Investigation by Third Party;Notice - Limited or No Information;Paper Mill;Removed;,No,see also: https://pubpeer.com/publications/175DA57BF305AA91A4FD7769030F11,,THIS ARTICLE WAS WITHDRAWN BY THE PUBLISHER IN NOVEMBER 2020,ok,THIS ARTICLE WAS WITHDRAWN BY THE PUBLISHER IN NOVEMBER 2020,crossref,[],False,True,NO_STUB_NOT_ABSTRACT
26870.0,MicroRNA-16-1 Inhibits Tumor Cell Proliferation and Induces Apoptosis in A549 Non-Small Cell Lung Carcinoma Cells,(BLS) Biochemistry;(BLS) Biology - Cancer;(BLS) Biology - Cellular;(BLS) Genetics;,"Department of Clinical Laboratory, The Affiliated Hospital of School of Medicine of Ningbo University, Ningbo, Zhejiang, China; Department of Clinical Laboratory, Ningbo No. 2 Hospital, Ningbo, Zhejiang, China; Wuhan Hospital for the Prevention and Treatment of Occupational Disease, Wuhan, Hubei, China;",Oncology Research Featuring Preclinical and Clinical Cancer Therapeutics,Cognizant Communication Corporation,China,Weihua Wang;Jie Chen;Jinhua Dai;Burong Zhang;Feng Wang;Yizhe Sun,,Research Article;,11/1/2020 0:00,10.3727/096504016X14685034103194,27712591.0,9/14/2016 0:00,10.3727/096504016X14685034103194,27712591.0,Retraction,Investigation by Third Party;Notice - Limited or No Information;Paper Mill;Removed;,No,see also: https://pubpeer.com/publications/D24CFB598FAD2BDDC4677518C30467,,THIS ARTICLE WAS WITHDRAWN BY THE PUBLISHER IN NOVEMBER 2020,ok,THIS ARTICLE WAS WITHDRAWN BY THE PUBLISHER IN NOVEMBER 2020,crossref,[],False,True,NO_STUB_NOT_ABSTRACT
26862.0,MiR-29a Inhibits LiliGrowth and Metastasis of Melanoma A375 Cells by Directly Targeting Bmi1,(BLS) Biochemistry;(BLS) Biology - Cancer;(BLS) Biology - Cellular;(BLS) Genetics;,"Department of Dermatology, Linyi People’s Hospital, Linyi, Shandong 276003, China; Department of Pathology, Linyi People’s Hospital, Linyi, Shandong 276003, China;",Oncology Research Featuring Preclinical and Clinical Cancer Therapeutics,Cognizant Communication Corporation,China,Ying Xiong;Liqian Liu;Ying Qiu;Lili Liu,,Research Article;,10/31/2017 0:00,10.3727/096504017X15061926356644,28950927.0,10/31/2017 0:00,10.3727/096504017X15061926356644,28950927.0,Retraction,Date of Article and/or Notice Unknown;Investigation by Third Party;Paper Mill;,No,see also: https://scienceintegritydigest.com/2020/02/21/the-tadpole-paper-mill/,,Ahead of Print article withdrawn by publisher,ok_via_pubmed,WITHDRAWN: MiR-29a Inhibits Growth and Metastasis of Melanoma A375 Cells by Directly Targeting Bmi1,crossref,[],False,True,NO_STUB_NOT_ABSTRACT
24701.0,"Dexmedetomidine Inhibits Osteosarcoma Cell Proliferation and Migration, and Promotes Apoptosis by Regulating miR-520a-3p",(BLS) Biochemistry;(BLS) Biology - Cancer;(BLS) Biology - Cellular;(BLS) Genetics;(HSC) Medicine - Oncology;(HSC) Medicine - Orthopedics;,"Department of Anesthesiology, Shandong Provincial Hospital Affiliated With Shandong University, Jinan, Shandong, P.R. China; Department of Anesthesiology, Ningjin People’s Hospital, Ningjin, Shandong, P.R. China;",Oncology Research Featuring Preclinical and Clinical Cancer Therapeutics,Cognizant Communication Corporation,China,Xiaoyan Wang;Yongguang Xu;Xinlei Chen;Jianmin Xiao,,Research Article;,10/1/2020 0:00,10.3727/096504017X14982578608217,28653601.0,4/10/2018 0:00,10.3727/096504017X14982578608217,28653601.0,Retraction,Investigation by Third Party;Notice - Limited or No Information;Paper Mill;Removed;,No,see also: https://scienceintegritydigest.com/2020/02/21/the-tadpole-paper-mill/; see also: https://pubpeer.com/publications/9ABAC96A8D53DDF08D52E436D219BE;,,"This study aimed to investigate the effect of dexmedetomidine (DEX) on osteosarcoma (OS) cell line MG63 and to explore the possible relationship between DEX and miR-520-3p in OS. The results showed that DEX could upregulate miR-520-3p, which directly targeted AKT1 . Additionally, miR-520-3p also inhibited MG63 cell proliferation and migration, promoted apoptosis, and suppressed protein expressions of AKT, p-AKT, p-mTOR, and p-ERK1/2. DEX can inhibit OS cell proliferation and migration and promote apoptosis by upregulating the expression level of miR-520a-3p. DEX may serve as a potential therapeutic agent in OS treatment, and miR-520a-3p may be a potential target in the therapy of OS.",ok,"This study aimed to investigate the effect of dexmedetomidine (DEX) on osteosarcoma (OS) cell line MG63 and to explore the possible relationship between DEX and miR-520-3p in OS. The results showed that DEX could upregulate miR-520-3p, which directly targeted AKT1 . Additionally, miR-520-3p also inhibited MG63 cell proliferation and migration, promoted apoptosis, and suppressed protein expressions of AKT, p-AKT, p-mTOR, and p-ERK1/2. DEX can inhibit OS cell proliferation and migration and promote apoptosis by upregulating the expression level of miR-520a-3p. DEX may serve as a potential therapeutic agent in OS treatment, and miR-520a-3p may be a potential target in the therapy of OS.",crossref,[],False,True,YES
24700.0,Downregulation of SRC Kinase Signaling Inhibitor 1 (SRCIN1) Expression by MicroRNA-32 Promotes Proliferation and Epithelial‐Mesenchymal Transition in Human Liver Cancer Cells,(BLS) Biochemistry;(BLS) Biology - Cancer;(BLS) Biology - Cellular;(BLS) Genetics;(HSC) Medicine - Gastroenterology;(HSC) Medicine - Oncology;,"Department of Infectious Diseases, Guangdong Academy of Medical Sciences, Guangdong General Hospital, Guangzhou, P.R. China;",Oncology Research Featuring Preclinical and Clinical Cancer Therapeutics,Cognizant Communication Corporation,China,Ren Chen;Jin Yao Liao;Jing Huang;Wen Li Chen;Xiao Jun Ma;Xiao Dan Luo,,Research Article;,11/1/2020 0:00,10.3727/096504017X14954923820137,28550679.0,5/7/2018 0:00,10.3727/096504017X14954923820137,28550679.0,Retraction,Investigation by Third Party;Notice - Limited or No Information;Paper Mill;Removed;,No,see also: https://scienceintegritydigest.com/2020/02/21/the-tadpole-paper-mill/; see also: https://pubpeer.com/publications/790B82CF456DF1B052995D6849F0EF;,,THIS ARTICLE WAS WITHDRAWN BY THE PUBLISHER IN NOVEMBER 2020,ok,THIS ARTICLE WAS WITHDRAWN BY THE PUBLISHER IN NOVEMBER 2020,crossref,[],False,True,NO_STUB_NOT_ABSTRACT
24699.0,Overexpression of MicroRNA-34a-5p Inhibits Proliferation and Promotes Apoptosis of Human Cervical Cancer Cells by Downregulation of Bcl-2,(BLS) Biochemistry;(BLS) Biology - Cancer;(BLS) Biology - Cellular;(BLS) Genetics;(HSC) Medicine - Obstetrics/Gynecology;(HSC) Medicine - Oncology;,"Department of Gynecology, Linzi District People’s Hospital, Zibo, P.R. China; Department of Reproductive Health and Sterility, Linzi District People’s Hospital, Zibo, P.R. China; Department of Gynecology, The Second People Hospital of Dezhou, Dezhou, P.R. China;",Oncology Research Featuring Preclinical and Clinical Cancer Therapeutics,Cognizant Communication Corporation,China,Xiufen Wang;Yucui Xie;Jing Wang,,Research Article;,11/1/2020 0:00,10.3727/096504017X15037506066252,28893346.0,7/5/2018 0:00,10.3727/096504017X15037506066252,28893346.0,Retraction,Investigation by Third Party;Notice - Limited or No Information;Paper Mill;Removed;,No,see also https://scienceintegritydigest.com/2020/02/21/the-tadpole-paper-mill/; see also: https://pubpeer.com/publications/3EDB2CBB5EB77981A1427232E17B70;,,THIS ARTICLE WAS WITHDRAWN BY THE PUBLISHERS IN OCTOBER 2020.,ok,THIS ARTICLE WAS WITHDRAWN BY THE PUBLISHERS IN OCTOBER 2020.,crossref,[],False,True,NO_STUB_NOT_ABSTRACT
24698.0,Knockdown of Long Noncoding RNA LINC00152 Suppresses Cellular Proliferation and Invasion in Glioma Cells by Regulating miR-4775,(BLS) Biochemistry;(BLS) Biology - Cancer;(BLS) Biology - Cellular;(BLS) Genetics;(HSC) Medicine - Neurology;(HSC) Medicine - Oncology;,"Department of Clinical Laboratory, Ningbo No. 2 Hospital, Ningbo, Zhejiang, P.R. China; Department of Neurosurgery, Ningbo No. 2 Hospital, Ningbo, Zhejiang, P.R. China;",Oncology Research Featuring Preclinical and Clinical Cancer Therapeutics,Cognizant Communication Corporation,China,Zhankun Zhu;Jinhua Dai;Yufeng Liao;Jianbo Ma;Wei Zhou,,Research Article;,10/1/2020 0:00,10.3727/096504017X15016337254597,28800786.0,7/5/2018 0:00,10.3727/096504017X15016337254597,28800786.0,Retraction,Investigation by Third Party;Notice - Limited or No Information;Paper Mill;Removed;,No,see also: https://scienceintegritydigest.com/2020/02/21/the-tadpole-paper-mill/; see also: https://pubpeer.com/publications/40F294C5D4EBC27B071D238D9BA2D8,,THIS ARTICLE WAS WITHDRAWN BY THE PUBLISHERS IN OCTOBER 2020.,ok,THIS ARTICLE WAS WITHDRAWN BY THE PUBLISHERS IN OCTOBER 2020.,crossref,[],False,True,NO_STUB_NOT_ABSTRACT
24696.0,miR-630 Inhibits Epithelial-to-Mesenchymal Transition (EMT) by Regulating the Wnt/β-Catenin Pathway in Gastric Cancer Cells,(BLS) Biochemistry;(BLS) Biology - Cancer;(BLS) Biology - Cellular;(BLS) Genetics;(HSC) Medicine - Gastroenterology;(HSC) Medicine - Oncology;,"Medical Care Branch of Panjin Vocational and Technical College, Panjin, P.R. China; Department of Surgical Oncology, Affiliated Hospital of Shaanxi University of Chinese Medicine, Xianyang, P.R. China; Department of Gastroenterology, Ruian People’s Hospital, Ruian, P.R. China;",Oncology Research Featuring Preclinical and Clinical Cancer Therapeutics,Cognizant Communication Corporation,China,Dong Li;Bo Tian;Xiaosheng Jin,,Research Article;,10/1/2020 0:00,10.3727/096504018X15178732625479,29422112.0,12/27/2018 0:00,10.3727/096504018X15178732625479,29422112.0,Retraction,Investigation by Third Party;Notice - Limited or No Information;Paper Mill;Removed;,No,see also: https://scienceintegritydigest.com/2020/02/21/the-tadpole-paper-mill/; See also: https://pubpeer.com/publications/8ECB12C4EE97985CE4D6F30F854951;,,THIS ARTICLE WAS WITHDRAWN BY THE PUBLISHERS IN OCTOBER 2020.,ok,THIS ARTICLE WAS WITHDRAWN BY THE PUBLISHERS IN OCTOBER 2020.,crossref,[],False,True,NO_STUB_NOT_ABSTRACT
24695.0,"Long Noncoding RNA TUNAR Represses Growth, Migration, and Invasion of Human Glioma Cells Through Regulating miR-200a and Rac1",(BLS) Biochemistry;(BLS) Biology - Cancer;(BLS) Biology - Cellular;(BLS) Genetics;(HSC) Medicine - Neurology;(HSC) Medicine - Oncology;,"Department of Clinical Laboratory, Ningbo No. 2 Hospital, Ningbo, P.R. China; Department of Clinical Laboratory, Zhenhai Longsai Hospital, Ningbo, P.R. China;",Oncology Research Featuring Preclinical and Clinical Cancer Therapeutics,Cognizant Communication Corporation,China,Jinhua Dai;Jianbo Ma;Bixia Yu;Zhankun Zhu;Yanqin Hu,,Research Article;,10/1/2020 0:00,10.3727/096504018X15205622257163,29540255.0,12/27/2018 0:00,10.3727/096504018X15205622257163,29540255.0,Retraction,Investigation by Third Party;Notice - Limited or No Information;Paper Mill;Removed;,No,see also: https://pubpeer.com/publications/C4795E8E9F0ED3D0FC17D15DFD1173; see also: https://scienceintegritydigest.com/2020/02/21/the-tadpole-paper-mill/;,,THIS ARTICLE WAS WITHDRAWN BY THE PUBLISHERS IN OCTOBER 2020.,ok,THIS ARTICLE WAS WITHDRAWN BY THE PUBLISHERS IN OCTOBER 2020.,crossref,[],False,True,NO_STUB_NOT_ABSTRACT
24065.0,MicroRNA-937 inhibits cell proliferation and metastasis in gastric cancer cells by downregulating FOXL2,(BLS) Biochemistry;(BLS) Biology - Cancer;(BLS) Biology - Cellular;(HSC) Medicine - Gastroenterology;(HSC) Medicine - Oncology;,"Department of General Surgery, Affiliated Traditional Chinese Medical Hospital of Xinjiang Medical University, Urumqi 830000, Xinjiang, China;",Cancer Biomarkers,IOS Press (bought by Sage November 2023),China,Liang Yu;Jun Chen;Yu Liu;Zengfeng Zhang;Shaobin Duan,,Research Article;,9/25/2020 0:00,10.3233/CBM-200903,32831195.0,12/12/2017 0:00,10.3233/CBM-170310,29060929.0,Retraction,Investigation by Third Party;Notice - Limited or No Information;Paper Mill;Removed;,No,see also: https://scienceintegritydigest.com/2020/02/21/the-tadpole-paper-mill/,,"This article has been retracted, and the online PDF replaced with this retraction notice.",ok,Notice of retraction,crossref,[],False,True,NO_STUB_NOT_ABSTRACT
24053.0,Endoplasmic reticulum stress triggers Xanthoangelol-induced protective autophagy via activation of JNK/c-Jun Axis in hepatocellular carcinoma,(BLS) Biochemistry;(BLS) Biology - Cancer;(BLS) Biology - Cellular;(HSC) Medicine - Gastroenterology;(HSC) Medicine - Oncology;,"College of Life Sciences, Qingdao University, Qingdao, 266071, China; The Affiliated Cancer Hospital, School of Medicine, University of Electronic Science and Technology of China, Chengdu, 610041, Sichuan, China; China International Science and Technology Cooperation Base of Food Nutrition/Safety and Medicinal Chemistry, College of Biotechnology, Tianjin University of Science & Technology, Tianjin, 300457, China; Northeast Yucai Bilingual School, Shenyang, 110164, China;",Journal of Experimental & Clinical Cancer Research: (CR),Springer - Biomed Central (BMC),China,Zichao Li;Luying Zhang;MIngquan Gao;Mei Han;Kaili Liu;Zhuang Zhang;Zhi Gong;Lifei Xing;Xianzhou Shi;Kui Lu;Hui Gao,,Research Article;,8/19/2020 0:00,10.1186/s13046-020-01668-x,32814570.0,1/8/2019 0:00,10.1186/s13046-018-1012-z,30621754.0,Retraction,Duplication of/in Image;Investigation by Third Party;Paper Mill;Unreliable Data;,No,see also: https://scienceintegritydigest.com/2020/02/21/the-tadpole-paper-mill/,,"Xanthoangelol (XAG) was reported to exhibit antitumor properties in several cancer. However, the specific anti-tumor activity of XAG in human hepatocellular carcinoma (HCC) and the relevant mechanisms are not known. The effects of XAG on HCC cell proliferation and apoptosis were respectively examined by CCK-8 assay and Annexin V-FITC/PI apoptosis kit. Western blotting was conducted to detect the expression of proteins. The effect of XAG on the development of acidic vesicle organelles was assessed using acridine orange staining. mRFP-GFP-LC3 adenovirus was used to transfect HCC cells and the formation of autolysosome was detected using a confocal microscope. Mechanistically, XAG promotes HCC cell death through triggering intrinsic apoptosis pathway, not extrinsic apoptotic pathway. Furthermore, XAG treatment induced autophagy in Bel 7402 and SMMC 7721 cells, as evidenced by an increase in autophagy-associated proteins, including LC3B-II, Beclin-1, and Atg5. Interestingly, inhibition of autophagy with 3-MA, Bafilomycin A1 (Baf A1), or siRNA targeting Atg5 effectively enhanced the apoptotic cell ratio in XAG-treated cells, indicating that protective effect of autophagy induced by XAG in HCC. Moreover, autophagy induced by XAG was mediated by activating endoplasmic reticulum stress (ERS), along with administration of XAG, the expression levels of ERS-associated proteins, including CHOP, GRP78, ATF6, p-eIF2α, IRE1α, and cleaved caspase-12 were significantly increased in HCC cells. Meanwhile, suppressing ERS with chemical chaperones (TUDCA) or CHOP shRNA could effectively abrogate the autophagy-inducing effect of XAG, and increase the apoptotic cell death. Further mechanistic studies showed that ERS-induced autophagy in XAG-treated cells was mediated by activation of JNK/c-jun pathway. XAG treatment resulted in the increase of p-JNK and p-c-jun, while suppressing ERS with TUDCA or CHOP shRNA could effectively reverse it. Meanwhile, SP600125, a JNK inhibitor, effectively reversed XAG-induced protective autophagy and enhanced cell apoptosis in XAG-treated HCC cells. In vivo results demonstrated that XAG exerts potent antitumor properties with low toxicity. Collectively, these results suggested that XAG could be served as a promising candidate for the treatment and prevention of HCC.",ok_via_pubmed,An amendment to this paper has been published and can be accessed via the original article.,crossref,[],False,True,NO
24026.0,The targeted regulation of Gli1 by miR-361 to inhibit epithelia-mesenchymal transition and invasion of esophageal carcinoma cells,(BLS) Biology - Cancer;(BLS) Biology - Cellular;(BLS) Genetics;(HSC) Medicine - Gastroenterology;(HSC) Medicine - Oncology;,"Radiotherapy Department, Tianjin Medical University Cancer Hospital, Tianjin, China; Ocology Department, Chengde Medical College Affiliated Hospital, Chengde, Hebei, China;",Cancer Biomarkers,IOS Press (bought by Sage November 2023),China,Pingping Lin;Qingsong Pang;Ping Wang;Xiying Lv;Lanfang Liu;Aike Li,,Research Article;,9/25/2020 0:00,10.3233/CBM-200902,32804117.0,2/6/2018 0:00,10.3233/CBM-170802,29125483.0,Retraction,Error in Methods;Investigation by Third Party;Paper Mill;Removed;,No,see also: https://scienceintegritydigest.com/2020/02/21/the-tadpole-paper-mill/,,"This article has been retracted, and the online PDF replaced with this retraction notice.",ok,Notice of retraction,crossref,[],False,True,NO_STUB_NOT_ABSTRACT
23574.0,Hispidulin suppresses cell growth and metastasis by targeting PIM 1 through JAK 2/STAT 3 signaling in colorectal cancer,(BLS) Biochemistry;(BLS) Biology - Cancer;(BLS) Biology - Cellular;,"Department of Pharmacology, School of Pharmacy, Qingdao University, Qingdao, China; Medical College, Qingdao University, Qingdao, China;",Cancer Science,Wiley,China,Kaili Liu;Hi Gao;Qiaoyun Wang;Longyuan Wang;Bin Zhang;Zhiwu Han;Xuehong Chen;Mei Han;Mingquan Gao,,Research Article;,6/13/2020 0:00,10.1111/cas.14487,32533760.0,3/25/2018 0:00,10.1111/cas.13575,29575334.0,Retraction,Duplication of Data;Duplication of/in Image;Investigation by Third Party;Paper Mill;,No,https://scienceintegritydigest.com/2020/02/21/the-tadpole-paper-mill/,,"Colorectal cancer ( CRC ) accounts for over 600 000 deaths annually worldwide. The current study aims to evaluate the value of proto‐oncogene PIM 1 as a therapeutic target in CRC and investigate the anticancer activity of hispidulin, a naturally occurring phenolic flavonoid compound, against CRC . Immunohistochemistry analysis showed that PIM 1 was upregulated in CRC tissue. The role of PIM 1 as an oncogene was evidenced by the fact that PIM 1 knockdown inhibits cell growth, induces apoptosis, and suppresses invasion. Our results showed that hispidulin exerts antitumor activity in CRC through inhibiting the expression of PIM 1 . Moreover, our findings revealed that hispidulin downregulated the expression of PIM 1 by inhibiting JAK 2/ STAT 3 signaling by generating reactive oxygen species. Furthermore, our in vivo studies showed that hispidulin can significantly inhibit tumor growth and metastasis in CRC . Collectively, our results provide an experimental basis for trialing hispidulin in CRC treatment. PIM 1 can be considered a potential therapeutic target in CRC .",ok,Retraction,crossref,[],False,True,YES
