"Fingerprint - Tortured Phrase","Expected Text","Nb Retrieved Papers"
"""surface region"" AND ""surface area""","surface area","46,990"
"""loss characteristic""","loss function","45,294"
"""grouping methods""","classification methods","33,725"
"""component extraction""","feature extraction","26,939"
"""information mining""","data mining","24,530"
"""malignant growth"" AND ""cancer""","cancer","22,527"
"""neural organization""","neural network","16,753"
"""bosom"" AND ""breast""","breast","14,650"
"""test arrangement""","test set","13,682"
"""feedback processing""","back propagation (BP)","13,210"
"""cadence design""","rythm pattern (?)","11,698"
"""brain organization"" AND ""neural network""","neural network","11,217"
"""business knowledge"" AND business intelligence","business intelligence (BI)","10,974"
"""image acknowledgment""","image recognition","10,973"
"""professional system""","expert system","10,514"
"""estimation coefficient""","approximation coefficient","9,969"
"""degree of displacement""","shift","9,486"
"""picture recognition""","image recognition","9,327"
"""limited rationality""","bounded rationality","9,215"
"""non straight""","nonlinear","9,035"
"""into the combination""","into (reaction) mixture","8,857"
"""huge information""","big data","8,655"
"""information foci""","data points","8,613"
"""illness conclusion""","disease diagnosis","8,278"
"""include choice""","feature selection","8,022"
"""outcomes likewise""","results similarity","7,569"
"""speculative design""","predicted structure","7,511"
"""layer yields"" AND ""neural network""","[neural network] layer outputs","7,123"
"""image acknowledgement""","image recognition","7,110"
"""magnetic cell separation"" NOT ""with MACS""","Magnetic-activated cell sorting (MACS)","6,429"
"""gatherings clustering""~10","clustering","6,382"
"""watchword"" AND ""keyword""","keyword","6,329"
"""atomic composition"" AND ""molecular structure""","molecular structure","6,292"
"""efficacious approach"" AND ""effective""","effective approach","6,284"
"""transfer sensor""","relay sensor","6,239"
"""selection making""","decision making","6,228"
"""K-closest neighbors""","K-nearest neighbors","6,197"
"""discourse knowledge""","speech data","6,173"
"""vital determinant""","significant predictor","6,167"
"""sound just""","audio-only","6,162"
"""creation innovations""","production technologies","6,108"
"""combined learning""","federated learning","6,025"
"""in the presence of N2""","under nitrogen","5,718"
"""data gain""","Information Gain (IG)","5,552"
"""market rivalry""","market competition","5,524"
"""discourse data""","speech data","5,513"
"""example acknowledgment""","pattern recognition","5,405"
"""feature choice""","feature selection","5,241"
"""objective language""","target language","5,214"
"""corvus corone"" NOT ""corvus corone module for a secured two way""","Crow search algorithm ?","5,207"
"""characteristic extraction"" AND ""feature extraction""","feature extraction","5,164"
"""device learning"" AND ""machine learning""","machine learning","5,007"
"""information picture""","input image","4,737"
"""profound learning"" AND ""deep learning""","deep learning","4,716"
"""resistant reaction""","immune reaction","4,708"
"""preparation information""","training data","4,636"
"""section transitions""","phase transitions","4,577"
"""message-just""","text-only","4,500"
"""wise structure""","intelligent system","4,491"
"""facial expression processing""","facial expression recognition (FER)","4,385"
"""energy effectiveness"" AND ""energy efficiency""","energy efficiency","4,381"
"""machine knowledge""","machine learning (in this context)","4,143"
"""supply chain control""","supply chain management (SCM)","4,120"
"""recognizable proof""","identification","3,968"
"""AI calculation""","machine learning algorithm","3,804"
"""heart ailments""","heart disease","3,781"
"""liver ailments""","liver disease","3,734"
"""test technique"" AND ""analysis method""","Analysis Method","3,612"
"""discourse highlights""","acoustic features","3,609"
"""distinguishing proof""","identification","3,482"
"""limited motivation""","finite impulse response","3,470"
"""surface highlights"" NOT specular","surface features","3,445"
"""machine interpretation""","machine translation","3,368"
"""google researcher""","Google Scholar","3,335"
"""cyclic neural network""","recurrent neural network","3,285"
"""preparation set""","training set","3,268"
"""programmed learning""","machine learning","3,177"
"""monetary development""","economic development/profit growth","3,171"
"""exactness accuracy""~5","accuracy","3,143"
"""preparing information""","training data","3,136"
"""DDoS assault""","Distributed denial-of-service (DDoS) attack","3,129"
"""Fourier transmission infrared""","Fourier transform infrared (FTIR)","3,066"
"""heat move""","heat transfer","3,046"
"""concealed layer""","hidden layer","3,025"
"""crown epidemic""","corona epidemic","3,014"
"""chief parts""","principal components","2,971"
"""recurrence range""","frequency range","2,959"
"""consideration system""","attention mechanism","2,940"
"""assignment rate""","class balance","2,910"
"""bunch size""","batch size","2,817"
"""genuine positive"" AND ""true positive""","true positive","2,790"
"""informational index""","dataset","2,786"
"""substantial metals""","heavy metals","2,698"
"""highlight extraction"" NOT specular","feature extraction","2,695"
"""education data"" AND ""training data""","training data","2,690"
"""areas and capacities""","domains and functions","2,672"
"""protein work"" AND ""protein function""","protein function","2,606"
"""abnormality identification""","anomaly detection","2,602"
"""info information""","input data","2,599"
"""include descriptor""","feature descriptor","2,587"
"""auxiliary design""","secondary structure","2,535"
"""heat movement""","heat transfer","2,505"
"""actual properties"" AND ""physical properties""","physical properties","2,493"
"""driving reason""","leading cause","2,434"
"""informational collection""","dataset","2,427"
"""cyber assault""","cyber attack","2,409"
"""speaker display""","speaker model","2,377"
"""hazard ratio (RR)""","relative risk (please note that the HR does exist)","2,349"
"""new crown"" AND coronavirus","new coronavirus","2,299"
"""PC vision""","computer vision","2,279"
"""ruinous"" AND ""acid""","acid","2,264"
"""utility lattice""","utility grid","2,240"
"""electrical gadget""","electronic device","2,234"
"""named information""","labeled data","2,232"
"""activation work""","activation function","2,200"
"""as pursues""","as follows","2,178"
"""reactive blend""","reaction mixture","2,176"
"""traffic design"" AND ""network""","traffic pattern","2,168"
"""delicate information""","sensitive information","2,146"
"""crude information""","raw data","2,136"
"""project memory""","system memory","2,125"
"""data and innovation""","\""information technology (IT)\""","2,113"
"""DoS assault""","denial-of-service (DoS) attack","2,086"
"""choice tree""","decision tree","2,025"
"""network safety"" AND ""network security""","network security","2,004"
"""neural associations""","neural networks","1,995"
"""creepy crawlies""","insect","1,992"
"""vital predictor""","significant predictor","1,980"
"""disappearing gradient problem""~5","vanishing gradient problem","1,974"
"""concealed state""","hidden state (in HMM)","1,951"
"""neuron yield""","neuron output","1,945"
"""kidney ailments""","kidney disease","1,939"
"""covered layer""","hidden layer","1,936"
"""preparation dataset""","training dataset","1,930"
"""kinematic consistency""","kinematic constant","1,908"
"""pre-handling""","preprocessing","1,881"
"""wavelet change""","wavelet transform","1,872"
"""face acknowledgment""","face recognition","1,857"
"""directed learning"" AND ""supervised learning""","supervised (machine) learning","1,796"
"""eye ailments""","eye disease","1,760"
"""net of things""","internet of things (IoT)","1,753"
"""recommender framework""","recommender system","1,745"
"""air fine""","air quality","1,742"
"""rigid portions""","crosslinking reagent (?)","1,729"
"""dimensionality decrease""","dimensionality reduction","1,719"
"""Navier-Stocks""","Navier-Stokes","1,711"
"""continuous neural network""","recurrent neural network","1,710"
"""binary grouping""","binary classification","1,693"
"""actually occur"" AND ""true positive""","true positive","1,671"
"""oblivious blind""~20","blind (visually impaired)","1,669"
"""image determination""","image resolution","1,636"
"""informative indexes""","datasets","1,631"
"""confrontation network""","adversarial network","1,611"
"""regulated learning"" AND ""supervised learning""","supervised learning","1,604"
"""data technology (IT)""","information technology","1,578"
"""oral tract""","vocal tract","1,566"
"""administered ML""","supervised machine learning","1,543"
"""discourse samples""","speech samples","1,536"
"""video acknowledgment""","video recognition","1,498"
"""education information"" AND ""training data""","training data","1,496"
"""pollution heaven""","pollution haven","1,489"
"""graphical portrayal""","graphical representation","1,486"
"""acquired qualities""","obtained values","1,485"
"""information estimating""","data monitoring","1,483"
"""preparation stage"" AND ""training stage""","training stage","1,468"
"""vitality utilization""","energy use","1,458"
"""observational examination""","observational study","1,421"
"""graphical investigation""","graphical analysis","1,421"
"""limit layer""","boundary layer","1,410"
"""fake bad""","false negative","1,406"
"""deep studying""","deep learning (DL)","1,403"
"""sound individuals""","healthy individuals","1,394"
"""Euclidean separation""","Euclidean distance","1,393"
"""antagonistic discourse""","hate speech","1,385"
"""protein spaces"" AND “protein domains""","entries describing protein domains","1,384"
"""point birth""","feature extraction","1,367"
"""rigid approaches""","fixed methods","1,365"
"""high-exactness""","high-resolution","1,359"
"""function extraction"" AND ""feature extraction""","feature extraction","1,357"
"""positive societies""","positive cultures","1,345"
"""quintile regression""","quantile regression","1,343"
"""as takes after""","as follows","1,331"
"""picture order""","image classification","1,331"
"""universal exchange""","global trade","1,327"
"""independent learning"" AND ""unsupervised learning""","unsupervised learning","1,303"
"""neural community"" AND ""neural network""","neural network","1,302"
"""fitness statistics""","health data","1,291"
"""coronary illness""","coronary artery disease","1,284"
"""picture division""","image segmentation","1,266"
"""transformer version"" AND ""model""","transformer model","1,264"
"""device studying""","machine learning (ML)","1,263"
"""nature of administration""","quality of service (QoS)","1,255"
"""shared data"" AND ""mutual information""","Mutual Information (MI)","1,247"
"""pre-preparing""","preprocessing","1,238"
"""abnormality recognition""","anomaly detection","1,219"
"""example arrangement""","pattern recognition","1,208"
"""noteworthy connection""","significant relationship","1,208"
"""simulated intelligence""","artificial intelligence","1,206"
"""man in the center""","man-in-the middle (attack)","1,206"
"""prophetic model""","predictive model","1,197"
"""component map"" AND ""CNN""","feature map","1,196"
"""Environmentally friendly power source""","renewable energy source (RES)","1,176"
"""computerized reasoning""","artificial intelligence","1,175"
"""face acknowledgement""","face recognition","1,175"
"""characterization relapse""~5","classification and regression","1,168"
"""malignancy finding""","tumor detection","1,148"
"""study database"" AND ""training dataset""","training dataset","1,147"
"""watch word""","key word","1,127"
"""jungle fever""","malaria","1,120"
"""region under the curve""","area under the curve (AUC)","1,119"
"""secret layer""","hidden layer","1,104"
"""resistant framework""","immune system","1,100"
"""text arrangement""","text classification","1,095"
"""optical stream""","optical flow","1,089"
"""deep mastering""","deep learning (DL)","1,084"
"""whitening equation""","bleaching kinetic","1,069"
"""Fourier change""","Fourier transform","1,060"
"""computer-based intelligence""","artificial intelligence (or possibly \""machine learning\"")","1,055"
"""recurring neural network""","recurrent neural network","1,051"
"""phishing assault""","phishing attack","1,046"
"""supply route"" AND artery","artery","1,043"
"""coronary conduit""","coronary artery","1,039"
"""machine learning calculations"" AND ""machine learning algorithms""","machine learning algorithms","1,033"
"""carbon discharge"" AND ""carbon emission""","carbon emission","1,031"
"""natural corruption""","environmental degradation","1,030"
"""content arrangement"" AND ""classification""","content classification","1,026"
"""picture preparing""","image processing","1,022"
"""voice highlights""","acoustic features","1,017"
"""discourse signal""","speech signal","1,016"
"""tremendous data"" AND ""big data""","big data","1,013"
"""backward probability"" NOT ""Markov""","posterior probability","1,007"
"""receiving wire""","antenna","1,003"
"""discourse acknowledgment""","voice recognition","1,000"
"""buried layer"" AND ""hidden layer""","hidden layer","998"
"""area unit"" AND ""square measure""","The word ‘are’ as in the conjugated verb ‘be’, see https://pubpeer.com/publications/57C388D664E1F25E918F2D2CE623D5#2","991"
"""completely created""","fully developed","990"
"""vigorous vitality""","robust growth","983"
"""pre-prepared"" AND ""pre-trained""","pre-trained","974"
"""persistent speech""","continuous speech","968"
"""acknowledgment framework""","recognition system","967"
"""down-examining""","downsampling","966"
"""profound layers""","deep layers","966"
"""information stockpiling""","data storage","954"
"""intermediate commodities""","intermediate goods","954"
"""elderly folks""","older adults","950"
"""conditional design""","predicted structure","950"
"""kicked the bucket""","died","946"
"""convolutional neural system""","convolutional neural network (CNN)","945"
"""big information"" AND ""big data""","big data","943"
"""nanofluid stream""","nanofluid flow","942"
"""yield layer"" AND neural","output layer","938"
"""colossal data"" AND ""big data""","big data","937"
"""get right of entry to""","access","937"
"""inadequate change""","sparse transformation","934"
"""approval dataset""","validation dataset","932"
"""carbon dioxide discharge""","carbon dioxide emission","930"
"""protein crown""","protein corona","921"
"""NP-difficult""","NP-hard","918"
"""energy proficiency""","energy efficiency","913"
"""ecological alteration"" AND ""climate change""","climate change","910"
"""power-law change""","power-law transformation","909"
"""attractive separation""","Magnetic separation","905"
"""hereditary calculation""","genetic algorithm","897"
"""balance operator""","Stabilizing agent","896"
"""prescient model""","predictive model","895"
"""Denial of Service assault""","Denial of Service (DoS) attack","893"
"""emotion acknowledgment""","emotion recognition","892"
"""design acknowledgment"" AND ""pattern recognition""","pattern recognition","889"
"""reliant variable""","dependent variable","888"
"""rate focuses""","percentage points","885"
"""energy ingestion""","energy consumption","882"
"""patient gathering""","patient group","880"
"""windedness""","cough","873"
"""smart coordination""","intelligent logistics","871"
"""deep gaining knowledge""","deep learning","871"
"""fow cytometry""","Flow Cytometric Analysis","871"
"""imaginative and prescient""","vision","864"
"""digital danger""","cyber threat","861"
"""deep getting to know""","deep learning","859"
"""PC assisted""","Computer aided (e.g. CAD)","859"
"""thimbleful""","teaspoonful (sometimes in patient consent forms)","859"
"""help vectors"" AND ""support vectors""","support vectors (in SVM)","855"
"""cross-approval""","cross-validation","853"
"""choice boundary""","decision boundary","851"
"""discourse acknowledgement""","voice recognition","851"
"""brilliant"" AND ""keen"" AND ""savvy"" AND ""shrewd""","smart (devices)","851"
"""exact examination""","accurate analysis","848"
"""CO2 emanation""","CO2 emission","848"
"""bogus news"" AND ""fake news""","fake news","842"
"""genuine negative"" AND ""true negative""","true negative","841"
"""green item"" AND ""green product""","green product","825"
"""actuation capacities""","activation functions","821"
"""poisonous impacts""","toxic effects","821"
"""enhancement calculation"" AND optimiz*","optimization algorithm","818"
"""conveyance framework""","delivery strategy/system","816"
"""intrusive strategy""","invasive method","816"
"""counterfeit news""","fake news","808"
"""schooling information""","training data","808"
"""preparing design""","training sample","803"
"""lengthy-term"" AND ""long-term""","long-term","797"
"""misleading negative""","False Negative (FN)","796"
"""preparing dataset"" AND ""training dataset""","training dataset","793"
"""result layer"" AND ""output layer""","output layer (in a neural network)","790"
"""working framework"" AND ""operating system""","operating system","789"
"""help vector machine""","support vector machine (SVM)","789"
"""slope drop"" AND ""gradient""","gradient descent","781"
"""issue acknowledgment"" AND ""fault""","fault analysis/diagnosis","780"
"""selection tree"" AND ""decision tree""","decision tree","774"
"""bunching clustering""~20","clustering","774"
"""Alzheimer's illness""","Alzheimer's disease","774"
"""customary strategies""","conventional methods","768"
"""design anticipated""","predicted structure","767"
"""the taking after""","the following","764"
"""fundamental metals""","essential metals","761"
"""convolutionary neural networks""","convolutional neural networks","760"
"""troublesome procedure""","difficult/laborious procedure","759"
"""plant ailments""","plant disease","758"
"""thick woods"" AND ""learning""","dense forest","756"
"""factual examination""","statistical analysis","755"
"""boosting converter""","voltage buck-boost converter","754"
"""market effectiveness"" AND ""market efficiency""","market efficiency","745"
"""mind waves""","brain waves","739"
"""preparing set""","training set","738"
"""optimistic impact""","positive effect","738"
"""machine gaining""","machine learning","734"
"""completely associated layer""","fully connected layer (neural network)","733"
"""china national knowledge internet (CNKI)""","china national knowledge infrastructure","732"
"""arrangement calculation""","classification algorithm (?)","730"
"""initiation work""","activation function","728"
"""profound education""","deep learning","727"
"""coronary course""","coronary artery","723"
"""radio wire"" AND ""antenna""","antenna","723"
"""profound model""","deep model","722"
"""gadget learning""","machine learning","721"
"""middle filter""","median filter","715"
"""stop-customers""","end-users","713"
"""image fragmentation""","image segmentation","707"
"""transformative climate adaptation""","???","706"
"""Web of Things (IoT)""","Internet of Things (IoT)","697"
"""device mastering""","machine learning","693"
"""actuation work""","activation function","690"
"""super vector machine""","support vector machine (SVM)","685"
"""Parkinson's illness""","Parkinson's disease","685"
"""acknowledgment rate""","detection rate (DR)","680"
"""man-made intelligence""","artificial intelligence","680"
"""precious stones crystals""~10","crystals","676"
"""disposition issues""","mood disorders","674"
"""man-made brainpower""","artificial intelligence","674"
"""smart agreement""","smart contract","672"
"""force lattice""","power grid","669"
"""digital assault""","cyber attack","667"
"""getting to know algorithm""","learning algorithm","665"
"""man-made consciousness""","artificial intelligence","665"
"""warm properties""","thermal properties","665"
"""machine insight""","Machine Learning (ML)","664"
"""steering convention""","routing protocol","658"
"""machine literacy"" AND ""machine learning""","machine learning","657"
"""cooling framework""","cooling system","655"
"""vitality source""","energy source","655"
"""ReLU perform""","ReLU function","654"
"""administered learning""","supervised learning","653"
"""versatile hub""","mobile node","652"
"""measurable learning"" AND ""deep learning""","deep learning","650"
"""directing convention""","routing protocol","649"
"""repetitive layers""","recurrent layers","648"
"""calculated relapse""","logistic regression","648"
"""adeptly employed""","successfully employed","647"
"""malware assault""","malware attack","644"
"""cloud worker""","cloud server","644"
"""man-made reasoning""","artificial intelligence","642"
"""economical nature"" AND ""low cost""","low cost","640"
"""social detachment"" AND COVID","social distancing","640"
"""voice acknowledgment""","voice recognition","638"
"""hyperspectral picture""","hyperspectral image (HSI)","632"
"""machine studying"" AND ""machine learning""","machine learning","632"
"""lipid-based transporters""","lipid-based carriers","631"
"""time rot""","time decay","631"
"""gathering of patients""","patient group","622"
"""system mastering"" AND ""machine learning""","machine learning","621"
"""subtle element"" AND ""trace""","trace element","616"
"""feeling identification""","emotion identification","615"
"""info picture""","input image","610"
"""Kalman channel""","Kalman filter","610"
"""unique mark"" AND ""fingerprint""","fingerprint","602"
"""DNA harm""","DNA damage","601"
"""direct relapse""","linear regression","600"
"""discourse signs""","speech signal","599"
"""board information"" AND ""panel data""","panel data","598"
"""short blast""","explosion","592"
"""radio recurrence""","radio frequency","592"
"""exploratory outcomes"" AND ""experimental results""","experimental results","590"
"""machine getting to know""","machine learning","584"
"""solo learning""","unsupervised (machine) learning","580"
"""system getting to know""","machine learning","578"
"""credibility hypothesis""","probability theory","577"
"""Gabor channel""","Gabor filter","576"
"""cutting edge sequencing""","NGS (Next-Generation Sequencing)","574"
"""minute pictures""","microscopic images","572"
"""device getting to know""","machine learning","568"
"""blood clusters""","blood clots","568"
"""gadget studying""","machine learning","564"
"""brilliant detecting""","smart sensing","564"
"""gigantic data"" AND ""big data""","big data","563"
"""machine gaining knowledge""","machine learning","563"
"""information the executive""","information management","563"
"""medication conveyance""","drug delivery","562"
"""gadget mastering""","machine learning","561"
"""anticipated construction""","predicted structure","561"
"""Undefined material""","amorphous material","559"
"""issue acknowledgement"" AND ""fault""","fault analysis/diagnosis","557"
"""absolutely linked""","fully connected (FC)","554"
"""Herbal Language""","Natural Language","553"
"""stage pay""","phase compensation","552"
"""factual qualities""","statistical values","550"
"""fake neural""","artificial neural (network)","549"
"""breeze energy""","wind energy","548"
"""person delight""","user satisfaction","543"
"""blunder rate""","error rate","543"
"""highlight vector""","feature vector","543"
"""greenhouse gas discharges""","greenhouse gas emissions","541"
"""pixel esteems""","pixel values","540"
"""mystery key"" AND ""encryption""","secret key (cryptography)","539"
"""Associate in Nursing"" AND ""area unit""","paraphrased versions of the words ‘an’ and ‘are’ (see https://pubpeer.com/publications/38119B560544003CFD49520629BEEC)","536"
"""recurrence area"" AND ""signal""","frequency domain","535"
"""cancer grouping""","cancer classification","534"
"""programming dialect""","programming language","534"
"""straight relapse""","linear regression","529"
"""environmental dilapidation""","environmental degradation","526"
"""counterfeit neural""","artificial neural (network)","526"
"""system gaining knowledge of""","machine learning","525"
"""feeling recognition""","emotion recognition","521"
"""reusable energy"" AND ""renewable energy""","renewable energy","521"
"""synthetic intelligence (AI)""","artificial intelligence (AI)","519"
"""Fourier transfer infrared (FT-IR)""","Fourier transform infrared (FT-IR)","516"
"""nitrogen climate""","nitrogen atmosphere","515"
"""PV board""","PV panel","514"
"""assault model""","attack model","513"
"""hyperspectral snapshots""","hyperspectral images","512"
"""characteristic channel"" AND ""feature channel""","feature channel","509"
"""heart sickness""","heart disease","508"
"""increased commerce"" AND ""trade""","increased trade","507"
"""machine-gaining knowledge of""","machine learning","507"
"""limit esteem""","threshold value","506"
"""design acknowledgement"" AND ""pattern recognition""","pattern recognition","506"
"""excretion of CO2""","emission of CO2","504"
"""direct blend""","linear combination","503"
"""squares blockchain""~5","blocks","499"
"""multi way model""","multi-path model","497"
"""steering table"" AND network","routing table","496"
"""shading space""","color space","495"
"""aspect computing""","edge computing","493"
"""gadget gaining knowledge""","Machine Learning (ML)","489"
"""grouping relapse""~5","classification and regression","486"
"""photo segmentation""","image segmentation","486"
"""gadget getting to know""","machine learning","485"
"""strategic relapse""","logistic regression","484"
"""false error rate""","error rate","484"
"""repetitive neural network""","recurrent neural networks (RNN)","484"
"""accuracy and review""","precision and recall","484"
"""motivation reaction""","impulse response","482"
"""vitality productivity""","energy efficiency","481"
"""computer-generated reality""","virtual reality (VR)","480"
"""digital forms of money""","cryptocurrencies","480"
"""replay assault""","replay attack","479"
"""indispensable organs""","vital organs","479"
"""internet learning"" AND ""Machine learning""","Machine learning","475"
"""touchy information""","sensitive data","473"
"""human blunder""","human error","473"
"""deep literacy"" AND ""deep learning""","deep learning","473"
"""records mining"" AND ""data mining""","data mining","472"
"""genome altering""","genome editing","472"
"""dispersed age""","distributed generation","471"
"""expanded rate""","increased rate","470"
"""herbal language processing""","natural language processing (NLP)","469"
"""bouncy force""","buoyancy force","466"
"""unseen layer""","hidden layer","462"
"""picture recovery""","image retrieval","461"
"""explainability assessment""","explanation computation?","460"
"""randomized controlled preliminary"" NOT ""randomized controlled preliminary trial""","Randomized control trial (RCT)","460"
"""progress metal""","transition metal","459"
"""warm conductivity""","heat conductivity","459"
"""convolutional neural organization""","convolutional neural network","457"
"""ozone harming substance""","ozone-depleting substance","457"
"""bolster vector""","support vector (in SVM)","456"
"""populace development""","population growth","455"
"""edge esteem""","threshold value","455"
"""constrained Boltzmann Machines""","restricted Boltzmann Machines (RBM)","454"
"""botnet assault""","botnet attack","453"
"""maximum variance cluster""","???","452"
"""128 pieces""","128 bits","452"
"""critical worth""","significance value","452"
"""assault information""","attack data","449"
"""sign to noise""","signal to noise","448"
"""profound convolutional""","deep convolutional (neural network)","447"
"""fluffy rationale""","fuzzy logic","443"
"""nuisance estimates""","nuisance parameters","441"
"""enactment work""","validation function","439"
"""discourse record""","speech transcription","435"
"""perception vector""","observation vector","435"
"""vaticination"" AND ""algorithm""","prediction","433"
"""exactness rate""","accuracy rate","433"
"""weight esteem""","weight value","432"
"""quality regulation"" AND ""gene regulation""","gene regulation","430"
"""recurrence space""","frequency domain","429"
"""community security"" AND ""network security""","network security","429"
"""net of factors""","Internet of Things (IoT)","428"
"""navies bayes""","Naïve Bayes","428"
"""measurable investigation""","Statistical analysis","428"
"""dialect model""","language model","426"
"""equal calculation""","parallel computing","426"
"""picture grouping""","image classification","425"
"""attractive reverberation""","magnetic resonance","425"
"""strategy recurrence""","logistic regression","425"
"""storage gadget""","Multi-Agent gadget","424"
"""limited Boltzmann machine""","Restricted Boltzmann Machine (RBM)","423"
"""info layer""","input layer","421"
"""information collection procedure""","data collection process","420"
"""molecule swarm""","particule swarm","420"
"""creature models""","animal models","420"
"""interruption discovery""","intrusion detection","419"
"""environmentally conscious method""","???","417"
"""end-to-stop""","end-to-end","417"
"""reset door""","reset gate (a part of GRU)","415"
"""transient"" AND ""enduring state""","steady state","414"
"""material predictor""","significant predictor","413"
"""shading pictures""","color images","413"
"""intensity and vulnerability""","strengths and weaknesses?","412"
"""consideration instrument""","attention mechanism","412"
"""carbon emanation""","carbon emission","410"
"""delicate data"" AND ""sensitive data""","sensitive data","408"
"""angle plunge""","gradient descent","408"
"""division perspectives""","segmentation views","408"
"""genuine positive rate""","true positive rate (TPR)","407"
"""fake knowledge""","artificial intelligence","407"
"""genetic calculation"" AND ""genetic algorithm""","genetic algorithm","407"
"""delicate information"" AND ""sensitive data""","sensitive data","407"
"""information digging""","data mining","405"
"""traffic designs"" AND ""traffic patterns""","[network] traffic patterns","404"
"""compound designing""","chemical engineering","404"
"""populace size""","population size","398"
"""reaction pace"" AND ""rate""","response rate","398"
"""reverberation frequency""","resonance frequency","397"
"""executive framework"" AND ""management system""","management system","396"
"""convolutional brain organization""","convolutional neural network (CNN)","395"
"""GHG discharge""","GHG emission","394"
"""transfer studying""","transfer learning","394"
"""factor inquiry""","factor analysis (FA)","393"
"""p esteem""","p value","392"
"""yield pictures""","output images","392"
"""remote detecting"" AND ""remote sensing""","remote sensing","391"
"""time collection analysis""","time series analysis","390"
"""speech intelligence""","speech intelligibility (?)","390"
"""discovery calculation""","detection algorithm","389"
"""voice acknowledgement""","voice recognition","386"
"""Transform woods""","random forest (RF)","385"
"""vital success factor""","critical success factor (CSF)","382"
"""thyroid lump""","thyroid gland","382"
"""ion-adsorbed rare earths""","ion-adsorption rare earths","380"
"""Walk 2020""","March 2020","379"
"""interruption recognition""","intrusion detection","379"
"""administrative successions""","regulatory sequences","378"
"""adjustment time"" AND ""setup time""","setup time","378"
"""identification and arrangement""","identification and classification","376"
"""coasting point""","Floating point","373"
"""thick scattering"" AND ""heat""","viscous dissipation","373"
"""green money"" AND ""green finance""","green finance","372"
"""unique finger impression""","fingerprint","371"
"""activation ability"" AND ""activation function""","activation function","371"
"""Sybil assault""","Sybil attack","371"
"""electrical vitality""","electrical energy","370"
"""scopes of distance""","???","368"
"""collection to collection""","Seq2Seq","368"
"""preparation arrangement""","training set","367"
"""incorporated circuits""","integrated circuits","367"
"""thermogravimetric examination""","thermogravimetric analysis (TGA)","367"
"""concealed node""","hidden node","367"
"""real positive rate""","true positive rate","366"
"""shrouded layer""","hidden layer","365"
"""bolster vector machine""","support vector machine (SVM)","364"
"""picture dealing with""","image processing (?)","363"
"""back spread"" AND neural","back propagation","362"
"""eliminates adversarial perturbation""","???","361"
"""reliant factors""","dependent variables","360"
"""cost operative"" AND ""cost effective""","cost effective","359"
"""result door""","output gate (a part of LSTM)","358"
"""regenerative system"" AND ""reproductive""","reproductive system","357"
"""cross sectional reliance""","Cross-sectional dependence","356"
"""federated-convolutional-neural-network""","Distributed Convolutional Neural Network","355"
"""dispersion lattice""","confusion matrix","354"
"""measurable technique""","statistical method","354"
"""message grouping""","text classification","353"
"""ROC bend""","ROC curve","349"
"""facial acknowledgment""","face recognition","349"
"""total national production"" AND ""GDP""","gross domestic product","347"
"""feeling acknowledgment""","emotion recognition","346"
"""laptop vision""","computer vision","345"
"""back proliferation""","back-propagation","344"
"""ethnic gatherings""","ethnic groups","343"
"""mind tumor""","brain tumor","342"
"""misfortune work""","loss function","341"
"""discourse recognition""","speech recognition","340"
"""backing vector""","support vector (in SVM)","340"
"""vanishing slope gradient""~10","vanishing gradient","340"
"""gesture acknowledgment""","gesture recognition","338"
"""meta examination""","meta analysis","338"
"""indagation""","investigation","337"
"""framework breakdown""","Framework Collapse","336"
"""man-in-the-middle assault""","man-in-the-middle attack (MITM)","336"
"""CNN engineering""","CNN architecture","336"
"""naive bias"" AND ""naïve Bayes""","naïve Bayes","334"
"""social impact UTAUT""~10","social influence, see https://en.wikipedia.org/wiki/Unified_theory_of_acceptance_and_use_of_technology","333"
"""element determination"" AND ""feature selection""","feature selection","332"
"""exchange learning"" AND ""transfer learning""","transfer learning","332"
"""wi fi sensor network""","wireless sensor network (WSN)","331"
"""repetitive organization""","recurrent network","330"
"""sound highlight""","sound feature","330"
"""facial highlights""","facial features","329"
"""energy ingesting""","energy consumption","326"
"""element space"" AND ""feature space""","feature space","325"
"""district of the body""","part of the body","325"
"""installed framework""","embedded system","325"
"""specially appointed system""","ad hoc network","325"
"""enthusiastic state""","emotional state","324"
"""extricating highlights""~20 NOT specular","extracting [...] features","323"
"""central composite rotary design""","central composite rotatable design (CCRD)","323"
"""overwhelming metals""","heavy metals","323"
"""surface harshness""","surface roughness","322"
"""infections forecast""","disease prediction","322"
"""recurrence band""","frequency band","321"
"""savvy city""","smart city","319"
"""bosom disease""","breast cancer","317"
"""school education data""","training data","316"
"""way reliance""","path dependence","316"
"""highlight map"" AND ""CNN""","feature map","316"
"""automatic number plate detection""","Automatic Number Plate Recognition (ANPR)","314"
"""bracket techniques""","classification methods","314"
"""cloud registering""","cloud computing","314"
"""bosom malignant""","breast cancer","313"
"""Fluka Kamica""","Fluka Chemica","313"
"""fuzzy rationale""","fuzzy logic","312"
"""most crowded"" AND ""most populated""","most populated","312"
"""savvy home""","smart home","312"
"""injection assault""","injection attack","311"
"""pre-prepared model""","pre-trained model","311"
"""getting to know model""","learning model","311"
"""particle trade""","ion exchange","310"
"""info and yield""","input and output","309"
"""statistics retrieval""","information retrieval","309"
"""restricting site""","binding site","309"
"""amino corrosive""","amino acid","308"
"""registering asset""","computing resources","307"
"""an expanding pattern""","an increased trend","307"
"""blossom extract""","flower extract","306"
"""warm radiation""","heat radiation","306"
"""programming bundle""","software package","306"
"""sexual introduction""","sexual orientation","305"
"""discourse tests""","speech samples","304"
"""preparing pictures""","training images","304"
"""genuine positive TP""~5","true positive","304"
"""brilliant home""","smart home","303"
"""irregularity identification""","anomaly detection","303"
"""part-of-speech labeling""","part-of-speech tagging","302"
"""expanded reality"" AND ""AR""","augmented reality","301"
"""vitality effective""","energy efficient","299"
"""rule of thump""","rule of thumb","299"
"""cardiovascular wellbeing""","cardiovascular health","298"
"""dispersion system"" AND ""supply chain""","supply chain","297"
"""structural pitch""","structure, structural features","297"
"""monetary misfortunes""","financial damages","296"
"""query table"" AND ""lookup table""","lookup table","295"
"""backing vector machine""","support vector machine (SVM)","295"
"""automated thinking""","machine learning (ML)","295"
"""profound neural networks""","deep neural network (DNN)","295"
"""expanded reality"" AND ""augmented reality""","augmented reality","294"
"""profound CNN""","deep CNN (neural network)","293"
"""speech acknowledgment"" AND ""speech recognition""","speech recognition","293"
"""parcel's edge""","separations margin","293"
"""principal element analysis""","Principal Component Analysis (PCA)","291"
"""high-goal"" AND ""high-resolution""","high-resolution","291"
"""cardiovascular breakdown""","heart failure","291"
"""reconnaissance framework""","surveillance system","290"
"""information distribution center""","data warehouse","290"
"""beginning boundaries""","initial parameters","289"
"""weighty metals""","heavy metals","288"
"""256 pieces""","256 bits","288"
"""sign decay"" AND signal","signal decomposition","288"
"""dirt impurities""","soil pollutants","288"
"""renewable vitality""","renewable energy","287"
"""flag classification""","signal classification","286"
"""number juggling""","arithmetic","286"
"""attractive reverberation imaging""","magnetic resonance imaging (MRI)","286"
"""neural arrange""","neural network","284"
"""square mistake""","(mean) squared error","282"
"""interruption location"" AND ""intrusion detection""","intrusion detection","281"
"""irregular timberland""","random forest","281"
"""inserted framework""","embedded system","281"
"""joint picture expert group""","Joint Photographic Experts Group (JPEG)","281"
"""machine education"" AND ""machine learning""","machine learning","280"
"""measurably critical""","statistically significant","279"
"""component guide"" AND ""CNN""","feature map","279"
"""neural organize""","neural network","278"
"""learning bend""","learning curve","278"
"""emotional translations""","???","278"
"""random woodland""","random forest","278"
"""assault vector""","attack vector","277"
"""component choice"" AND ""feature selection""","feature selection","277"
"""biological assault""","biological attack","277"
"""ancient rarities""","artifacts","276"
"""unaided learning""","unsupervised learning","276"
"""categorization designs""","classification algorithms","275"
"""stop-to-end""","end-to-end","274"
"""choice emotionally supportive""","Decision Support Systems","273"
"""dielectric consistent""","dielectric constant","273"
"""loads and inclinations""","[neural network] weights and biases","273"
"""increased reality"" AND ""3D""","augmented reality","271"
"""grouping calculation"" AND ""clustering algorithm""","clustering algorithm","271"
"""proof of idea""","proof of concept","270"
"""preparing database""","training dataset","270"
"""recalcitrant organic dyes""","difficult to remove","270"
"""acknowledgement of feeling""","emotion recognition","269"
"""bunching strategies""","clustering methods","269"
"""highlight designing""","???","269"
"""choice emotionally supportive network""","decision support system","268"
"""enrolment proportion""","allocation ratio","268"
"""preparation image"" AND ""training image""","training image","267"
"""solar board""","solar panel","265"
"""acknowledgment of feeling""","emotion recognition","264"
"""irresistible infections""","contagious/transmissible diseases","264"
"""genuine negative TN""~5","true negative","263"
"""arrangement precision""","classification accuracy","262"
"""m-wellbeing""","m-health","262"
"""regular language handling""","natural language processing","262"
"""MitM assault""","MitM attack","261"
"""component determination"" AND ""feature selection""","feature selection","260"
"""records arrangement""","data classification","260"
"""data and correspondence innovations""","information and communication technologies","259"
"""concentrate highlight"" NOT specular","extract features","259"
"""Eventually Tom's perusing""","by","258"
"""vitality proficient""","energy efficient","257"
"""swarm improvement""","particule swarm optimization (PSO)","257"
"""concealed neuron""","hidden neuron","256"
"""energy thickness"" AND ""energy density""","energy density","256"
"""discourse investigation""","speech analysis","255"
"""restorative centers""","medical centers","255"
"""inexhaustible power"" AND ""renewable energy""","renewable energy","255"
"""manually deciding""","???","255"
"""transformative change assessment""","???","252"
"""digger"" AND ""bitcoin""","miner (i.e., Bitcoin mining)","252"
"""tainted individuals""","infected/affected individuals","252"
"""destiny research""","future research","252"
"""photograph segmentation""","image segmentation","251"
"""bracket algorithm""","classification algorithm","251"
"""ordinary and unusual""","normal and abnormal","251"
"""keen home""","smart home","251"
"""profound neural organization""","deep neural network","250"
"""unattended learning""","unsupervised learning","249"
"""normal language handling""","natural language processing (NLP)","249"
"""sport hypothesis""","game theory","249"
"""Different Object Tracking""","Multiple Object Tracking","249"
"""irregular woodland""","random forest","249"
"""example acknowledgement"" AND ""pattern recognition""","pattern recognition","248"
"""normalizes the appearance""","Image Enhancement","248"
"""bundle transmission"" AND ""remote""","packet transmission","248"
"""medical expertise (HA)""","healthcare authority (HA)","247"
"""regenerative organs"" AND ""reproductive""","reproductive organs","247"
"""colossal information""","big data","247"
"""prescient investigation""","predictive analysis","247"
"""put away in the cloud""","stored in the cloud","247"
"""feeling analysis"" AND ""sentiment analysis""","sentiment analysis","246"
"""solitary day""","single day (caveat: false positives)","246"
"""cross breed model""~5","hybrid model","245"
"""hyper-boundaries""","hyper-parameters","245"
"""drug delivery frameworks""","drug delivery systems","245"
"""coaching set""","training set","245"
"""squared mistake""","(mean) squared error","245"
"""focal sensory system""","Central Nervous System (CNS)","245"
"""totally connected layer""","fully-connected layer (in a neural network)","244"
"""enter statistics""","input data","244"
"""phantom examinations""","spectral analysis","243"
"""warmth move""","heat transfer","242"
"""information expansion"" AND ""data augmentation""","data augmentation","241"
"""phony news"" AND ""fake news""","fake news","241"
"""in genuine time""","in real time","240"
"""tainted people""","infected people (?)","240"
"""Markova models""","Markov models","240"
"""ecological excellence""","environmental quality","239"
"""relapse strategies"" AND ""regression""","regression methods","239"
"""administered AI""","supervised artificial intelligence","239"
"""speculation execution""","predictive performance","239"
"""sub-atomic weight""","molecular weight","238"
"""accuracy of an order""","accuracy of a classification","238"
"""extreme acid/base""","acute acid/base (disorder/disturbance/stress)","238"
"""watery arrangement""","aqueous solution","237"
"""best of service""","quality of service (QoS)","237"
"""crowd crushes""","???","237"
"""non-direct"" AND ""non-straight""","non-linear","236"
"""wavelet decay""","(discrete) wavelet transform (DCT)","236"
"""street mishap""","road accident","235"
"""humanoid action""","human actions","234"
"""highlight determination"" AND ""feature selection""","feature selection","233"
"""nourishment security""","food security","233"
"""highlight choice"" AND ""feature selection""","feature selection","232"
"""segmentation point"" AND ""cut point""","cut point","232"
"""computational multifaceted nature""","computational complexity","232"
"""created and creating""","developed and developing","232"
"""shrewd agreement""","smart contract","230"
"""carbon dioxide emanation""","carbon dioxide emission","230"
"""organization traffic"" AND ""network traffic""","network traffic","230"
"""hereditary algorithm""","genetic algorithm","230"
"""studying route""","learning path","230"
"""social effect UTAUT""~10","social influence, see https://en.wikipedia.org/wiki/Unified_theory_of_acceptance_and_use_of_technology","229"
"""hostile assault"" AND ""cybersecurity""","hostile attack","229"
"""shrewd home""","smart home","229"
"""counterfeit neural system""","artificial neural network","227"
"""move learning"" AND ""transfer learning""","transfer learning","226"
"""brilliant gadget""","smart device","226"
"""Lyapunov work""","Lyapunov function","225"
"""audio sign""","audio signal","225"
"""arbitrary woodland""","random forest","225"
"""speculation capacity""","predictive ability","225"
"""attractive nanocomposite""","Magnetic nanocomposite","225"
"""routing convention"" AND ""routing protocol""","routing protocol","225"
"""fitness situation""","health condition","224"
"""feeling examination""","sentiment analysis","224"
"""mind association"" AND ""neural network""","neural network","224"
"""laptop imaginative and prescient""","computer vision","223"
"""bunching model""","clustering model","223"
"""convolution activity""","convolution operation","223"
"""profound organizations""","deep [neural] networks","222"
"""feeling acknowledgement""","emotion recognition","221"
"""random wood""","random forest (RF)","220"
"""managed learning"" AND ""supervised learning""","supervised learning","220"
"""fake insight""","Artificial Intelligence","220"
"""supervised studying""","supervised [machine] learning","220"
"""molecule proportions""","molar ratio (percentages?)","220"
"""remove highlights"" NOT specular","extract features","219"
"""worldwide temperature alteration""","global warming","219"
"""manufactured insights""","artificial intelligence","219"
"""shrewd gadget""","smart device","219"
"""polymerase chain response""","polymerase chain reaction","218"
"""bouncing box""","bounding box","218"
"""earlier likelihood""","a priori probability","218"
"""quality articulation"" AND ""gene expression""","gene expression","218"
"""physiological highlights""","physiological features","218"
"""disappearing gradient issue""","vanishing gradient problem","217"
"""picture portrayal""","image representation","217"
"""flag handling""","signal processing","217"
"""sustenance security""","food safety","216"
"""Wiener channel""","Wiener filter","215"
"""element extractor""","feature extractor","215"
"""administrations and items""","services and products","215"
"""profound neural system""","deep neural network","214"
"""most extreme probability""","maximum likelihood","214"
"""untamed life""","wildlife","214"
"""savvy contract""","smart contract","214"
"""electric vitality""","electric energy","213"
"""unknown assault"" AND ""cybersecurity""","unknown attack","213"
"""supervised mastering""","supervised learning","213"
"""cloud specialist organization""","cloud service provider","212"
"""monetary emergency""","financial crisis","212"
"""pc imaginative and prescient""","computer vision","212"
"""citizen turnout""","voter turnout","212"
"""reinforcement studying""","reinforcement learning","211"
"""secret node""","hidden node","211"
"""charcoal electrode"" AND ""carbon electrode""","carbon electrode","211"
"""gullible Bayes""","naive Bayes","211"
"""automated tomography""","Computed Tomography (CT)","210"
"""abnormal sample point""","outlier","210"
"""stochastic angle""","stochastic gradient","210"
"""arbitrary timberland""","random forest","210"
"""counterfeit insight""","Machine Learning (ML)","209"
"""gesture acknowledgement""","gesture recognition","209"
"""shrewd city""","smart city","209"
"""supervised gaining knowledge""","supervised (machine) learning","209"
"""exactness, accuracy, review""","precision, accuracy, recall","208"
"""versatile clients""","mobile users","208"
"""enactment capability""","activation function","208"
"""sigmoid capacity""","sigmoid function","208"
"""remaining vitality""","residual energy","207"
"""restorative picture""","medical image","207"
"""healthcare answer""","healthcare solution","207"
"""Alzheimer's sickness""","Alzheimer's disease","207"
"""generative antagonistic networks""","generative adversarial networks","206"
"""Gaussian blend""","Gaussian mixture (as in \""Gaussian mixture model (GMM)\"")","206"
"""stochastic segregation""","stochastic separation","205"
"""reactant movement""","catalytic activity","205"
"""surface unpleasantness""","surface roughness","204"
"""sexual direction""","sexual orientation","204"
"""innate heart""","congenital heart (defects...)","204"
"""cloud stage"" AND ""cloud platform""","the cloud platform","203"
"""fuzzy guideline""","fuzzy rule","203"
"""histogram balance""","histogram equalization (HE)","203"
"""synthetic concoction""","synthetic mixture","203"
"""bogus positive"" AND ""false positive""","false positive","203"
"""back engendering"" AND neural","back propagation","202"
"""wellness esteem""","fitness value","202"
"""figuring asset""","computing resources (see NIST https://bit.ly/NIST-CloudComputing)","202"
"""credulous Bayes""","naive Bayes","202"
"""expectation exactness""","prediction accuracy","202"
"""time skylines""","time horizons","202"
"""named data sets""","labeled datasets","201"
"""keen framework""","smart framework","201"
"""adversely charged""","negatively charged","201"
"""computer imaginative and prescient""","computer vision","201"
"""speaking neural network""","Spiking Neural Network","200"
"""dielectric steady""","dielectric constant","200"
"""Google Domestic""","Google Home","200"
"""statistic augmentation""","data augmentation","200"
"""personalized remedies""","personalized treatments","200"
"""arbitrary woods""","random forest","199"
"""element choice"" AND ""feature selection""","feature selection","199"
"""electronic wellbeing record""","electronic health records","199"
"""forecast exactness""","prediction accuracy","199"
"""keen city""","smart city","198"
"""question set"" AND ""query set""","query set","198"
"""musical highlight""","musical feature","198"
"""carbon secretion""","carbon emission","197"
"""x-beam diffraction""","X-ray diffraction","197"
"""innocent Bayes""","naive Bayes","197"
"""Rheumatoid joint pain""","Rheumatoid Arthritis (RA)","196"
"""sunlight-based cell""","solar cell","196"
"""educated assent""","informed consent","195"
"""in this think about""","in this study","195"
"""CO2 effluent"" AND ""CO2 emission""","CO2 emission","194"
"""irregular walks""","random walks","194"
"""guide vector"" AND ""support vector""","support vector","194"
"""wormhole assault""","wormhole attack","194"
"""extricated highlights"" NOT specular","extracted features","194"
"""sunlight-based energy""","solar energy","194"
"""192 pieces""","192 bits","194"
"""exactness, review""","precision, recall","193"
"""cloud organization"" AND ""cloud network""","cloud network","193"
"""warmth source""","heat source","193"
"""disappointment rate""","failure rate","192"
"""brilliant machine""","smart device","192"
"""arrangement execution""","classification performance","192"
"""sun-oriented cell""","solar cell","192"
"""assist vector machine""","support vector machine (SVM)","192"
"""discourse blend""","speech synthesis","192"
"""Nusselt quantity""","Nusselt number","191"
"""principal component assessment""","Principal Component Analysis (PCA)","191"
"""upper appendage""","upper limb","191"
"""utilitarian gatherings""","functional groups","191"
"""Gaps in this Area of Study""","Research gaps","191"
"""fully associated layer""","fully connected layer (in a neural network)","190"
"""great tuning""","fine tuning","190"
"""cloud climate"" AND ""cloud computing""","cloud environment","189"
"""brilliant agreement"" AND ""smart contract""","smart contract","189"
"""CO2 secretion""","CO2 emission","189"
"""standard blunder""","standard error","188"
"""vitality sparing""","energy saving","188"
"""lymph hub""","lymph node","188"
"""obscure qualities""","unknown genes","188"
"""blind temperature""","Curie temperature","188"
"""message verification codes""","message authentication codes (MACs)","188"
"""small and medium-sized organizations (SMEs)""","small and medium-sized enterprises (SMEs)","188"
"""wellspring of vitality""","source of energy","187"
"""raw walnut shell""","???","187"
"""esteem internet""","internet of value","187"
"""invulnerable framework""","immune system","187"
"""CRISPR related proteins""","CRISPR associated proteins","187"
"""misfortune capability""","loss function","187"
"""well-being emergency""","health crisis","187"
"""CRISPR-related protein""","CRISPR-associated protein","187"
"""elliptic bends""","elliptic curves","186"
"""fake neural organizations""","Artificial Neural Network (ANN)","186"
"""straight non-direct""~5","linear and non-linear","186"
"""k-implies bunching""","k-means clustering","186"
"""square blunder""","(mean) squared error","185"
"""sun powered cell""","solar powered cell","185"
"""viewpoint proportion""","aspect ratio","185"
"""Alzheimer's infection""","Alzheimer's disease","185"
"""top learning"" AND ""deep learning""","deep learning","184"
"""irregular request""","random order","184"
"""convolution neural system""","convolutional neural network (CNN)","184"
"""computerized mark""","digital signature","184"
"""area of intrigue""","region of interest","184"
"""initiation likelihood""","initiation probability","184"
"""examination drive""","research initiative","183"
"""k-implies grouping""","k-means clustering","183"
"""computerized intelligence"" AND ""artificial intelligence""","artificial intelligence","183"
"""characteristic choice"" AND ""feature selection""","feature selection","183"
"""ecological cataclysm""","natural disaster","182"
"""acknowledgment execution""","recognition performance","182"
"""provisional elements""","predicted functions","181"
"""gathering"" AND ""cohort or group""","cohort or group","181"
"""theoretical proteins"" AND ""hypothetical proteins""","hypothetical proteins","181"
"""synthetic thinking"" AND ""artificial intelligence""","artificial intelligence","181"
"""casing picture""~3","picture frames","181"
"""untrue positive""","false positive","180"
"""information respectability""","Data integrity","180"
"""irregular backwoods""","random forest","180"
"""proximity of the disease""","presence of the disease","180"
"""open key cryptography""","public key cryptography (PKC)","180"
"""articulation of qualities""","expression of genes","179"
"""call tree"" AND ""decision tree""","decision tree","179"
"""dimension function"" AND ""dimensional feature""","dimensional feature","178"
"""cardiovascular movement""","cardiovascular activity","178"
"""biometric acknowledgment""","biometric recognition","178"
"""transfer mastering""","transfer learning","178"
"""fake intelligence""","artificial intelligence (AI)","178"
"""bosom malignancy""","breast cancer","177"
"""grouping exactness""","classification accuracy","177"
"""effective gadget""","effective mechanism","177"
"""text-autonomous""","text-independent","176"
"""machine-mastering algorithms""","machine learning algorithms","176"
"""multi-facet perceptron""","multi-layer perceptron (MLP)","176"
"""forbidden search"" AND ""Tabu""","Tabu search","176"
"""banks execution""","banks performance","176"
"""objective receptor""","target receptor","176"
"""master framework"" AND ""expert system""","expert system","176"
"""steering plan""","???","175"
"""sun oriented energy""","solar energy","175"
"""receptive oxygen species""","reactive oxygen species","175"
"""IoT (Web of Things)""","IoT (Internet of Things)","175"
"""deep studying models""","deep learning models","175"
"""irregular forest"" AND ""random forest""","random forest","175"
"""down to earth issue""","practical problem","174"
"""quick Fourier transform""","Fast Fourier Transform","174"
"""esteem chain""","value chain","174"
"""character acknowledgment"" AND ""character recognition""","(optical) character recognition (OCR)","174"
"""savvy framework""","smart framework","173"
"""bogus message"" AND ""fake message""","fake message","173"
"""strategic regression""","logistic regression","173"
"""counterfeit neural organization""","artificial neural network (ANN)","173"
"""crippled individuals""","disabled persons","173"
"""fluffy set""","fuzzy set","173"
"""book autonomous""","text-independent","172"
"""triumphantly synthesised""","successfully synthesised","172"
"""highlight map"" AND ""feature map""","feature map","172"
"""squared blunder""","(mean) squared error","172"
"""guileless Bayes""","naive Bayes","171"
"""pass-validation"" AND ""cross-validation""","cross-validation","171"
"""extricates highlights"" NOT specular","extracts features","171"
"""straight hyperplanes""","linear hyperplanes","171"
"""covered-up layer""","hidden layer","171"
"""extricate highlights""","extract features","171"
"""anticipated worth""","expected value","171"
"""exception recognition""","anomaly detection","170"
"""chronicled information""","historical data","170"
"""Alzheimer's ailment""","Alzheimer's disease","170"
"""hyperspectral photos""","hyperspectral images","170"
"""movement business"" AND ""tourism""","tourism industry","170"
"""brilliant city"" AND ""smart city""","smart city","170"
"""E upsides""","E values","170"
"""heart assault""","heart attack","170"
"""insusceptible cell""","immune cell","169"
"""breast illness""","breast cancer","169"
"""GHG emanation""","GHG emission","169"
"""discuss contamination""","air contamination","169"
"""hit fee""","hit rate (metric)","168"
"""making countries"" AND ""developing nations""","developing nations","168"
"""remote sensor arrange""","wireless sensor network","168"
"""phone core""","cell core","168"
"""convolutional brain network""","convolutional neural network","168"
"""signal preparing"" AND ""signal processing""","signal processing","167"
"""warmth transfer""","heat transfer","167"
"""arbitrary backwoods""","random forest","167"
"""EC-laden""","EC-polluted","166"
"""internet of factors""","internet of things (IoT)","166"
"""skin malignant growth""","skin cancer","166"
"""outfit learning""","ensemble learning","166"
"""x-beam pictures""","X-ray images","166"
"""vitality creation""","energy production","165"
"""Van der Waals powers""","Van der Waals bonds","165"
"""substance response"" AND ""chemical reaction""","chemical reaction","165"
"""wind vitality""","wind energy","165"
"""human-computer connection""","Human–computer interaction","165"
"""parcel misfortune""","packet loss","164"
"""liver sickness""","liver disease","164"
"""self sorting out""","self organizing","164"
"""schooling dataset""","training dataset","163"
"""seriousness assessment""","severity assessment","163"
"""likelihood thickness""","probability density","163"
"""positive predictive ratio""","positive predictive value (PPV)","163"
"""popularity accuracy""","recognition accuracy","163"
"""criticism circle""","feedback loop (control theory)","162"
"""genuine esteemed""","real-valued","162"
"""separated highlights""","extracted features","162"
"""text-to-discourse""","text-to-speech","162"
"""DNA grouping""","DNA sequencing","162"
"""Parkinson's sickness""","Parkinson's disease","162"
"""state of rate""","state of charge (SOC)","162"
"""insusceptible reaction""","immune reaction","161"
"""public key framework""","public key infrastructure (PKI)","161"
"""aid vector machine""","support vector machine (SVM)","161"
"""cryptographic forms of money""","cryptocurrencies","161"
"""restorative imaging""","medical imaging","161"
"""segmentation handling""","segmentation processing","161"
"""arrangement exactness""","classification accuracy","160"
"""contrarily charged""","negatively charged","160"
"""therapeutic gadgets""","medical devices","160"
"""worldwide situating""","global positioning","159"
"""underground energy transport""","geothermal","159"
"""indistinguishable twins""","identical twins","158"
"""keen gadget""","smart device","158"
"""straight technique""","linear technique","158"
"""pairwise closeness""","pairwise similarity","158"
"""articulation of the desire""","decision making","158"
"""insusceptible framework""","immune system","158"
"""bodily layer""","physical layer (of networks)","158"
"""assault procedures""","tactical operations","158"
"""prescient capacity""","predictive ability","158"
"""youthful grown-ups""","young adults","158"
"""vitality efficiency""","energy efficiency","158"
"""channel methods"" AND ""filter methods""","filter methods","158"
"""information enlargement""","data augmentation","157"
"""interruption discovery framework""","intrusion detection system","157"
"""keen agreement""","smart contract","157"
"""information parcel"" AND ""data packet""","data packet","157"
"""therapeutic picture"" AND ""medical image""","medical image","156"
"""jumping boxe""","bounding boxe","156"
"""irregularity recognition""","anomaly detection","156"
"""well-being hazard""","health hazard","156"
"""kidney sickness""","kidney disease","156"
"""intermittent neural networks""","recurrent neural networks","156"
"""convolutional neural structure""","convolutional neural network (CNN)","155"
"""foetus removal""","abortion","155"
"""gamble factors""","Risk factors","155"
"""no critical contrast""","no significant difference","155"
"""device gaining knowledge of algorithm""","machine learning algorithm","154"
"""exactness and recall""","precision and recall","154"
"""demonstrative significance""","diagnostic significance","154"
"""enactment capacities""","activation functions","154"
"""dispersion organization""","distribution network","153"
"""earth-wide temperature boost""","global warming","153"
"""clinic confirmations""","hospital admissions","153"
"""circulatory framework""","blood system","153"
"""histogram levelling""","histogram equalization","153"
"""large-diameter shield machine""","???","153"
"""social separating"" AND COVID","social distancing","153"
"""web assault""","web attack","152"
"""reinforcement mastering""","reinforcement learning","152"
"""edit yield""","crop yield","152"
"""highlights are extricated""","features are extracted","152"
"""carbon liberation""","carbon emission","152"
"""accuracy worth""","accuracy value","152"
"""remote sensor organize""","wireless sensor network","152"
"""virus assault""","virus attack","152"
"""relapse examination"" AND ""regression analysis""","regression analysis","152"
"""versatile correspondence"" AND network","mobile communications","151"
"""long transient memory""","long short-term memory (LSTM)","151"
"""miles vital""","essential","151"
"""normal exactness""","???","151"
"""Unilateral Dental Expander Appliance""","???","151"
"""solitary layer"" AND ""neural""","single layer","151"
"""standard mistake"" AND ""standard error""","standard error","150"
"""Fortification learning""","Reinforcement Learning (RL)","150"
"""picture handling strategies""","image processing methods","150"
"""reinforcement getting to know""","reinforcement learning","150"
"""random wooded area""","random forest","150"
"""accuracy, review and f1-score""","accuracy, recall and f1-score","149"
"""warmth exchange""","heat transfer","149"
"""k-implies calculation""","k-means algorithm","149"
"""recurrence reaction"" NOT ""allergy""","frequency response","149"
"""squander water""","waste water","148"
"""refusal of administration""","denial of service (DoS)","148"
"""fuzzy common sense""","fuzzy logic","148"
"""profound deep learning""","deep learning","147"
"""self-governing vehicle""","autonomous vehicle","147"
"""obvious semiconductor""","transparent semiconductor","147"
"""characterization and relapse""","classification and regression","147"
"""interruption identification frameworks""","[hybrid] intrusion detection system (HIDS)","147"
"""quantum spots""","quantum dots","146"
"""guide vector machine""","support vector machine (SVM)","146"
"""emanation of CO2""","emission of CO2","146"
"""domestic output (GDP)""","gross domestic product (GDP)","146"
"""money-saving advantage""","economical","146"
"""Uncommon transformations""","rare mutations","146"
"""half and half technique""","hybrid method","145"
"""constitutional neural""","convolutional neural (network)","145"
"""sulfuric corrosive""","sulfuric acid","144"
"""conflict layer""","competitive layer (in a self-organizing map)","144"
"""malignancy chance""","cancer risk","144"
"""wise transportation""","intelligent transportation","144"
"""biometric acknowledgement""","biometric recognition","144"
"""thyroid capacity""","thyroid levels","144"
"""manufactured neural""","artificial neural (networks)","144"
"""needy variable""","dependent variable","143"
"""generative adverse networks""","generative adversarial networks","143"
"""highlight extricated""","features extracted","143"
"""face popularity""","face recognition","143"
"""choice of tree"" AND ""decision tree""","decision tree","143"
"""safe reaction"" AND ""immune response""","immune response","142"
"""irregular woods"" AND ""random forest""","random forest","142"
"""coefficient esteem""","coefficient value","142"
"""irregularity discovery""","anomaly detection","142"
"""characterization execution""","classification performance","142"
"""slope plunge""","gradient descent","141"
"""moderate dissipation"" AND crystal","slow evaporation","141"
"""relapse method"" AND ""regression method""","regression method","141"
"""liver malady""","liver disease","141"
"""disordered grid""","confusion matrix","141"
"""port examining""","port scanning","141"
"""certainty span""","confidence interval","140"
"""coronary ailment""","heart disease","140"
"""monetary exercise""","economic activity","140"
"""soil dampness sensors""","soil moisture sensors","140"
"""warmth exchanger""","heat exchanger","140"
"""framework disappointment""","system failure","140"
"""enormous information investigation""","Big Data Analytics (BDA)","140"
"""Microsoft dominate""","Microsoft Excel","140"
"""nucleic corrosive""","nucleic acid","139"
"""compressive intensity"" AND ""compressive strength""","compressive strength","139"
"""bouncing boxes""","bounding boxes","139"
"""confront acknowledgment""","face recognition","139"
"""understudy execution""","student achievement","139"
"""to separate highlights""","to extract features","139"
"""slope boosting""","gradient boosting","139"
"""obvious anti-tumor activity""","moderate anti-tumor activity","139"
"""social database"" AND ""SQL""","relational database","138"
"""back likelihood""","posterior probability","138"
"""hefty metals""","heavy metals","138"
"""flag preparing""","signal processing","138"
"""Free Example T-test""","independent sample t-test","138"
"""discrete cosine change""","discrete cosine transform (DCT)","137"
"""speech reputation""","speech recognition","137"
"""choice bush""","decision tree","137"
"""picture arrangement"" AND ""image classification""","image classification","137"
"""transient highlights""","temporal features","137"
"""speech acknowledgement"" AND ""speech recognition""","speech recognition","137"
"""sensible cities""","smart cities","137"
"""talk affirmation""","speech recognition","137"
"""ethnic review board""","ethical review board","136"
"""voice hunt""","voice search/query","136"
"""sun-powered vitality""","solar energy","136"
"""information recuperation""","information retrieval","136"
"""vision misfortune""","vision loss","136"
"""switch studying""","transfer learning","135"
"""programming climate""","programming environment","135"
"""profound brain organization""","deep neural network","135"
"""lactic corrosive""","lactic acid","135"
"""enough-nearest neighbor""","K-nearest neighbor","134"
"""isolating hyperplane""","separating hyperplane (in the context of SVM)","134"
"""autonomous example t-test""","independent sample t-test","134"
"""utilization of vitality""","utilization of energy","134"
"""maturing populace""","ageing population","134"
"""sun-based board""","solar panel","133"
"""picture acknowledgment"" AND ""image recognition""","image recognition","133"
"""irresistible illnesses""","contagious/transmissible diseases","133"
"""importance esteem""","significance value","133"
"""choice support system""","decision support system","133"
"""pattern reputation""","pattern recognition","133"
"""disarray framework""","confusion matrix","133"
"""mean square blunder""","mean square error","133"
"""virtual personal network""","virtual private network (VPN)","132"
"""acknowledgment exactness""","recognition accuracy","132"
"""programmed ID""","automatic identification","132"
"""electronic thinking""","artificial intelligence","132"
"""world wellbeing association""","World Health Organization (WHO)","132"
"""back vector machine""","support vector machine (SVM)","132"
"""Parkinson's infection""","Parkinson's disease","132"
"""repetitive neural system""","Recurrent Neural Network (RNN)","132"
"""disarray network""","confusion matrix","132"
"""self-versatile""","self-adaptive","132"
"""Gabor work""","Gabor function(s)","131"
"""likelihood dissemination""","probability distribution","131"
"""shrewd urban communities""","smart cities","131"
"""immature nations""","developing countries","131"
"""affectability and specificity""","sensitivity and specificity","130"
"""invulnerable reaction""","immune reaction","130"
"""big facts"" AND ""big data""","big data","130"
"""clothes areas""","???","130"
"""nursery gas""","greenhouse gas","130"
"""acknowledgement framework""","recognition system","130"
"""spare vitality""","???","130"
"""clog control""","congestion control","129"
"""energy the executives""","energy management","129"
"""shading histogram""","color histogram","129"
"""clever grid""","smart grid","129"
"""deep mastering technique""","deep learning algorithm","129"
"""prescient precision""","prediction accuracy","129"
"""frame temperature"" AND ""body temperature""","body temperature","129"
"""Huge data analytics""","Big Data Analytics (BDA)","129"
"""visually defective""","visually impaired","128"
"""mitochondrial harm""","mitochondrial damage","128"
"""p upsides""","p values","127"
"""affiliation rule mining""","association rule mining","127"
"""worldwide parameters""","global parameters","127"
"""fuzzy good judgment""","fuzzy logic","127"
"""quality conveyance""","gene delivery","127"
"""gadget getting to know algorithm""","machine learning algorithm","127"
"""electron magnifying lens""","scanning electron microscope","127"
"""elective energy""","renewable energy","127"
"""issue determination"" AND ""fault""","fault analysis/diagnosis","126"
"""clever home""","smart home","126"
"""neural network recovery""","recurrent neural network (RNN)","126"
"""Pearson's relationship coefficient""","Pearson's correlation coefficient (PCC)","126"
"""greenhouse gas emanation""","greenhouse gas emission","126"
"""ecological debasement""","environmental degradation","126"
"""square chain"" AND ""blockchain""","blockchain","125"
"""distant detecting""","remote sensing","125"
"""proper meditation""","proper intervention","125"
"""populace thickness""","population density","125"
"""sack of words""","bag of words","125"
"""long momentary memory""","long short-term memory [network] (LSTM)","125"
"""chest torment""","chest pain","124"
"""recurrence scope""","frequency range","124"
"""concealed Markov""","Hidden Markov Model (HMM)","124"
"""acoustic highlights""","acoustic features","124"
"""feeling detection""","emotion detection","124"
"""money-related decision""","financial decision","124"
"""education set"" AND ""training set""","training set","124"
"""cloud climate"" AND ""wireless""","cloud environment","124"
"""protuberant peak""","prominent peak","124"
"""trademark highlights""","characteristic features","124"
"""energy dispersive X-ray examination""","energy dispersive X-ray spectroscopy (EDAX)","124"
"""ecological dilapidation""","environmental degradation","124"
"""surface vitality""","surface stability (?)","123"
"""likelihood circulation""","probability distribution","123"
"""myocardial localized necrosis""","myocardial infarction (MI)","123"
"""worldwide inquiry""","global search","123"
"""geographic data framework""","geographic information system (GIS)","123"
"""PC helped"" AND (""be that as it"" OR ""on the off chance"")","Computer-aided (e.g., design CAD)","123"
"""preparing and approval""","training and validation","123"
"""malignant hub""","compromised node","122"
"""Parkinson's ailment""","Parkinson's disease","122"
"""Gaussian commotion""","Gaussian noise","122"
"""far-flung sensing""","remote sensing","122"
"""touchy records""","sensitive data","122"
"""order and relapse""","classification and regression","122"
"""prescient exactness""","predicted accuracy","122"
"""soil wellbeing""","soil health","122"
"""participation capacity"" AND ""membership function""","membership function","122"
"""strength grid"" AND ""power grid""","power grid","122"
"""logistic relapse""","logistic regression","121"
"""focal nervous system""","Central Nervous System (CNS)","121"
"""indistinguishable spaces""","conserved domains","121"
"""digital misconduct""","digital crime/cyber crime","121"
"""skin sickness""","skin disease","121"
"""arranging framework""","classification system","120"
"""twofold bonds""","double bonds","120"
"""dimensionality discount""","dimensionality reduction","120"
"""fluffy framework""","fuzzy framework","120"
"""CO2 emissivities""","CO2 emissions","120"
"""long run affiliations""","long-run relationships","119"
"""major factor analysis""","principal composent analysis (PCA)","119"
"""certainty stretch""","confidence interval","119"
"""neurological group"" AND ""neural network""","neural network (NN)","119"
"""polling form""","vote","119"
"""degree of grasp""","power (statistics)","119"
"""constructive linkage""","positive relationship","119"
"""restrictive likelihood""","conditional probability","119"
"""figured tomography""","computed tomography","118"
"""lung knob""","lung nodule","118"
"""essential element analysis""","principal component analysis (PCA)","118"
"""disarray lattice""","confusion matrix","118"
"""highlight descriptor""","feature descriptor","118"
"""ok-means"" AND ""K-means""","K-means","118"
"""malevolent hub""","compromised node","118"
"""commented on information""","labeled data","118"
"""misfortune capacity""","loss function","118"
"""most elevated precision""","highest precision/accuracy (could be either)","117"
"""arrangement and relapse""","classification and regression","117"
"""emphatically charged""","positively charged","117"
"""pregnancy stretch""","pregnancy duration","116"
"""types of hydrolysis products""","products of hydrolysis","116"
"""touchy facts""","sensitive data","116"
"""mobileular""","Search and replace of cell -> mobile","116"
"""monetary presentation""","financial reporting","116"
"""Data Innovation (IT)""","Information Technology (IT)","116"
"""vitality thickness""","energy density","116"
"""disarray grid""","confusion matrix","116"
"""Hamming separation""","Hamming distance","116"
"""result exactness""","classification accuracy","115"
"""K-mean bunching""","K-means clustering","115"
"""profound figuring""","deep learning","115"
"""loss capabilities"" AND ""loss function""","loss function","115"
"""high ripeness""","high fertility","115"
"""impedance coordinating""","impedance matching","115"
"""prescient support""","predictive maintenance","115"
"""choice timber""","decision tree","115"
"""commotion levels""","noise levels","115"
"""likelihood appropriation""","probability distribution","114"
"""savvy urban community""","smart city","114"
"""productive linkage"" AND ""positive relationship""","positive relationship","114"
"""switch mastering""","transfer learning","114"
"""filtering electron microscopy""","scanning electron microscopy (SEM?)","114"
"""Prandtl quantity""","Prandtl number","114"
"""swarm streamlining""","particule swarm optimization (PSO)","114"
"""social removing"" AND COVID","social distancing","114"
"""arrangement model"" AND ""classification model""","classification model","114"
"""vitality necessities""","energy requirements","114"
"""expanded creation""","increased production","114"
"""numerous quantum mechanical""","all quantum mechanical [computations]","113"
"""neuro-fluffy""","neuro-fuzzy","113"
"""nature of administration (QoS)""","quality of service (QoS)","113"
"""wellbeing intentions""","health plans","113"
"""bleakness mortality""~5","morbidity, mortality","113"
"""ascorbic corrosive""","ascorbic acid","113"
"""profound brain network""","deep neural network","113"
"""exactness and review""","precision and recall","112"
"""renal disappointment""","renal or kidney failure","112"
"""grouping and relapse""","classification and regression","112"
"""picture highlights"" AND ""image features""","picture features","112"
"""vitality framework"" AND ""energy system""","energy system","112"
"""prepared information"" AND ""training data""","training data","112"
"""amplified pH""","increased pH","112"
"""yield probabilities"" AND ""output probabilities""","output probabilities","111"
"""homogeneity of difference""","homogeneity of variance","111"
"""HTTP demands""","HTTP requests","111"
"""inclination supporting""","gradient boosting","111"
"""switch interpretation""","reverse transcriptase","111"
"""initiation possibility""","initiation probability","111"
"""far off sensing""","remote sensing","111"
"""cross entropy work""","cross entropy function","111"
"""shading dimension""","color space","111"
"""autocorrelation work""","autocorrelation function (ACF)","110"
"""post-handling"" AND ""post-processing""","post-processing","110"
"""overlap increment""","fold change","110"
"""classification and relapse""","classification and regression","110"
"""wellspring of energy"" AND ""source of energy""","source of energy","110"
"""Reynolds quantity""","Reynolds number","110"
"""acute rate"" AND ""critical value""","critical value","109"
"""Cease Result""","Final Output","109"
"""face affirmation""","face recognition","109"
"""haze processing""","cloud computing","109"
"""affected person outcome""","patient outcome","109"
"""condition of-workmanship""","state-of-the-art","109"
"""expected effort UTAUT""~10","effort expectancy, see https://en.wikipedia.org/wiki/Unified_theory_of_acceptance_and_use_of_technology","109"
"""effort trust UTAUT""~10","effort expectancy, see https://en.wikipedia.org/wiki/Unified_theory_of_acceptance_and_use_of_technology","109"
"""data robbery""","data theft","108"
"""SQL infusion""","SQL injection (SQLi)","108"
"""image ordering"" AND ""image classification""","image classification","108"
"""histogram evening out""","histogram equalization","108"
"""rubbing coefficient""","friction coefficient","108"
"""creation expenses""","production costs","108"
"""stomach torment""","stomach pain","108"
"""take a look at set""","test set","108"
"""removing highlights"" NOT specular","extracting features","108"
"""Gaussian bit""","Gaussian kernel","107"
"""surface plasmon reverberation""","surface plasmon resonance","107"
"""attractive resonance""","magnetic resonance","107"
"""esteem creation""","value creation","107"
"""firefly calculation""","firefly algorithm","107"
"""substantial metal ions""","heavy metal ions","107"
"""client delight""","???","107"
"""restorative records""","medical records","107"
"""pernicious hub""","malicious node","107"
"""facial reputation""","face recognition","107"
"""reproduction comes about""","simulation results","107"
"""switch getting to know""","transfer learning","107"
"""prescient quality""","negative/positive predicted value (NPV/PPV)","106"
"""counterfeit consciousness""","artificial intelligence","106"
"""leave out charge""","miss rate","106"
"""wavelet transition""","wavelet transform","106"
"""making marketplace""","manufacturing industry","106"
"""advert hoc""","ad hoc","105"
"""registered tomography""","computed tomography","105"
"""coronary sickness""","coronary artery disease","105"
"""p-n intersection""","p-n junction","105"
"""solitary analysis""","single analysis","105"
"""distinguishing proof framework""","identification system","105"
"""information stockroom""","data warehouse","105"
"""transfer gaining knowledge""","transfer learning","105"
"""sign to commotion""","signal to noise","105"
"""human laptops""","Human Machine Interface (HMI)","104"
"""carbon impression"" AND ""carbon footprint""","carbon footprint","104"
"""environmental eminence""","environmental quality","104"
"""recurrent neural community""","recurrent neural network (RNN)","104"
"""arbitrary timber""","random forest","104"
"""enlarged reality""","augmented reality","104"
"""outwardly disabled""","visually impaired","104"
"""sunlight-based vitality""","solar energy","104"
"""worldwide heating""","global warming","104"
"""photo reputation""","image recognition","104"
"""ozone depleting substance discharge""","greenhouse gas emissions","104"
"""k-close neighbor""","k-Nearest Neighbor (KNN)","103"
"""foundation noise""","background noise","103"
"""programmed acknowledgment""","automatic recognition","103"
"""noxious hub""","compromised node","103"
"""middle of the road hub""","intermediate node","103"
"""non-inexhaustible""","non-renewable","103"
"""medication obstruction""","drug resistance","103"
"""approval precision""","accuracy","102"
"""DNA fix""","DNA repair","102"
"""voice arrangement"" AND ""classification""","voice classification","102"
"""highlight portrayal""","feature representation","102"
"""logistic retrogression""","logistic regression","102"
"""epoxy pitch""","epoxy group (ring?)","102"
"""greasy acid""","fatty acid","102"
"""sensible grid""","smart grid","102"
"""GB Slam""~3","GB RAM (memory)","101"
"""CRISPER-associated""","CRISPR-associated","101"
"""artificial neural system (ANN)""","artificial neural network (ANN)","101"
"""rest apnea""","sleep apnea","101"
"""impact heater""","blast furnace","101"
"""miss fee""","miss rate","101"
"""contingent likelihood""","conditional probability","101"
"""secret neuron""","hidden neuron","101"
"""peculiarity identification""","anomaly detection","101"
"""Android stage""","Android platform","100"
"""canonical flask""","conical flask","100"
"""Just Look Once""","You Only Look Once (YOLO)","100"
"""natural debasement""","environmental degradation","100"
"""slope helping""","gradient boosting","100"
"""random stroll""","random walk","100"
"""eccentric tree""","random tree","100"
"""yield misfortunes""","yield failures","99"
"""monetary disaster""","financial crisis","99"
"""resistance framework"" AND ""immune system""","immune system","99"
"""fully collected layer""","fully connected layer","99"
"""remarks loop""","feedback loop","99"
"""fast Fourier change""","Fast Fourier Transform","99"
"""wavelet highlights""","wavelet features","99"
"""clever town""","smart city","99"
"""transfer getting to know""","transfer learning","99"
"""Human Immunodeficiency Infection (HIV)""","Human Immunodeficiency Virus (HIV)","98"
"""metal evacuation""","Metal removal","98"
"""social designing"" AND ""phishing""","social engineering","98"
"""remote sensor frameworks""","wireless sensor networks","98"
"""flexibly chain""","supply chain","98"
"""likelihood esteem""","likelihood value","98"
"""manufactured knowledge""","artificial intelligence","98"
"""electromagnetic gem""","electromagnetic (photonic) crystal","98"
"""tainted patients""","infected/affected patients","98"
"""Joined together states""","United States","98"
"""selection bushes""","decision trees","98"
"""progression of perceptions""","sequence of observations","98"
"""counterfeit brain organization""","artificial neural network","97"
"""supposition examination""","hypothesis testing","97"
"""switch gaining knowledge""","transfer learning","97"
"""excessively enormous""","very large","97"
"""disavowal of administration""","Denial of service","97"
"""genome manipulating""","genome editing","97"
"""decent contender""","suitable candidate","97"
"""picture taking care of""","image processing","97"
"""Mel Frequency Spectrum Coefficient""","Mel Frequency Cepstral Coefficient (MFCC)","97"
"""discourse preparing""","speech processing","96"
"""highlighting map""","feature map","96"
"""identity supplier""","identity provider","96"
"""model exhibition"" AND ""model performance""","model performance","96"
"""irresistible illness""","immune diseases","96"
"""dielectric consistency""","dielectric constant","96"
"""misfortune rate""","failure rate","96"
"""LSTM organization""","LSTM network","96"
"""information robbery""","data theft","96"
"""pre-preparation method""","preprocessing method","96"
"""bit job""","kernel","96"
"""synthetic neural community""","artificial neural network","96"
"""tanh work""","tanh function","96"
"""versatile stages"" AND ""mobile""","mobile platforms","96"
"""mitigating the virus spread""","reducing the spread of the virus","96"
"""prescient upkeep""","predictive maintenance","95"
"""remote sensor systems (WSNs)""","wireless sensor networks","95"
"""mastering behaviors""","learning behaviors","95"
"""tongue processing""","language processing","95"
"""Joule warming""","Joule heating","95"
"""component esteems""","feature values","95"
"""Gaussian dissemination""","Gaussian distribution","95"
"""discriminative highlight""","discriminative features","95"
"""stowed away layers""","hidden layers","95"
"""female transcendence""","female predominance","95"
"""image antiquities""","image artifacts (distortions)","95"
"""discourse combination""","speech synthesis","95"
"""word portrayals""","word representations","94"
"""assessed glomerular filtration rate""","Estimated Glomerular Filtration Rate (eGFR)","94"
"""internet of transportation""","Internet of Thing (IoT)","94"
"""cryptic layer""","hidden layer","94"
"""slope plummet""","gradient descent","94"
"""genuine numbers"" AND ""real numbers""","real numbers","94"
"""non-hazardous situation""","environmentally friendly?","94"
"""emanation of carbon""","emission of carbon","94"
"""ITS groupings"" AND ""ITS sequences""","ITS sequences","94"
"""numerical highlights""","mathematical features","94"
"""to be freelance""","independent","94"
"""solitary vector""","single vector","94"
"""bogus up-side""","false positive","94"
"""tall exactness""","high accuracy","94"
"""global diary""","International Journal","94"
"""affectability and particularity""","sensitivity and specificity","94"
"""speech popularity""","speech recognition","93"
"""feed-forward organizations""","feed-forward [neural] networks","92"
"""machine taking in""","machine learning","92"
"""iris acknowledgment"" AND ""iris recognition""","iris recognition","92"
"""condition of craftsmanship""","state of the art","92"
"""stream conveyance""","stream flow","92"
"""bogus negative"" AND ""false negative""","false negative","92"
"""picture splitting""","image segmentation","92"
"""fuzzy mixing""","fuzzy aggregation","92"
"""recognizing confirmation""","identification","92"
"""depressing influence"" AND ""negative effect""","negative effect","92"
"""misleading up-side""","false positive","92"
"""far off detecting""","remote sensing","92"
"""manmade brainpower""","artificial intelligence","91"
"""foundation commotion""","background noise","91"
"""education facts"" AND ""training data""","training data","91"
"""butterfly impact""","butterfly effect","91"
"""troupe learning""","ensemble learning","91"
"""discourse handling""","speech processing","91"
"""foundation subtraction""","background subtraction","91"
"""angel classification""","angle's classification","91"
"""overall advancement"" AND ""average growth""","average growth","91"
"""assimilation band""","absorption band","91"
"""covariance lattice""","covariance matrix","91"
"""hazard the executives""","risk management","91"
"""spectral highlights""","spectral features","90"
"""Common Language Processing""","natural language processing (NLP)","90"
"""picture differentiate""","image contrast","90"
"""blood ailments""","blood disease","90"
"""data board"" AND ""dashboard""","dashboard","90"
"""protein articulation""","protein expression","89"
"""kidney disappointment""","kidney failure","89"
"""age of ROS""","lifetime of ROS","89"
"""normal least-squares"" AND ""ordinary least squares""","ordinary least squares","89"
"""undesirable markers""","harmful markers","89"
"""optical person""","optical character recognition (OCR)","89"
"""repetitive brain organization""","recurrent neural network","89"
"""quantum specks""","quantum dots","89"
"""linear relapse""","linear regression","89"
"""chaotic grid""","confusion matrix","89"
"""subordinate frameworks""","dependent models","89"
"""picture handling calculation""","image processing algorithm","89"
"""logical growth phage""~5","logarithmic growth phase","89"
"""discrete Fourier change""","Discrete Fourier Transform","88"
"""cease-to-stop""","end-to-end","88"
"""directed learning calculation""","supervised learning algorithm","88"
"""pooling stratum""","pooling layer (in a neural network)","88"
"""voter authenticity""","voter identification","88"
"""arrangement strategy"" AND ""classification method""","classification method","88"
"""irresistible ailment""","contagious disease","88"
"""integrated energy framework""","integrated energy system","88"
"""ozone depleting substance outflows""","greenhouse gas emissions","88"
"""hazard administration"" AND ""risk management""","risk management","88"
"""include guide"" AND ""CNN""","feature map","88"
"""emotion popularity""","emotion recognition","87"
"""gated repetitive units""","gated recurrent units","87"
"""class unevenness""","class imbalance","87"
"""neurodegenerative sickness""","neurodegenerative disease","87"
"""quickening the rate""","acceleration","87"
"""decomposing pressure""","oxidative stress","87"
"""man-made knowledge""","artificial intelligence","87"
"""fake brain organization""","artificial neural network","87"
"""skinny films""","thin films","87"
"""phantom highlight""","spectral features","87"
"""geological locale""","geographical locations","87"
"""secret Markov""","Hidden Markov Model (HMM)","87"
"""man-in-the-middle (MitM) assault""","man-in-the-middle (MitM)","87"
"""direct programming"" AND ""linear programming""","Linear Programming (LP)","87"
"""mist registering""","mist computing","87"
"""assistance vector machine""","support vector machine (SVM)","87"
"""delicacy, perfection, recall""","accuracy, perfection, recall","86"
"""wireless sensor community""","wireless sensor network","86"
"""cross-endorsement"" AND ""classification""","cross-validation","86"
"""prevent words"" AND ""stop words""","stop words","86"
"""energy utilization design""","energy consumption pattern","86"
"""light crystal display""","liquid crystal display (LCD)","86"
"""directing layer""","routing layer","86"
"""haze figuring""","fog/mist/cloud computing","86"
"""transactions are unknown""","transactions are anonymous","86"
"""Byzantine assault""","Byzantine attack","86"
"""porous carbon molecule""","porous carbon material","86"
"""return misfortune""","return loss","86"
"""exactness pace""","accuracy rate","85"
"""rural yield""","agricultural yield","85"
"""utilized to check the robustness""","used to test robustness","85"
"""ordinary minimum squares""","ordinary least squares","85"
"""radiation proficiency""","radiation efficiency","85"
"""food squander""","food waste","85"
"""boundless drive""","infinite impulse response","85"
"""range arrange""","area network","85"
"""biometric highlight""","biometric feature","84"
"""hippocampus decay""","hippocampal atrophy","84"
"""enthusiastic condition""","emotional state","84"
"""sedate conveyance""","drug delivery","84"
"""bullwhip impact""","bullwhip effect","84"
"""interference recognition"" AND ""intrusion detection""","intrusion detection","84"
"""yield photograph""","output image","84"
"""shrewd sensors""","smart sensors","84"
"""content-to-discourse""","text-to-speech","84"
"""data blunder""","data error","84"
"""molecule swarm optimization""","particle swarm optimization (PSO)","84"
"""nasal hole""","nasal cavity","84"
"""force PSA""","Momentum PSA (MPSA)","83"
"""creature well-being""","animal health","83"
"""quit-to-quit""","end-to-end","83"
"""code as a service""","software as a service","83"
"""verification of work"" AND ""blockchain""","proof of work","83"
"""deep perception networks""","Deep Belief Networks (DBN)","83"
"""measurable highlights""","evaluation metric ?","83"
"""outlandish proposition""","extravagant claim","83"
"""pre-managing""","pre-processing","83"
"""atomic vitality""","nuclear energy","83"
"""community latency""","network latency","83"
"""brilliant contract""","smart contract","83"
"""water profundity""","water depth","83"
"""proposal motor""","recommendation engine","83"
"""worldwide diary""","International Journal","83"
"""translation calculate""","Probabilistic Interpretation","82"
"""made sense of change""","Explained Variance","82"
"""hereditary administrator""","genetic algorithm","82"
"""extreme intense respiratory""","severe acute respiratory","82"
"""well concurred""","is in accord, correlates","82"
"""conceals layers""","hidden layers","82"
"""hydrochloric corrosive""","hydrochloric acid","82"
"""elliptic bend cryptography""","elliptic-curve cryptography (ECC)","82"
"""bogus caution""","false alarm","82"
"""digital promoting""","digital marketing","82"
"""corridor impact"" AND (""magnetic"" OR ""voltage"" OR ""sensor"")","Hall effect","82"
"""laptop algorithms""","machine algorithms","82"
"""brilliant sensors""","smart sensors","82"
"""Hilbert change""","Hilbert transform","82"
"""speaker affirmation""","speaker recognition","82"
"""highlight extractors""","feature extractors","82"
"""gulf pressure""","inlet pressure","82"
"""Gaussian blend model""","Gaussian mixture model","82"
"""circular flask""","round-bottom flask","81"
"""radio repeat""","radio frequency","81"
"""Gaussian clamor""","Gaussian noise","81"
"""center pay nations""","middle income countries","81"
"""supply cloth""","source material","81"
"""prescient system""","predictive system","81"
"""leave-out price""","Miss rate","81"
"""Ground-Verify""","Ground-truth","81"
"""calculation intricacy""","computational complexity","81"
"""world solitary""","world unique","81"
"""incorporate vector"" AND ""feature vector""","feature vector","81"
"""shares similitude""","shares similarity","81"
"""optical character acknowledgment""","Optical Character Recognition (OCR)","81"
"""data and correspondence innovation (ICT)""","information and communications technology (ICT)","81"
"""various sclerosis""","multiple sclerosis","80"
"""globe Health Organization""","World Health Organization","80"
"""restorative experts""","medical experts","80"
"""picture pre-handling""","picture pre-processing","80"
"""labor in-depth""","labor intensive","80"
"""support vector device""","support vector machine (SVM)","80"
"""cutting-edge execution""","state-of-the-art performance","80"
"""leftover vitality""","remaining energy","80"
"""mist hub""","cloud hub","80"
"""Companion in Nursing""","Associate in Nursing","80"
"""separating highlight"" NOT specular","distance feature (?)","80"
"""warmth transmission""","heat transfer","80"
"""balance fixation""","Equilibrium concentration","80"
"""artificial brain network""","artificial neural network","80"
"""information growth"" AND ""data augmentation""","data augmentation","80"
"""dissolvable chromatographic""~20","solvent","79"
"""repetitive neural organizations""","recurrent neural networks","79"
"""decidedly charged""","positively charged","79"
"""peculiarity discovery""","anomaly detection","79"
"""half breed model""","hybrid model","79"
"""manufactured neural system""","Backpropagation Neural Network (BPNN)","79"
"""profound training"" AND ""deep learning""","deep learning","79"
"""outwardly weakened""","visually impaired","79"
"""totally related layer""","fully-connected layer (neural network)","79"
"""lung most cancer""","lung cancer","78"
"""generative hostile networks""","generative adversarial networks","78"
"""dry hack""","dry cough","78"
"""talk signal"" AND ""speech signal""","speech signal","78"
"""shrewd vehicle""","smart vehicle","78"
"""generative ill-disposed""","generative adversarial (network)","78"
"""convolutional neural arrange""","convolutional neural network","78"
"""heart fee""","heart rate","78"
"""passionate condition""","emotional condition","78"
"""area of enthusiasm""","region of interest","78"
"""Bohr range""","Bohr radius","78"
"""genuine world dataset""","real-world dataset","78"
"""shrewd transportation""","intelligent transportations","78"
"""malignant growth cell lines""","cancer cell lines","78"
"""brilliant matrix""","smart grid","77"
"""selection bush""","decision tree","77"
"""cloud computing surroundings""","cloud computing environment","77"
"""REM rest""","REM sleep","77"
"""reactant action""","catalytic activity","77"
"""clever house""","smart home","77"
"""shrewd contract""","smart contract","77"
"""Parkinson's malady""","Parkinson's disease","77"
"""attractive stirrer"" NOT ""repulsive""","magnetic stirrer","77"
"""human movement acknowledgment""","human activity recognition","77"
"""lymphatic framework""","lymphatic system","77"
"""commotion decrease""","noise reduction","77"
"""atomic DNA""","nuclear DNA","77"
"""kinematic thickness""","kinematic viscosity","77"
"""man-made thinking""","artificial intelligence","77"
"""generate more items"" AND ""goods""","produce more goods","77"
"""savvy libraries""","knowledge databases","77"
"""mechanized thinking""","artificial intelligence","76"
"""haze registering""","fog/mist/cloud computing","76"
"""keen urban area""","smart city","76"
"""activity unit"" AND ""action units""","Action Units (AU)","76"
"""speaker segregation""","speaker segmentation","76"
"""engine neuron""","motor neuron","76"
"""wireless sensor system (WSN)""","wireless sensor network","76"
"""jumping box"" AND ""bounding box""","bounding box","76"
"""dark matter expectation""","grey model prediction","76"
"""affected person fitness""","patient health","76"
"""glucose fixation""","glucose concentration","76"
"""fetal development limitation""","fetal growth restriction","76"
"""cross-entropy misfortune""","cross-entropy loss","76"
"""pass-over charge""","miss rate","76"
"""resource bubble""","asset bubble","76"
"""magnetic reverberation""","magnetic resonance","75"
"""border situation"" AND ""boundary condition""","boundary condition","75"
"""fundamental gathering""","functional groups","75"
"""summon line""","command line","75"
"""carboxylic corrosive""","carboxylic acid","75"
"""preparation informational index""","training dataset","75"
"""hand motion acknowledgment""","hand gesture recognition","75"
"""greasy liver""","fatty liver (disease)","75"
"""limited component strategy""","finite element method","75"
"""brilliant lattice""","smart network","75"
"""accuracy agribusiness""","precision agriculture","75"
"""concoction properties""","chemical properties","75"
"""crop checking""","crop monitoring","75"
"""money related framework""","financial systems","75"
"""thyroid sickness""","???","74"
"""tall temperature""","high temperature","74"
"""male transcendence""","male predominance","74"
"""antagonistic assaults""","adversarial attacks","74"
"""denial of carrier""","denial of service (DoS)","74"
"""transcribed digit""","handwritten digit (recognition)","74"
"""convulsive neural""","convolutional neural (network)","74"
"""cease-to-end""","end-to-end","74"
"""diminishing sugar""","reduce sugar","73"
"""picture affirmation""","image recognition","73"
"""planning set"" AND ""training set""","training set","73"
"""secrecy frameworks""","stealth systems","73"
"""IEEE Exchanges on""","IEEE Transactions on","73"
"""Autumn Armyworm""","Fall armyworm","73"
"""pigeonholing classification""~10","classification","73"
"""CO2 effusion""","CO2 emission","73"
"""mist figuring""","mist computing","73"
"""evidence of stake""","proof of stake","73"
"""preparing prepare""","training process","73"
"""outwardly debilitated""","visually impaired","73"
"""prescient framework""","predictive model","73"
"""fake brain networks""","artificial neural networks","73"
"""relapse tree""","regression tree","73"
"""nitric corrosive""","nitric acid","73"
"""electrically directing""","electrically conducting","72"
"""review esteem""","?? value","72"
"""efflux bombs""","efflux pumps","72"
"""U-internet"" AND ""CNN""","U-Net","72"
"""ECG flag""","ECG signal","72"
"""sign to clamor""","signal to noise","72"
"""floor truth""","ground truth","72"
"""open mists""","open cloud","72"
"""pre-educated model""","pre-trained model","72"
"""mind growth"" AND ""brain tumor""","brain tumor","72"
"""portable specially appointed systems""","mobile ad hoc networks","72"
"""squander the executives""","waste management","72"
"""spinal string""","spinal cord","72"
"""hindrance zone""","inhibition zone","72"
"""fluffy C implies""","fuzzy C means","72"
"""Nusselt numeral""","Nusselt number","72"
"""boisterous information""","noisy data","72"
"""stop-to-cease""","end-to-end","72"
"""has turned out to be a standout""","was one of the key","72"
"""logical motor""","analytical engine (Babbage's invention)","71"
"""grid hunt""","grid search","71"
"""expanded Dickey-Fuller""","augmented Dickey-Fuller","71"
"""exchange work"" AND ""transfer function""","transfer function","71"
"""vitality devoured""","energy use","71"
"""image recuperation""","image recovery","71"
"""more seasoned grown-ups""","older adults / seniors / elderly people?","71"
"""vitality market""","energy market","71"
"""chest anxiety""","chest discomfort","71"
"""warm camera""","thermal camera","71"
"""Global Gathering on""","International Conference on","71"
"""face reputation"" AND ""face recognition""","face recognition","71"
"""discourse union""","speech synthesis","71"
"""savvy meter""","smart meter","71"
"""warm capacity""","heat capacity","71"
"""recall door""","forget gate (a part of LSTM)","71"
"""Rayleigh blurring""","Rayleigh fading","71"
"""electronic well-being record""","electronic health record (EHR)","71"
"""a given gift""","a known present","71"
"""decision bushes""","decision trees","70"
"""Fourier remodel""","Fourier transform","70"
"""synthetic response"" AND (""be that as it"" OR ""on the off chance"")","chemical reaction","70"
"""amalgamation of Nps""","formation/development/synthesis of Nps","70"
"""environmental defilement""","environmental degradation","70"
"""loads and predispositions"" NOT ""COVID""","weights and biases (neural network parameters)","70"
"""squander the board""","???","70"
"""angle plummet""","gradient descent","70"
"""fundamental sickness""","chronic infections","70"
"""concurrent localization and mapping""","Simultaneous Localization and Mapping (SLAM)","70"
"""surgical intercession""","surgical intervention","70"
"""approval and translation""","validation and interpretation","70"
"""head part examination""","principal component analysis (PCA)","70"
"""self-organizing path""","self organizing map (SOM)","70"
"""warmth transport"" AND ""flow""","heat transfer","69"
"""vicinity unit""","area unit","69"
"""neighborhood binary pattern""","Local Neighbor Binary Pattern (LNBP)","69"
"""watery concentrate""","aqueous extract","69"
"""variant operator"" AND ""mutation operator""","mutation operator","69"
"""enactment energy""","Activation energy","69"
"""k esteem""","K value","69"
"""exactness esteem""","accuracy value","69"
"""cerebrum network""","neural network","69"
"""professionals and cons""","pros and cons","69"
"""Alzheimer's malady""","Alzheimer's disease","69"
"""Naive mathematician""","Naïve Bayes","69"
"""quickening voltage""","accelerating voltage","68"
"""nation-of-art""","state-of-the-art","68"
"""superior visualization"" AND ""better detection""","better detection","68"
"""commotion evacuation""","noise removal","68"
"""facial milestone""","facial landmark","68"
"""denial of provider""","denial of service (DoS) (attack)","68"
"""fractional differential conditions""","Partial Differential Equation (PDE)","68"
"""wise assembling""","intelligent manufacturing","68"
"""omit price"" AND ""miss rate""","miss rate","68"
"""wind propellers"" AND ""wind turbines""","wind turbines","68"
"""potassium dihydrogen sulfate""","potassium hydrogen sulfate","68"
"""invulnerable cell""","immune cell","68"
"""convolutional squares""","convolutional block","68"
"""troublesome technologies""","disruptive technologies","68"
"""Gaussian combination models""","Gaussian Mixture Models (GMM)","68"
"""savvy lattice""","smart network","68"
"""shut circle framework""","closed-loop framework","67"
"""wild issue""","important issue","67"
"""banking quarter""","banking sector","67"
"""drawn-out impacts""","???","67"
"""uncooked information""","raw data","67"
"""artificial neural organizations""","artificial neural networks","67"
"""motor vitality""","kinetic energy","67"
"""regulated learning calculation""","supervised learning algorithm","67"
"""dormant environment""","inert atmosphere","67"
"""way of life media""","culture media","67"
"""establishment work"" AND ""neural""","activation function","67"
"""cross breed frameworks""","hybrid systems","67"
"""data and communication innovation""","information and communications technology (ICT)","67"
"""matrix hunt""","grid search","67"
"""administered machine learning""","supervised machine learning","67"
"""determination settlement""","???","67"
"""keen contract""","smart contract","67"
"""profound gaining""","deep learning","67"
"""intermittent neural system""","recurrent neural network","67"
"""luxurious equipment""","expensive equipment","66"
"""expulsion effectiveness""","Removal effectiveness","66"
"""version schooling""","model training","66"
"""respiratory disappointment""","respiratory failure","66"
"""mystery layer""","hidden layer","66"
"""coaching information"" AND ""training data""","training data","66"
"""district of intrigue""","region of interest","66"
"""bosom tumor""","breast cancer","66"
"""sound flag""","sound signal","66"
"""order exactness"" AND ""classification accuracy""","classification accuracy","66"
"""radiomic highlights""","radiomic features","66"
"""half-breed approach""","hybrid approach","66"
"""scanty representations""","sparse representations","66"
"""malignant assault""","malicious attack","66"
"""threshold esteem""","threshold value","66"
"""social database"" AND ""NoSQL""","relational database","65"
"""regional convolutional"" AND ""recurrent convolutional""","recurrent convolutional (RCNN)","65"
"""smart cities and networks""","smart cities and communities","65"
"""human-PC communications""","human-computer interaction (HCI)","65"
"""warm solace""","thermal comfort","65"
"""slant investigation""","trend analysis","65"
"""networks molecules"" AND ""crosslinked polymers""","crosslinked polymers","65"
"""intermittent nets""","recurrent [neural] networks","65"
"""eigen esteems""","eigenvalues","65"
"""foundation clamor""","background noise","65"
"""human-PC cooperation""","human-computer interaction (HCI)","65"
"""system mastering strategies""","machine learning techniques","65"
"""Most extreme Entropy""","Maximum entropy (ME)","64"
"""acknowledgment pace""","recognition rate","64"
"""coordinated non-cyclic chart""","directed acyclic graphs (DAGs)","64"
"""parallel blend""","binary mixture","64"
"""wavelet rework""","wavelet transform","64"
"""Human-PC Interface""","Human-Computer Interface (HCI)","64"
"""straight polarization""","linear polarization","64"
"""self-ruling vehicles""","autonomous vehicles","64"
"""as seeks after""","as follows","64"
"""concoction response""","chemical reaction","64"
"""Radio Recurrence Recognizable proof""","Radio Frequency Identification (RFID)","64"
"""hearing misfortune""","hearing loss","64"
"""regenerative framework"" AND ""reproductive""","reproductive system","64"
"""design acknowledgment pattern recognition""~20","pattern recognition","64"
"""diffractor meter""","diffractometer","63"
"""question successions""","query sequences","63"
"""herbal choice""","natural selection","63"
"""dispersing parameter""","scattering parameter","63"
"""speaker acknowledgment"" AND ""speaker recognition""","speaker recognition","63"
"""enlistment engine""","induction motor","63"
"""impeding antibodies""","inhibitory antibodies","63"
"""coronary corridor""","coronary artery","63"
"""whole C"" AND ""total organic carbon""","Total organic carbon","63"
"""isolated into two gatherings""","separated into two groups","63"
"""warmth map""","heat map","63"
"""gotten impressive consideration""","received considerable attention","63"
"""outspread premise work""","radial basis function","63"
"""grouping errand""","classification task","63"
"""Partial Component Analysis (PCA)""","Principal Component Analysis (PCA)","63"
"""AI draws near""","AI approaches (as in \""methods\"")","63"
"""outwardly hindered""","visually impaired","62"
"""slant examination""","sentiment analysis","62"
"""sort 2 diabetes""","type 2 diabetes","62"
"""cell reasonability""","cell sensitivity","62"
"""savvy card""","smart card","62"
"""world wellbeing organization""","World Health Organization (WHO)","62"
"""generative opposed network""","generative adversarial network","62"
"""PC based knowledge""","Computer-based knowledge","62"
"""gum ailments""","gum disease","62"
"""spam sifting""","spam filtering","62"
"""penmanship acknowledgment""","handwriting acknowledgement","62"
"""ozone depleting substance emanations""","greenhouse gas emissions","62"
"""fever, hack""","fever, cough","62"
"""bleaching equation""","bleaching kinetic","62"
"""word blunders""","word errors (as in \""word error rate\"")","61"
"""Eckert quantity""","Eckert number","61"
"""stoner experience""","user experience","61"
"""quick Fourier change""","Fast Fourier Transform","61"
"""nonstop checking""","continuous checking","61"
"""convolution neural community""","convolutional neural network","61"
"""head part investigation""","principal component analysis (PCA)","61"
"""half and half framework""","hybrid system","61"
"""misleading positive rate""","false positive rate","61"
"""commotion expulsion""","noise removal","61"
"""far from customary""","rare","61"
"""passionate mood""","emotional state","61"
"""faulty neural network""","convolutional neural network (CNN)","61"
"""R2 esteem""","R2 value","61"
"""intermittent organization""","recurrent network","61"
"""feeling dictionary""","sentiment dictionary","61"
"""refractive list""","refractive index","61"
"""savvy machines""","smart devices","61"
"""procedure structure"" AND ""process design""","process design","61"
"""Fourier rework""","Fourier transform","61"
"""solitary variable"" AND ""independent variable""","independent variable","61"
"""insight officials""","intelligence officers","61"
"""mRNA articulation""","mRNA expression","61"
"""real-time statistics analysis""","real-time data analysis","60"
"""speaker subordinate""","speaker-dependent","60"
"""back propagation neural system""","back propagation neural network","60"
"""natural liquids"" AND ""biological fluid""","biological fluid","60"
"""subterranean insect state""","ant colony","60"
"""inclination bearing""","gradient direction","60"
"""arbitrary strolls""","random walks","60"
"""Markov arbitrary""","Markov random fields","60"
"""half and half methodology""","hybrid approach","60"
"""stochastic inclination""","stochastic gradient","60"
"""intermittent neural organizations""","recurrent neural networks","60"
"""manufactured discourse""","synthesized speech","60"
"""R2 worth""","R2 value","60"
"""compressive detecting""","compressive sensing","60"
"""Adam enhancer""","Adam optimizer","60"
"""Choroid Neovascularisation""","Choroidal Neovascularisation (CNV)","60"
"""administered artificial intelligence""","supervised artificial intelligence","60"
"""sans hands""","hands-free","60"
"""system learning (ML)""","machine learning (ML)","60"
"""discourse flag""","speech signal","59"
"""organization assault""","network attack","59"
"""programmed discourse acknowledgment""","automatic speech recognition (ASR)","59"
"""test portraits""","picture pre-processing","59"
"""effluent of CO2""","emission of CO2","59"
"""organic corrosive""","organic acid","59"
"""restricting locales""","binding sites","59"
"""clothes airers""","???","59"
"""essential component analysis""","principal component analysis (PCA)","59"
"""web scratching""","web scraping","59"
"""intense angle""","acute angle","59"
"""python bundle""","Python package","59"
"""halfway differential""","partial differential","59"
"""clamour decrease""","noise reduction","59"
"""folic corrosive""","folic acid","59"
"""budgetary division""","financial corporations","59"
"""vitality meter""","energy meter","59"
"""more established grown-ups""","older adults / seniors / elderly people?","59"
"""money-related emergency""","financial crisis","59"
"""group head (CH)""","cluster head","59"
"""Multi-layer reticle""","Multi-layer resist (MLR) ?","59"
"""talk update""","speech enhancement","59"
"""kind injuries""","benign injuries","58"
"""exchange training"" AND ""transfer learning""","transfer learning","58"
"""locale of intrigue""","region of interest","58"
"""speculative proteins""","hypothetical proteins","58"
"""hereditarily adjusted""","genetically modified","58"
"""half breed framework""","hybrid system","58"
"""currently a-days""","nowadays","58"
"""mind cancer"" AND ""brain cancer""","brain cancer","58"
"""region under the bend""","area under the curve (AUC)","58"
"""picture enlistment""","image registration","58"
"""diverse sum""","various amount (quantity)","58"
"""Gaussian conveyance""","Gaussian distribution","58"
"""vitality move""","energy transfer","58"
"""Crohn's infection""","Crohn's disease","58"
"""optimistic and important""","positive and significant","57"
"""cryptanalysis assaults""","cryptanalysis attacks","57"
"""separate the highlights"" NOT specular","extract the features","57"
"""phony picture""","fake image","57"
"""Man-made Reasoning (AI)""","Artificial Intelligence (AI)","57"
"""perplexity framework""","confusion matrix","57"
"""brilliant cultivating""","smart agriculture","57"
"""sigmoid actuation""","sigmoid activation","57"
"""convective neural network""","convolutional neural network (CNN)","57"
"""speaker autonomous""","speaker independent","57"
"""counterfeit knowledge""","artificial intelligence","57"
"""mind cellular""","???","57"
"""stoner interface""","user interface","57"
"""estimation of convergent validity""","Average Variance Extracted (AVE)","57"
"""shrouded units""","hidden units","57"
"""numerous sclerosis""","multiple sclerosis","57"
"""principal component examination""","principal component analysis","57"
"""more prominent exactness""","higher accuracy","56"
"""single-shot identification""","Single-Shot Detector (SSD)","56"
"""feed-forward neural organization""","feed forward neural network","56"
"""arrive utilize""","land use","56"
"""purpose of offer""","Point of Sale","56"
"""therapeutic conclusion"" AND ""medical diagnosis""","medical diagnosis","56"
"""inclination plummet""","gradient descent","56"
"""to settle the nanoparticle""","stabilize the nanoparticle","56"
"""administered learning calculations""","supervised learning algorithms","56"
"""direct SVM"" AND ""linear SVM""","linear SVM","56"
"""worldwide positioning system""","Global Positioning System (GPS)","56"
"""dynamic consistency"" AND ""dynamic viscosity""","dynamic viscosity","56"
"""applicable examine""","???","56"
"""nice-tuning""","fine-tuning","56"
"""Worldwide Diary of""","International Journal of","56"
"""assessment gadget""","evaluation system","56"
"""elective vitality""","renewable energy","56"
"""median channel"" AND ""median filter""","median filter","56"
"""distant worker"" AND ""cloud computing""","remote server","56"
"""Single Shot Identification""","Single Shot Detection (SSD)","56"
"""curvelet change""","curvelet transformation","56"
"""Gabor change""","Gabor transform","56"
"""fluffy logic""","fuzzy logic","56"
"""hereditary data"" AND ""genetic information""","genetic information","56"
"""research zeroed in""","research focused","55"
"""natural photovoltaic""","organic photovoltaic","55"
"""initiation capacity"" AND ""activation function""","activation function","55"
"""desire tree""","decision tree","55"
"""shrewd lattice""","smart network","55"
"""oddity location""","anomaly detection","55"
"""unmarried factor""","single factor","55"
"""timing assault""","timing attack (a cryptanalysis attack)","55"
"""savvy devices""","smart devices","55"
"""liquidity hazard""","liquidity risk","55"
"""morphological administrator""","morphological operator","55"
"""respiratory plot""","respiratory tract","55"
"""premise work"" AND ""basis function""","basis function","55"
"""hereditary programming""","genetic programming","55"
"""pre-dealing with""","pre-processing","55"
"""muscle shortcoming""","muscle weakness","55"
"""uphold vector machine""","support vector machine (SVM)","55"
"""first class of service""","quality of service (QoS)","55"
"""Gaussian appropriations""","Gaussian components","55"
"""computational liquid elements""","computational fluid dynamics","55"
"""affectability, explicitness""","sensitivity, specificity","55"
"""metric capacity unit""","machine learning (ML)","54"
"""discern 5"" AND ""figure 5""","figure 5","54"
"""facial acknowledgement""","face recognition","54"
"""crying knowledge""","???","54"
"""genuine up-sides""","true positive","54"
"""keen lattice""","smart network","54"
"""end-to-cease""","end-to-end","54"
"""likelihood thickness work""","Probability Density Function (PDF)","54"
"""gated-repetitive unit (GRU)""","gated recurrent unit (GRU)","54"
"""ailing districts""","tumor region","54"
"""fluffy c-mean""","fuzzy c-mean","54"
"""go-layer"" AND ""cross-layer""","\""cross-layer\""","54"
"""secrecy abilities""","stealth (in the context of nanoparticles)","54"
"""explainability computation""","explanation computation?","54"
"""stomach related framework""","???","54"
"""regular language preparing""","natural language processing (NLP)","54"
"""bosom growth""","breast cancer","54"
"""carbon dioxide secretions""","carbon dioxide emissions","54"
"""fringe gadget""","peripheral device","53"
"""resource esteems""","asset prices","53"
"""races are responsible""","fair competition","53"
"""false high-quality""","false positive","53"
"""10-crease cross""","10-fold cross (validation)","53"
"""gastric corrosive""","gastric acid","53"
"""right of method""","right of way","53"
"""energy attentive""","energy efficient","53"
"""explicit illness""","specific illness","53"
"""co-event framework""","co-occurrence matrix","53"
"""Center i7""","Core i7","53"
"""picture enrollment""","picture transformation","53"
"""10-overlap cross approval""","10-fold cross validation","53"
"""outfit classifier""","ensemble classifier","53"
"""inclination helping""","gradient boosting","53"
"""backslide model""","regression model","53"
"""key execution markers""","key performance indicators (KPI)","53"
"""blended whole number""","mixed integer","53"
"""blunder term""","error term","53"
"""ensemble getting to know""","ensemble learning","52"
"""ballot strategy""","voting strategy","52"
"""reflex coefficient""","reflection coefficient","52"
"""social designing"" AND ""social engineering""","social engineering","52"
"""tweet order""","tweet classification","52"
"""malicious hobbies""","???","52"
"""start to finish model""","end-to-end model","52"
"""extricate the information""","extract data","52"
"""savage power"" AND ""brute""","brute force","52"
"""shrouded state""","hidden state (in HMM)","52"
"""spiral premise work""","radial basis function (RBF)","52"
"""ecological eminence""","environmental quality","52"
"""independent element analysis""","independent component analysis (ICA)","52"
"""convolution brain organization""","convolutional neural network (CNN)","52"
"""organ disappointment""","organ failure","52"
"""Intermittent Brain Organizations""","Recurrent Neural Networks (RNNs)","52"
"""Serious Intense Respiratory Disorder""","severe acute respiratory syndrome (SARS)","52"
"""image upgrade"" AND ""image enhancement""","image enhancement","52"
"""marked information"" AND ""labeled data""","labeled data","52"
"""exploratory information examination""","exploratory data analysis (EDA)","52"
"""bogus positive FP""~5","false positive","52"
"""intermittent brain organisations""","recurrent neural network (RNN)","52"
"""vehicle acknowledgment"" AND ""vehicle identification""","vehicle identification","52"
"""multidrug safe""","Multiple drug resistance (MDR)","52"
"""effusions of carbon""","emissions of carbon","51"
"""mechanical homes"" AND ""mechanical properties""","mechanical properties","51"
"""fit file"" AND ""fit index""","Fit Index","51"
"""research gadget""","research tool","51"
"""traffic the board"" AND ""traffic management""","traffic management","51"
"""packet shipping ratio""","packet delivery ratio (PDR)","51"
"""important component analysis""","Principal Component Analysis (PCA)","51"
"""Worldwide Meeting on""","International Conference on","51"
"""quantitative achievement"" AND ""quantitative result""","quantitative result","51"
"""phosphoric corrosive""","phosphoric acid","51"
"""two factor confirmation""","two factor authentication","51"
"""World Wellbeing Association (WHO)""","World Health Organization (WHO)","51"
"""synthesized discourse""","synthesized speech","51"
"""built-interconnected""","???","51"
"""shrewd matrix""","smart grid","51"
"""confined Boltzmann machine""","restricted Boltzmann machine (RBM)","51"
"""go-validation"" AND ""cross-validation""","cross-validation","51"
"""light producing diode""","light emitting diode","51"
"""free radical rummaging""","free radical scavenging","50"
"""conventional steering"" AND routing","traditional routing","50"
"""totally associated layer""","fully connected layer (of a neural network)","50"
"""savvy material""","smart material","50"
"""sunlight-based force""","solar power","50"
"""piece capability""","kernel function","50"
"""exactness, accuracy, and review""","precision, accuracy, and recall","50"
"""common language handling""","natural language processing (NLP)","50"
"""federated studying""","federated learning","50"
"""enormous language models""","large language models","50"
"""common dialect handling""","natural language processing","50"
"""pre-skilled model""","pre-trained model","50"
"""rice impact"" AND ""rice blast""","rice blast","50"
"""energy dispersive X-beam""","energy dispersive X-ray analysis (EDX)","50"
"""praise-primarily""","???","50"
"""blended speech""","synthesized speech","50"
"""time collection forecasting""","Time Series Forecast (TSF)","50"
"""voice reputation""","speech recognition","50"
"""populace increment""","population growth","50"
"""random backwoods""","random forest","50"
"""protest discovery""","object detection","50"
"""angle boosting"" AND ""gradient boosting""","gradient boosting","49"
"""bracket delicacy""","classification accuracy","49"
"""veritable positive""","true positive","49"
"""outward appearance acknowledgment""","face recognition","49"
"""dairy organs""","mammary glands","49"
"""logistic reversion""","logistic regression","49"
"""melanoma issues""","melanoma cases","49"
"""slope drop"" AND ""gradient descent""","gradient descent","49"
"""keen transportation""","smart transportation","49"
"""PC organization"" AND ""computer network""","computer network","49"
"""more noteworthy exactness""","higher accuracy","49"
"""car encoders""","auto-encoders","49"
"""random timberland""","random forest","49"
"""differentiation specialist""","contrast agent","49"
"""downstream undertaking""","downstream task","49"
"""information base framework""","database system","49"
"""discourse detachment""","speech separation","49"
"""highlight coordinating""","feature matching","49"
"""ok-nearest neighbor""","K-nearest neighbor","49"
"""fuzzy C-implies""","fuzzy C-means (clustering)","49"
"""meta-highlight""","meta-feature","49"
"""moving normal (ARIMA)""","Autoregressive integrated moving average (ARIMA)","49"
"""vehicular specially appointed systems""","vehicular ad-hoc networks (VANET)","48"
"""MFCC highlights""","MFCC features","48"
"""tend to area unit""","are","48"
"""self-governing driving""","autonomous driving","48"
"""flag to commotion""","signal to noise","48"
"""counterfeit intelligence""","artificial intelligence (AI)","48"
"""private mists""","private cloud","48"
"""electrostatic fascination""","electrostatic attraction","48"
"""unaided AI""","unsupervised artificial intelligence","48"
"""commented on pictures""","labeled images","48"
"""noxious node""","malicious node","48"
"""Linux Working Framework""","Linux Operating System","48"
"""appealing charge""","Attractive Interaction","48"
"""noise expulsion""","noise removal","48"
"""pernicious node""","malicious node","48"
"""main ingredient analysis""","Principal Component Analysis (PCA)","48"
"""savvy vehicle""","smart vehicle","48"
"""savvy cultivating""","smart farming","48"
"""Global Diary of""","International Journal of","48"
"""Radio Recurrence Distinguishing proof""","Radio Frequency Identification (RFID)","48"
"""universal inhabitants""","world population","48"
"""Inclination boosting""","gradient boosting","48"
"""audit article"" AND ""review article""","review article","48"
"""Boolean rationale""","Boolean logic","48"
"""wellspring of income""","source of income","48"
"""miss rate calculation""","???","48"
"""generation countermeasure network (GAN)""","generative adversarial network","48"
"""safe starch""","resistant starch","48"
"""hyaluronic corrosive""","hyaluronic acid","47"
"""noise evacuation""","noise removal","47"
"""exactness responsiveness explicitness""~5","accuracy, sensitivity, specificity","47"
"""malevolent tumor""","malignant tumor","47"
"""feeling grouping""","emotion classification","47"
"""personal data protection obligation""","General Data Protection Regulation (GDPR)","47"
"""impartial PH""","neutral PH","47"
"""venereal ailments""","venereal disease","47"
"""back-spread calculation""","backpropagation algorithm","47"
"""commencement work""","activation function","47"
"""low-goal"" AND ""low-resolution""","low-resolution","47"
"""warm diffusivity""","thermal diffusivity","47"
"""XG help""","XGBoost","47"
"""JPEG pressure""","JPEG compression","47"
"""successive information"" AND ""sequential data""","sequential data","47"
"""cease-to-cease""","end-to-end","47"
"""low pay nations""","low income countries","47"
"""android versatile"" NOT ""paranoid android""","Android mobile/phone","47"
"""intensity weighted bandwidth""","spectral efficiency","47"
"""logical growth phase""~5","logarithmic growth phase","47"
"""favorable cancer"" AND (""benign cancer"" OR ""benign tumor"")","benign cancer/tumor","47"
"""lifestyles span""","lifespan","46"
"""salt and peppers commotion""","salt and pepper noise","46"
"""High-thickness polyethylene""","high density polyethylene (HDPE)","46"
"""inertial estimation unit""","inertial measurement unit","46"
"""human-PC association""","Human Machine Interface (HMI) OR Human-computer interaction (HCI)","46"
"""Mel Recurrence Cepstral""","Mel Frequency Cepstral","46"
"""data wisdom"" AND ""data science""","data science","46"
"""nourishment handling""","food processing","46"
"""fractional request""","fractional order","46"
"""blunder signal""","error signal","46"
"""bogus negative FN""~5","false negative","46"
"""savvy matrix""","smart grid","46"
"""acknowledgement execution""","recognition performance","46"
"""GB Smash""~3","GB RAM (memory)","46"
"""normal language preparing""","natural language processing","46"
"""authoritative ownership""","executive ownership","46"
"""support vector engine""","support vector machine (SVM)","46"
"""man-made awareness""","artificial intelligence","46"
"""Map prune""","Map Reduce","46"
"""interconnected burdens""","interconnected loads","46"
"""oil rentals""","oil rents","46"
"""back-engendering calculation""","back-propagation algorithm","46"
"""stop-to-quit""","end-to-end (E2E)","46"
"""mechanical upset""","industrial revolution","46"
"""cross-approval techniques""","cross-validation techniques","46"
"""rhapsody simulation""","ensemble simulation","46"
"""blunder pace""","error rate","46"
"""memory misfortune""","memory loss","45"
"""fifth era (5G)""","fifth generation (5G)","45"
"""community coding"" AND ""network coding""","network coding","45"
"""Gaussian haze""","Gaussian noise","45"
"""vitality utilize""","energy use","45"
"""e-casting a ballot""","e-voting","45"
"""input esteems""","input values","45"
"""machine mastery""","machine learning","45"
"""bearer gas""","carrier gas","45"
"""gear disappointment""","gear failure","45"
"""huge quantities of individuals""","large parts of the population","45"
"""forecast blunder""","prediction error","45"
"""empower rancher""","enable farmer","45"
"""hyperledger texture""","hyperledger fabric","45"
"""halfway differential condition""","partial differential equation","45"
"""bosom milk""","breast milk","45"
"""evaluation gadget""","evaluation system","45"
"""brilliant card""","smart cards","45"
"""bitcoin cryptocurrency exchange""","???","45"
"""synthetic genius""","artificial intelligence","45"
"""forthcoming utilization""","further use","45"
"""channel banks"" AND ""MFCC""","filter banks","45"
"""ROC wind""","ROC curve","45"
"""matrix search"" AND ""grid search""","grid search","45"
"""computerized-based system""","Computer-Based Systems","45"
"""Apple Observe""","Apple Watch","45"
"""imperativeness usage""","energy use","45"
"""prophetic modeling""","predictive modeling","45"
"""bolster forward""","feed-forward (connections)","45"
"""inclination drop"" AND ""ANN""","gradient descent","45"
"""gregarious media""","social media","45"
"""clever meter""","smart meter","45"
"""segregated word""","isolated word","45"
"""accuracy, precision, don't forget""","accuracy, precision, recall","44"
"""world positioning system""","Global Positioning System (GPS)","44"
"""to be had bandwidth""","available bandwidth","44"
"""irresistible specialist""","infectious agent","44"
"""mel-recurrence cepstral coefficients""","Mel-frequency cepstral coefficients (MFCCs)","44"
"""deep acquisition"" AND ""deep learning""","deep learning","44"
"""designated conveyance""","targeted delivery","44"
"""shrouded Markov""","Hidden Markov Model (HMM)","44"
"""gesture popularity""","gesture recognition","44"
"""robotized recognition""","automated classification","44"
"""line bolstering""","line feeding","44"
"""antimicrobial opposition""","resistance to antibiotics","44"
"""nutrient B12"" AND ""vitamin""","vitamin B12","44"
"""antiquated occasions""","ancient times","44"
"""least-squares relapse""","least-squares regression","44"
"""fluffy grouping""","fuzzy clustering","44"
"""sample reputation"" AND ""pattern recognition""","pattern recognition","44"
"""0.5 breed""","half-breed","44"
"""advantage bubble""","economic bubble","44"
"""sun oriented force""","solar energy","44"
"""lagging period"" AND ""lag phase""","lag phase","44"
"""coveted yield""","desired yield","44"
"""hereditarily altered""","genetically modified","44"
"""trickle water system""","drip water irrigation system","44"
"""Mel Recurrence Cepstral Coefficients""","Mel Frequency Cepstral Coefficients (MFCC)","44"
"""password assault""","password attack","44"
"""to-be-had bandwidth""","available bandwidth","44"
"""transfer layer protocol""","transport layer protocol","44"
"""straight characterization""","linear classification","43"
"""closest neighbor (NN)""","nearest neighbor (NN)","43"
"""incendiary condition""","inflammatory disease","43"
"""linear discriminant evaluation""","Linear Discriminant Analysis (LDA)","43"
"""associate in nursingd""","and","43"
"""PC Tomography""","Computed Tomography (CT)","43"
"""fluffy derivation""","fuzzy inference","43"
"""insurance plot""","protection scheme","43"
"""artificial brainpower""","artificial intelligence","43"
"""organize lifetime""","network lifetime","43"
"""machine proficiency"" AND ""machine learning""","machine learning","43"
"""robotized strategies""","automated methods","43"
"""symphonious mean""","harmonic mean","43"
"""PC-based insight""","artificial intelligence","43"
"""design acknowledgement pattern recognition""~20","pattern recognition","43"
"""warmth trade""","heat exchange","43"
"""remove measurements"" AND ""distance metrics""","distance metrics","43"
"""give-up-to-give-up""","end-to-end","43"
"""clever card""","smart card","43"
"""issue conclusion"" AND ""fault diagnosis""","fault diagnosis","43"
"""non-valuable metal""","non-precious metal","43"
"""feeling classification"" AND ""emotion classification""","emotion classification","43"
"""Worldwide Gathering on""","International Conference on","43"
"""energy lattice"" AND ""energy grid""","energy grid","43"
"""checking the votes""","tallying votes","43"
"""acrylic corrosive""","acrylic acid","43"
"""gadget verification""","???","43"
"""counterfeit treatment""","???","42"
"""SVM set of rules""","SVM algorithm","42"
"""vindictive node""","malicious node","42"
"""GDP upsurges""","GDP increases","42"
"""regulated AI calculation""","supervised machine learning algorithm","42"
"""stop-to-give-up""","end-to-end","42"
"""processed tomography (CT)""","computed tomography","42"
"""unique mark acknowledgment""","fingerprint","42"
"""arrangement framework"" AND ""classification system""","classification system","42"
"""casting a ballot framework""","voting system","42"
"""backwood classifier""","(random) forest classifier","42"
"""squared fault""","(mean) squared error","42"
"""diastolic circulatory strain""","diastolic blood pressure","42"
"""assessed half life""","estimated half life","41"
"""recurrence sub group""","frequency subband","41"
"""fluffy induction""","fuzzy induction","41"
"""tissue annihilation""","tissue damage","41"
"""disavowal of administration assaults""","denial of service attacks","41"
"""evidence of labor"" and ""blockchain""","proof of work","41"
"""consistent glide""","steady flow","41"
"""responsiveness and particularity""","sensitivity and specificity","41"
"""subterranean insect settlement""","ant colony","41"
"""prosperity structures""","welfare state","41"
"""genetic cosmetics""","genetic make-up","41"
"""energy center point""","energy hub","41"
"""profound reinforcement learning""","deep reinforcement learning","41"
"""unpleasant structures""","repellent structures","41"
"""guy-in-the-center""","man-in-the-middle (MITM) (attack)","41"
"""feeling registering""","emotion recognition","41"
"""non-terrible""","non-negative","41"
"""creature cultivation""","animal husbandry","41"
"""speed, assortment""","volume, *velocity, variety*, and veracity (Four Vs)","41"
"""Amazon Web Administration""","Amazon Web Services (AWS)","41"
"""outrageous learning machine""","extreme learning machine (ELM)","41"
"""different sclerosis""","multiple sclerosis","41"
"""substandard prognosis""","poor prognosis","41"
"""denial of administration""","Denial of Service","41"
"""bee province""","bee colony","40"
"""human-made consciousness""","artificial intelligence","40"
"""okay-nearest neighbor""","K-nearest neighbor","40"
"""extreme ailment""","severe illness","40"
"""recurrence goal"" AND ""signal""","frequency resolution","40"
"""highlight withdrawal"" NOT specular","feature extraction","40"
"""PC upheld""","Computer-aided (e.g., design CAD)","40"
"""profound conviction organization""","deep belief network (DBN)","40"
"""profound mastering""","deep learning (DL)","40"
"""nonstop enhancement""","continuous improvement","40"
"""preparation occasion""","training instance","40"
"""review and exactness""","recall and precision","40"
"""softmax enactment""","softmax activation (function)","40"
"""to the finest of our information""","to the best of our knowledge","40"
"""medication opposition""","drug resistance","40"
"""inquiry dialect""","query language","40"
"""element guide"" AND ""feature map""","feature map","40"
"""up-and-corner""","candidate","40"
"""ailment transmission""","disease transmission","40"
"""fuzzy deduction framework""","Fuzzy inference system","40"
"""route illness""","???","40"
"""system translation model""","machine translation model","40"
"""moo temperature""","low temperature","40"
"""precision and recollect""","Precision and recall","40"
"""preparing exactness""","exactness","40"
"""CO2 exudation""","CO2 emission","40"
"""common dialect preparing""","natural language processing (NLP)","40"
"""perplexity lattice""","confusion matrix","40"
"""instructive file""","dataset","40"
"""inventory network the board""","supply chain management","40"
"""uncooked records""","raw data","40"
"""shrouded neuron""","hidden neuron","40"
"""ill-disposed assaults""","adversarial attacks","40"
"""system getting to know strategies""","machine learning techniques","39"
"""quest engines""","search engines","39"
"""COVID-19 pestilence""","COVID-19 pandemic","39"
"""Simple to-Computerized Converters""","analog-to-digital converters (ADCs)","39"
"""start to finish framework""","end-to-end system","39"
"""medication atoms""","therapeutic molecules","39"
"""irregular clamor""","random noise","39"
"""formic corrosive""","formic acid","39"
"""mortal perception""","human perception","39"
"""Butterworth channel""","Butterworth filter","39"
"""C-implies bunching""","C-means clustering","39"
"""human movement acknowledgement""","human activity recognition","39"
"""sigmoid enactment""","sigmoid function","39"
"""focal handling unit""","central processing unit (CPU)","39"
"""spots of location""","regions of interest (ROI)","39"
"""collector working trademark""","Receiver Operating Characteristic (ROC)","39"
"""flag to clamor""","signal to noise","39"
"""wellbeing the board""","health management","39"
"""approval information"" AND (""validation test"" OR ""validation dataset"")","validation dataset","39"
"""fluffy deduction""","fuzzy deduction","39"
"""vitality dispersive""","energy dispersive","39"
"""keen matrix""","smart grid","39"
"""savvy speakers""","smart speakers","39"
"""attractive ink""","magnetic ink (character recognition - MICR)","39"
"""k-implies clustering""","k-means clustering","39"
"""trim generation""","crop production","39"
"""inquiry arrangement""","query sequence","39"
"""positive prescient worth""","positive predictive value","38"
"""managed AI calculation""","supervised learning algorithm","38"
"""information and yield layers""","input and output layers","38"
"""convolutional neural association""","convolutional neural network","38"
"""condition of charge (SOC)""","state of charge (SOC)","38"
"""top notch picture""","highresolution image","38"
"""significant components analysis""","principal component analysis","38"
"""conveyance of administrations""","delivery of","38"
"""ecological corruption"" AND ""environmental degradation""","environmental degradation","38"
"""chelating operator""","Chelating agent","38"
"""individuals kick the bucket""","people die","38"
"""squander age""","waste generation","38"
"""time and recurrence space""","time and frequency space","38"
"""effusions of CO2""","emissions of CO2","38"
"""human-made brainpower""","artificial intelligence","38"
"""salt and pepper clamor""","salt and pepper noise","38"
"""approval misfortune""","validation loss","38"
"""exterior zone"" AND ""specific surface area""","specific surface area","38"
"""regions of hobby""","regions of interest","38"
"""irregular strolls""","random walks","38"
"""non-legislative association""","Non-Governmental Organization (NGO)","38"
"""atom swarm""","particule swarm","38"
"""precision and keep in mind""","Precision and recall","38"
"""pre-prepared loads""","pre-trained weights (in a neural network model)","38"
"""simple to-advanced converters""","analog-to-digital converters (ADCs)","38"
"""signing acknowledgment""","signing / sign language recognition","38"
"""fluffy derivation framework""","fuzzy inference system (FIS)","38"
"""gamble variable""","random variable","38"
"""programmed distinguishing proof""","automatic identification","38"
"""magnificence imbalance""","class imbalance","37"
"""cosine separation""","cosine distance","37"
"""examination bunch""","research group","37"
"""standard differential condition""","ordinary differential equation","37"
"""thing talk"" AND ""ThingSpeak""","ThingSpeak","37"
"""DNA spine""","DNA sugar-phosphate backbone","37"
"""dribble water system""","drip water irrigation system","37"
"""ladies and youngsters""","women and children","37"
"""slope supporting"" AND ""gradient boosting""","gradient boosting","37"
"""attractive strip""","magnetic stripe","37"
"""ongoing neural network""","recurrent neural network","37"
"""relapse and characterization""","regression and classification","37"
"""restricting vitality""","binding energy","37"
"""evaporating angle""","vanishing gradient","37"
"""modern creation"" AND ""industrial production""","industrial production","37"
"""dielectric regular""","dielectric constant","37"
"""oil expulsion"" AND ""oil removal""","oil removal","37"
"""yield door""","output gate (a part of LSTM)","37"
"""impersonation results""","tampered results","37"
"""dividing tensile strength""","splitting tensile strength","37"
"""fluffy guideline""","fuzzy rule","37"
"""utilization preparing""","(to) use training","37"
"""subterranean insect province""","ant colony","37"
"""EDS scrutiny""","EDS analysis","37"
"""Gabor cores""","Gabor kernel","37"
"""astute home""","smart home","37"
"""exchange hindrance""","trade barrier","37"
"""self-organizing transmission""","???","37"
"""confront acknowledgement""","face recognition","37"
"""convivial media""","social media","36"
"""repetitive nets""","recurrent [neural] networks","36"
"""precision and bear in mind""","precision and recall","36"
"""preprepared dataset""","preprocessed dataset","36"
"""signal acknowledgement"" AND ""gesture recognition""","gesture recognition","36"
"""digital personal network""","virtual private network (VPN)","36"
"""actual-time record analysis""","real-time data analysis","36"
"""teachable boundaries""","trainable parameters","36"
"""assemble normalization""","batch normalization","36"
"""accuracy esteem""","accuracy value","36"
"""votes projected""","votes cast","36"
"""age conspire""","generation scheme","36"
"""characteristic dialect handling""","natural language processing (NLP)","36"
"""monetary progression""","economic development","36"
"""myocardial systolic acceleration""","X-ray coronary angiography (XCA)","36"
"""movement acknowledgment"" AND ""movement recognition""","movement recognition","36"
"""automated flying vehicle""","unmanned aerial vehicle (UAV)","36"
"""discourse feeling acknowledgment""","speech emotion recognition","36"
"""expectation distinction""","prediction accuracy","36"
"""methyl pentose sugar""","deoxyhexose","36"
"""worldwide monetary emergency""","global financial crisis","36"
"""picture subtitling""","image captioning","36"
"""commotion contamination""","noise pollution","36"
"""Youthful's modulus""","Young's modulus","36"
"""deep today's"" AND ""deep learning""","deep learning","36"
"""ceaseless variable""~5","continuous variable","36"
"""noteworthy affiliation""","significant relationship","36"
"""sophistication calls""","class label","36"
"""twofold abandoned""","double-stranded","36"
"""fuel vitality""","fuel energy","36"
"""whatever remains of the paper""","the remainder of the paper","36"
"""boa constrictor 3""","Python 3 (Jupyter Notebook)","35"
"""hand milestone""","hand landmark","35"
"""quantitative facilitating""","quantitative easing","35"
"""United Nations company""","World Health Organization (WHO)","35"
"""bit blunder rate""","bit error rate (BER)","35"
"""talked dialect""","spoken language","35"
"""astute transportation""","smart transportation","35"
"""man-made cognizance""","artificial intelligence","35"
"""oxidative worry""","oxidative stress","35"
"""gravitational steady""","gravitational constant","35"
"""repetitive brain network""","recurrent neural network (RNN)","35"
"""AUC esteem""","AUC (area under curve) value","35"
"""mannequin parameters""","model parameters","35"
"""derisive discourse""","hate speech","35"
"""Non-administrative Association""","Non-governmental Organization (NGO)","35"
"""full of feeling state""","emotional state","35"
"""sulfonic corrosive""","sulfonic acid","35"
"""significant wonder""","physical phenomena","35"
"""quit-to-end""","end-to-end","35"
"""anxious framework""","nervous system","35"
"""signal to commotion""","signal to noise","35"
"""serious intense respiratory condition""","severe acute respiratory syndrome","35"
"""product servers"" AND ""commodity servers""","commodity servers","35"
"""word reference assault""","dictionary attack (?) (a cryptanalysis attack)","35"
"""Gaussian mixture version""","Gaussian mixture model","35"
"""disdain discourse""","hate speech","35"
"""establishment disruption""","background noise","35"
"""regular language processing""","natural language processing (NLP)","35"
"""exactness and strength""","accuracy and robustness","35"
"""straight backslide""","linear regression","35"
"""hue photo""","colour image","35"
"""twofold request""","binary classification","35"
"""CRISPR-related protein 9""","\""CRISPR-assocated protein 9 (Cas-9)\""","35"
"""twofold visually impaired""","double blind","35"
"""far-flung sensor""","wireless sensor","35"
"""divinatory elements""","predicted items?","35"
"""picture inscribing""","image captioning","35"
"""DOLS assessor""","DOLS estimator","35"
"""hereditarily changed""","genetically modified","35"
"""reaction surface strategy""","response surface methodology (RSM)","35"
"""getting ready and testing""","training and testing","35"
"""safeguarding security"" AND ""preserving privacy""","preserving privacy","34"
"""Symmetrical recurrence division multiplexing""","Orthogonal Frequency Division Multiplexing (OFDM)","34"
"""atomic medication""","nuclear medicine (NM","34"
"""ID the executive""","identity management","34"
"""interpretability calculation""","explanation computation","34"
"""intellectual science"" AND ""cognitive science""","cognitive science","34"
"""planning and testing"" AND ""training and testing""","training and testing","34"
"""relic fuel""","fossil fuel","34"
"""delicate registering"" AND ""soft computing""","soft computing","34"
"""credulous Bayesian""","naive Bayesian","34"
"""photo popularity"" AND ""image recognition""","image recognition","34"
"""discourse to-content""","speech-to-text","34"
"""kingdom-of-the-art""","state-of-the-art","34"
"""schooling and trying out""","training and testing","34"
"""Mahalanobis separation""","Mahalanobis distance","34"
"""completely associated network""","fully connected (neural) network","34"
"""electron-opening set"" NOT ""electron-opening set angle""","electron-hole pair","34"
"""magnetic reverberation imaging""","magnetic resonance imaging (MRI)","34"
"""mislaid value""","missing value","34"
"""recurrence sub band""","frequency subband","34"
"""carbon effusion""","carbon emission","34"
"""Seeker Summaries""","Candidate summaries","34"
"""Apache Flash""","Apache Spark","34"
"""non-direct capacities""","non-linear functions","34"
"""pack-of-words"" AND ""bag of words""","bag of words (language processing model)","34"
"""pre-educated fashions""","pre-trained models","34"
"""common language preparing""","natural language processing","34"
"""extraordinary ID""","unique ID","34"
"""facial feeling acknowledgment""","facial expression recognition (FER)","34"
"""edge autoregressive""","Threshold Autoregressive (TAR)","34"
"""version education"" AND ""model training""","model training","34"
"""data set worker"" AND ""database""","database server","34"
"""quit-to-give up""","end-to-end","34"
"""jump tally""","hop count","34"
"""Gini list""","Gini Index (GI)","34"
"""characteristic dialect preparing""","natural language processing","34"
"""street side unit""","road side unit (RSU)","34"
"""phantom reach""","spectral range","34"
"""Machine Mastering (ML)""","Machine Learning (ML)","34"
"""time recurrence space""","time-frequency domain","34"
"""ROC twist""","ROC curve","34"
"""vanishing gradient trouble""","vanishing gradient problem","34"
"""Okay-approach""","K-means","34"
"""sluggish student""","lazy learner (?)","34"
"""ecological downfall""","environmental decline","34"
"""fish tutoring""","fish schooling","33"
"""personality the executive""","identity management","33"
"""warmness switch""","heat transfer","33"
"""actual-time statistic analysis ""","real-time data analysis","33"
"""lone segment""","single vector","33"
"""recognition exactness"" AND ""recognition accuracy""","recognition accuracy","33"
"""lung fundamentally""","lung primarily","33"
"""first-class-tuning""","fine-tuning","33"
"""electrostatic repugnance""","electrostatic repulsion","33"
"""prospects markets"" AND ""futures markets""","futures markets","33"
"""named preparing information""","labeled training data","33"
"""signal to clamor""","signal to noise","33"
"""prophetic conservation""","predictive maintenance (PdM)","33"
"""light-touchy""","light-sensitive","33"
"""prophetic delicacy""","predictive accuracy","33"
"""voice popularity""","voice recognition","33"
"""antimicrobial obstruction""","resistance to antibiotics","33"
"""reaction surface technique""","response surface methodology (RSM)","33"
"""gesture reputation""","gesture recognition","33"
"""direct coefficient"" AND ""linear coefficient""","linear coefficient","33"
"""family arranging"" AND ""family planning""","family planning","33"
"""programming tongue""","programming language","33"
"""fuzzy derivation framework""","fuzzy inference system","33"
"""errand planning"" AND ""task scheduling""","task scheduling","33"
"""glow nanoparticles""","luminescent nanoparticles","33"
"""voice flag""","voice signal","32"
"""beat oximetry""","pulse oximetry","32"
"""exhibition proportion""","performance measure","32"
"""cease-to-quit""","end-to-end","32"
"""backslide issues""","regression problems","32"
"""selection timber"" AND ""decision tree""","decision tree","32"
"""fluffy systems""","fuzzy systems","32"
"""hyper aircraft""","hyperplane (geometry)","32"
"""model schooling"" AND ""model training""","model training","32"
"""mean outright mistake""","absolute error","32"
"""layered bioreactor""","Membrane bioreactor","32"
"""voice acknowledgment framework""","voice recognition system","32"
"""gadgets to gain knowledge of""","machine learning","32"
"""Manhattan separation""","Manhattan distance","32"
"""seizure molecules""","???","32"
"""asthma assaults""","asthma attacks","32"
"""imply squared errors""","mean squared error (MSE)","32"
"""voracious algorithm""","greedy algorithm","32"
"""liver disappointment""","liver failure","32"
"""neglect entryway""","forget gate (a part of LSTM)","32"
"""warmth dissipation""","heat dissipation","32"
"""Just go for it"" AND YOLO","YOLO (You Only Look Once, a computer vision model)","32"
"""pay and exchange""","income and trade","32"
"""10-overlay cross-approval""","10-fold cross-validation","32"
"""pill PC""","tablet computer","32"
"""misfortune esteem""","(training/validation) loss value","32"
"""semi-identifier"" AND ""quasi-identifier""","quasi-identifier","32"
"""PAM arrangement""","PAM sequence","31"
"""exchange receptiveness""","trade openness","31"
"""manufactured voice""","synthesized voice","31"
"""ecologically cordial""","ecologically friendly","31"
"""stowed-away example""","hidden pattern","31"
"""separation work"" AND ""distance function""","distance function","31"
"""dot commotion""","speckle noise","31"
"""artificial neurological network""","artificial neural network","31"
"""strength garage""","energy storage","31"
"""frequency distribution of histogram""","???","31"
"""infrared reach""","infrared range","31"
"""irregular number generator""","random number generator","31"
"""Windows Working Framework""","Windows Operating System","31"
"""bunch measure""","batch size","31"
"""misfortune digression""","loss tangent","31"
"""bogus alert rate""","false alarm rate","31"
"""noise magnitude relation""","sound noise reduction (SNR) ?","31"
"""Bayesian arrangement""","Bayesian classification","31"
"""cross-breed calculation""","hybrid algorithm","31"
"""human-made knowledge""","artificial intelligence","31"
"""Consequences be damned"" AND YOLO","YOLO (You Only Look Once, a computer vision model)","31"
"""pollution aura""","pollution halo","31"
"""demise conditions""","conditions of death","31"
"""guide vector device""","support vector machine (SVM)","31"
"""tall hazard""","high risk","31"
"""positron discharge tomography""","positron emission tomography (PET)","31"
"""gastrointestinal lot""","gastrointestinal tract","31"
"""silica seethe""","silica fume","31"
"""brilliant assembling""","smart manufacturing","31"
"""directly autonomous""","linearly independent","31"
"""positron emanation tomography""","positron emission tomography","31"
"""hand-made highlights""","handcrafted features","30"
"""made sense of difference""","Explained Variance","30"
"""ignition combination""","combustion synthesis","30"
"""artificial aperture radar""","Synthetic-aperture radar (SAR)","30"
"""inexactly coupled""","loosely coupled","30"
"""cardiovascular infections (CVDs)""","cardiovascular diseases (CVDs)","30"
"""stage remuneration""","phase compensation","30"
"""consonant mean"" AND ""harmonic""","harmonic mean","30"
"""Markov display""","Markov model","30"
"""bowing vibration""","bending vibration","30"
"""vehicle acknowledgement"" AND ""vehicle identification""","vehicle identification","30"
"""know-how graph""","knowledge graph","30"
"""Macintosh layer""","MAC (Medium Access Control) layer","30"
"""respiratory parcel""","respiratory tract","30"
"""crude info""","raw data","30"
"""CO2 emittance""","CO2 emission","30"
"""preparing and testing datasets""","training and testing datasets","30"
"""haze finding""","fog/mist/cloud computing","30"
"""versatile impromptu systems""","Mobile Ad-hoc Networks (MANET)","30"
"""human services conveyance""","healthcare delivery","30"
"""moo fetched""","low cost","30"
"""astute city""","smart city","30"
"""disarray matrix""","confusion matrix","30"
"""width and profundity""","width and depth","30"
"""innovative coronavirus""","innovative coronavirus","30"
"""astute contract""","smart contract","30"
"""support vector relapse""","support vector regression (SVR)","30"
"""gadget translation""","machine translation","30"
"""visual image history""","motion image history (MHI)","30"
"""Imitate III""","MIMIC-III","30"
"""far off checking""","remote monitoring","30"
"""nourishment bundling""","food packaging","30"
"""calorific esteem""","calorific value","30"
"""Community-oriented separating""","collaborative filtering (CF)","30"
"""reproduced insight""","artificial intelligence","30"
"""outwardly weakened individuals""","visually impaired individuals","30"
"""malady location""","disease detection","30"
"""calibration bend""","calibration curve","29"
"""cerebrovascular malady""","cerebrovascular disease","29"
"""region under the ROC bends""","area under the ROC curve (AUC)","29"
"""initiation vitality""","induction energy","29"
"""emotion reorganization""","emotion classification","29"
"""examination of fluctuation (ANOVA)""","analysis of variance (ANOVA)","29"
"""Rotation woodland""","random forest (RF)","29"
"""encompassed virus""","enveloped [virus]","29"
"""self-arranging map""","self-organized map (SOM)","29"
"""instructive encounter"" AND ""learning experience""","learning experience","29"
"""thin movies""","thin films","29"
"""contemptuous discourse""","hate speech","29"
"""exposed metal workers""","bare-metal servers","29"
"""tallness and width""","height and width (of a picture)","29"
"""disordered network"" AND ""confusion matrix""","confusion matrix","29"
"""neglect door""","forget gate (a part of LSTM)","29"
"""bunch analysis"" AND ""cluster analysis""","cluster analysis","29"
"""profound learning draws near""","deep learning approaches","29"
"""mind signal"" AND ""brain wave""","brain wave","29"
"""individuals kicked the bucket""","people died","29"
"""energetic consistency"" AND ""dynamic viscosity""","dynamic viscosity","29"
"""named substance acknowledgment""","named entity recognition","29"
"""upsetting environments""","high-pressure environments","29"
"""visually affected"" AND ""visually impaired""","visually impaired","29"
"""training, confirmation, and test""","training, validation, and test","29"
"""heart cadence""","heart rate","29"
"""direct backslide""","linear regression","29"
"""savvy house""","smart home","29"
"""homogeneity of fluctuation""","homogeneity of variance (HOV)","29"
"""preprocessing ventures""","preprocesing steps","29"
"""pre-handled information""","pre-processed data","29"
"""crossover calculation"" AND ""hybrid algorithm""","hybrid algorithm","29"
"""amusement hypothesis""","games theory","29"
"""seen mild"" AND ""visible light""","visible light","29"
"""metropolitan arranging""","urban planning","29"
"""meta-studying""","meta-learning","29"
"""systolic circulatory strain""","systolic blood pressure","29"
"""gated intermittent units""","gated recurrent units (GRU)","29"
"""individuals bite the dust""","people die","29"
"""mouse and console""","mouse and keyboard","28"
"""coin bit"" AND ""Bit-coin""","Bit-coin","28"
"""Linux stage""","Linux platform","28"
"""daze individuals""","blind individuals","28"
"""unmanned aerial automobile""","unmanned aerial vehicle (UAV)","28"
"""unaided learning calculations""","unsupervised learning algorithms","28"
"""unmanned aerial car""","unmanned aerial vehicle (UAV)","28"
"""actual-time feedback""","real-time feedback","28"
"""life-cycle the board""","life-cycle management","28"
"""negative prokaryotic cell""","gram-negative bacteria","28"
"""intense respiratory trouble""","acute respiratory distress syndrome (ARDS)","28"
"""fake treatment controlled""","sham treatment controlled","28"
"""straight capability""","linear function","28"
"""apex of food web""","top of nutritional pyramid","28"
"""pressure vitality""","pressure energy","28"
"""ailment expectation""","(disease) prognosis","28"
"""arbitrary esteem""","random value","28"
"""non-straight change""","non-linear transformation","28"
"""expanding CO2 emissions""","increasing CO2 emissions","28"
"""companion diploma""","associate degree","28"
"""metal antecedent""","metal precursor","28"
"""half circle channels""","semicircular canals","28"
"""data quarrying""","data mining","28"
"""to expel commotion""","to remove noise","28"
"""factual assaults""","statistical attacks","28"
"""transacting CRISPR RNA""","trans-activating CRISPR RNA (tracrRNA)","28"
"""administering equation""","governing equation","28"
"""country of the artwork""","State of the art","28"
"""element extraction calculation""","feature extraction algorithm","28"
"""arrangement errands""","classification tasks","28"
"""fiscally smart""","cheaper","28"
"""discourse-to-message""","speech to text","28"
"""phantom proficiency""","spectral efficiency","28"
"""sensor disappointment""","sensor failure","28"
"""fix reception apparatus""","patch antenna","27"
"""actual globe"" AND ""real world""","real world","27"
"""Boltzmann machine limited""","restricted Boltzmann machine","27"
"""exchange learning technique""","transfer learning technique","27"
"""chart theory"" AND ""graph theory""","graph theory","27"
"""exactness horticulture""","precision agriculture","27"
"""fluffy reasoning""","fuzzy logic","27"
"""programmed acknowledgement""","automatic recognition","27"
"""under this audit""","in this review","27"
"""evaporating inclination""","vanishing gradient","27"
"""trust the board"" AND ""trust management""","trust management","27"
"""trust the executive"" AND ""trust management""","trust management","27"
"""oxalic corrosive""","oxalic acid","27"
"""multidrug opposition""","multidrug resistance","27"
"""administrative possession""","public ownership","27"
"""amino corrosive groupings""","amino acid sequences","27"
"""information gushing""","information overload","27"
"""deoxyribonucleic corrosive""","deoxyribonucleic acid","27"
"""warm exchange"" AND ""heat exchange""","heat exchange","27"
"""palatable execution""","satisfactory performance","27"
"""head segments examination""","Principal Component Analysis (PCA)","27"
"""handmade highlight""","manual feature","27"
"""execution pointers"" AND ""performance indicators""","performance indicators","27"
"""shortcoming determination""","fault detection/diagnosis","27"
"""intensity weighted mean frequency (IWMF)""","spectral centroid","27"
"""model form time""","???","27"
"""feat energy""","activation energy","27"
"""adverse impressions"" AND ""adverse impacts""","adverse impacts","27"
"""one jump neighbor""","one hop neighbor","27"
"""domain name machine""","Domain Name System (DNS)","27"
"""leftover organization""","Residual Neural Network (ResNet)","27"
"""move-layer"" AND ""cross-layer""","\""cross-layer\""","27"
"""mossy cup oak""","most","27"
"""territory of intrigue""","region of interest","27"
"""speaker acknowledgement"" AND ""speaker recognition""","speaker recognition","27"
"""persistent kidney sickness""","chronic kidney disease (CKD)","27"
"""moo power""","low power","27"
"""softmax capability""","softmax function","27"
"""quit-to-cease""","end-to-end","27"
"""pores and skin most cancers""","skin cancers","27"
"""differential condition"" AND ""first request""","differential equation AND 1st order","27"
"""beast power assault""","brute force attack (cryptography)","27"
"""regulated AI (ML)""","supervised machine learning","27"
"""cutoff layer"" AND ""boundary layer""","boundary layer","27"
"""sporadic walk""","random walk","27"
"""remedial imaging""","medical imaging","27"
"""elite registering""","high performance computing","27"
"""main constituent analysis""","principal component analysis (PCA)","27"
"""irregular worth""","random value","27"
"""feedforward neural organization""","feedforward neural network","27"
"""brilliant medical services""","smart medical services","27"
"""frail design""","weak structure","26"
"""Lyme's malady""","Lyme's disease","26"
"""environmental amiable""","environmentally friendly","26"
"""chi-rectangular""","chi-squarred","26"
"""give up-to-cease""","end-to-end","26"
"""musical normal""","harmonic mean","26"
"""full association layer""","fully-connected layer (in a neural network)","26"
"""mechanical unrest""","industrial revolution","26"
"""info door""","input gate (a part of LSTM)","26"
"""center salary nations""","middle-income countries","26"
"""illustrations handling unit""","graphics processing unit (GPU)","26"
"""mishap work""","loss function","26"
"""rising colon""","ascending colon","26"
"""changing development factor""","transforming growth factor","26"
"""mean outright blunder""","absolute error","26"
"""recurrent neural organization""","recurrent neural network","26"
"""shrewd assembling""","intelligent manufacturing","26"
"""enabling circumstances UTAUT""~10","facilitating conditions, see https://en.wikipedia.org/wiki/Unified_theory_of_acceptance_and_use_of_technology","26"
"""computational errand""","computational task","26"
"""speech cancer""","larynx cancer","26"
"""ten a long time""","ten years","26"
"""X-beam crystallography""","X-ray crystallography","26"
"""benzoic corrosive""","benzoic acid","26"
"""image honing""","image sharpening","26"
"""information lumberjack""","data logger","26"
"""engineered insight""","artificial intelligence","26"
"""heat foundation"" AND ""heat source""","heat source","26"
"""decreased level of mindfulness""","decreased level of consciousness","26"
"""server disappointment""","server failure","26"
"""state craftsmanship""","state of the art","26"
"""discourse synthesizer""","speech synthesizer","26"
"""word installing"" AND ""word embedding""","word embedding","26"
"""added substance clamour""","additive noise","26"
"""tempestuous stream""","turbulent flow","26"
"""twofold tree""","binary tree","26"
"""scale-invariant element change""","Scale-invariant feature transform (SIFT)","26"
"""vitality devouring""","energy consuming","26"
"""corrected straight unit""","Rectified Linear Unit (ReLU)","26"
"""video excellence""","video quality","26"
"""brilliant watches""","smart watches","26"
"""aqueous answer""","aqueous solution","26"
"""information entryway""","input gate (a part of LSTM)","26"
"""got a bent to""","???","26"
"""investigation of fluctuation (ANOVA)""","analysis of variance (ANOVA)","26"
"""net up to date""","internet of things (IoT)","26"
"""help vector device""","support vector machine","26"
"""traffic stream prediction""","traffic flow prediction","26"
"""medical snap shot""","medical image","26"
"""ecological squalor""","environmental degradation","26"
"""net of factors (Iota)""","Internet of Things (IoT)","26"
"""dielectric reliable""","dielectric constant","25"
"""directly distinct"" AND SVM","linearly separable","25"
"""sound system vision""","stereo vision","25"
"""outwardly impaired""","visually impaired","25"
"""help vector system""","support vector machine (SVM)","25"
"""stochastic slope drop""","stochastic gradient descent","25"
"""Monte Carlo Recreation""","Monte Carlo simulation","25"
"""time recurrence area""","time-frequency domain","25"
"""populace hereditary""","population genetic","25"
"""gradient plunge""","gradient descent","25"
"""Stochastic Slope Plummet""","Stochastic gradient descent (SDG)","25"
"""immaterial determinant""","insignificant predictor","25"
"""put-up-processing""","post-processing","25"
"""illnesses expectation""","disease prediction","25"
"""RNA-subordinate RNA polymerase""","RNA-dependent RNA polymerase (RdRp)","25"
"""Deep conviction system""","deep belief networks (DBN)","25"
"""created nations"" AND ""developed countries"" AND ""created nations developed countries""~100","developed countries","25"
"""capacities could be anticipated""","functions could be predicted","25"
"""SQLi assaults""","SQLi attacks","25"
"""enthusiastic features""","???","25"
"""explicitness and affectability""","specificity and sensitivity","25"
"""UV-obvious""","UV-visible","25"
"""electricity exhaustion""","electricity use","25"
"""enactment vitality""","activation energy","25"
"""dielectric misfortune""","dielectric loss","25"
"""crude dataset"" AND ""raw data""","raw data","25"
"""elite figuring""","high performance computing","25"
"""Disregard Layers""","hidden layers","25"
"""Jupyter Notepad""","Jupyter Notebook","25"
"""quantum laptop""","quantum computer","25"
"""nourish forward""","feed-forward (connections)","25"
"""infection recognizable proof""","disease identification","25"
"""digital reality (VR)""","virtual reality","25"
"""focal preparing unit""","central processing unit (CPU)","25"
"""morphological directors""","morphological operators","25"
"""hyperspectral pics""","hyperspectral images","25"
"""multi-see"" AND ""multi-view""","multi-view","25"
"""money-related security""","financial security","25"
"""focal Asia""","Central Asia","25"
"""spatiality reduction""","dimensionality reduction","25"
"""cardiovascular disappointment""","myocardial infarction (MI)","25"
"""portion capabilities""","???","25"
"""anticipatory analysis"" AND ""predictive modelling""","predictive modelling","25"
"""glutamic corrosive""","glutamic acid","25"
"""utilitarian bunches""","functional groups","25"
"""XOR door""","XOR gate","25"
"""money-related strategy""","financial strategy","25"
"""floor reality"" AND ""ground truth""","ground truth","25"
"""over the top energy""","excessive energy","25"
"""unaided information""","unsupervised data","25"
"""hereditarily different""","genetically modified","25"
"""North-American emphasize""","North-American accent","25"
"""entity reputation"" AND ""entity recognition""","entity recognition","25"
"""versatile working framework""","mobile operating system","25"
"""Dimensionality Reduction (DR)"" AND ""Diabetic Retinopathy""","Diabetic Retinopathy (DR)","24"
"""device imaginative and prescient""","machine vision","24"
"""matrix quest""","grid search","24"
"""extraordinary wellspring""","great source","24"
"""laptop studying""","machine learning","24"
"""imaginative and prescient loss""","vision loss","24"
"""recreating recipe""","reconstruction formula","24"
"""good diffusion technique""","well diffusion technique","24"
"""assist vector device""","Support Vector machine (SVM)","24"
"""bargained hub""","compromised node","24"
"""estimation likelihood"" AND ""cloud computing""","cloud computing","24"
"""preparing misfortune""","training loss","24"
"""recurrence groups"" AND ""cepstral""","frequency bands","24"
"""chest migration""","chest movement","24"
"""fit record"" AND ""fit index""","Fit Index","24"
"""shut circuit TV""","closed-circuit television (CCTV)","24"
"""harsh set"" AND ""rough set""","rough set","24"
"""focal point of the molecule""","center of the particule","24"
"""move-gadget""","cross-platform","24"
"""Vehicle Encoder"" AND ""autoencoder""","autoencoder (AE)","24"
"""yield entrance""","input gate (a part of LSTM)","24"
"""trademark region""","???","24"
"""missing esteem""","missing value","24"
"""solo learning strategy""","unsupervised learning method","24"
"""ailment movement""","disease progression","24"
"""polynomial relapse""","polynomial regression","24"
"""get right of section to""","access","24"
"""bodily duties""","physical tasks","24"
"""scientific picas""","???","24"
"""warmth capability""","heat capacity","24"
"""person pleasant interface""","user-friendly interface (?)","24"
"""preparation misfortune""","training loss","24"
"""Focal India""","Central India","24"
"""attracted immense attraction""","attracted great attention","24"
"""aspartic corrosive""","aspartic acid","24"
"""conviction breaks""","confidence intervals","24"
"""bigoted and oppressive""","discriminative","24"
"""mind-computer interface""","brain-computer interface","24"
"""achievement fee""","success rate","24"
"""engine mastering""","machine learning","24"
"""confusion grid"" AND ""confusion matrix""","confusion matrix","24"
"""help vector relapse""","support vector regression","24"
"""pass entropy loss""","cross-entropy loss","24"
"""cross-breed system""","hybrid system","24"
"""tempestuous flow""","turbulent flow","24"
"""breeze ranch""","wind farm","23"
"""significant pinnacles""","significant peaks","23"
"""breast district""","breast area","23"
"""Gaussian obscure""","Gaussian blur","23"
"""hack signals""","cough signals/sounds","23"
"""style of atoms""","type of particle","23"
"""Persistent Fatigue Syndrome""","Chronic Fatigue Syndrome (CFS)","23"
"""genome planning""","genome engineering","23"
"""component determination calculation""","feature selection algorithm","23"
"""moo taken a toll""","low cost","23"
"""circulation across species""","distribution across species","23"
"""straight discriminant examination""","Linear Discriminant Analysis (LDA)","23"
"""Convolutional Cerebrum Association""","convolutional neural networks (CNN)","23"
"""preparation tuples""","training tuples","23"
"""information diggers""","data miners","23"
"""preparation destination""","training objective","23"
"""feed-forward brain network""","feed forward neural network","23"
"""species distinguishing proof""","species identification","23"
"""high-recurrence exchanging""","high-frequency switching","23"
"""stimulation work"" AND ""activation function""","activation function","23"
"""Head Component Analysis""","Principal Component Analysis (PCA)","23"
"""Trojan steed""","Trojan horse","23"
"""outspread premise capacities""","radial basis functions","23"
"""exchange picking up""","transfer learning","23"
"""end-to-end postponement""","???","23"
"""convolution community""","convolutional [neural] network","23"
"""finding signposts that""","finding indicates that","23"
"""bosom carcinoma""","breast cancer","23"
"""manual characteristic extraction""","manual feature extraction","23"
"""nourishing into""","feeding/fed into","23"
"""nuclear correlation filter""","kernel correlation filter","23"
"""cross breed techniques""","Interdisciplinary Approaches","23"
"""assist vector with machining""","support vector machine (SVM)","23"
"""redressed straight unit""","rectified linear unit, ReLU","23"
"""ghostly information""","spectral data","23"
"""measurable assaults""","statistical attacks","23"
"""record recurrence"" AND ""document frequency""","Document Frequency (DF)","23"
"""methacrylic corrosive""","methacrylic acid","23"
"""softmax relapse""","softmax regression","23"
"""glucose bigotry""","glucose intolerance","23"
"""innovation acknowledgment model""","technology acceptance model (TAM)","23"
"""convolutional affecting animate nerve organs networks""","convolutional neural networks (CNN)","23"
"""portable working framework""","mobile operating system","23"
"""present-day nation"" AND ""current state""","current state","23"
"""prognosis remedy""","???","23"
"""indicator to noise""","signal to noise","23"
"""support vector gadget""","support vector machine (SVM)","23"
"""unearthly space""","alien environment","23"
"""seepage flux"" AND ""leakage flux""","leakage flux","23"
"""deep queue learning""","deep Q-learning","23"
"""ladies of childbearing-age""","women of childbearing-age","23"
"""preparing tuples""","training tuples","22"
"""renin-angiotensin framework""","???","22"
"""picked plaintext assault""","chosen plaintext attack (a cryptanalysis attack)","22"
"""Symmetrical Nonnegative Matrix Factorization""","Sparse Nonnegative Matrix Factorization (SNMF)","22"
"""R esteems"" AND ""R values""","R values","22"
"""hour gridlock stream""","traffic flow","22"
"""Crohn's sickness""","Crohn's disease","22"
"""electronic democratic framework""","electronic voting system","22"
"""feeling discernment""","emotion recognition","22"
"""Microsoft Sky Blue""","Microsoft Azure","22"
"""lion's share vote""","majority vote","22"
"""red-breasted bird""","???","22"
"""Innovative Work (R\&D)""","Research And Development (R\&D)","22"
"""getting to know rate""","learning rate","22"
"""head mounted presentation""","head mounted display","22"
"""fourth modern transformation""","fourth industrial revolution","22"
"""capacities were anticipated""","functions were predicted","22"
"""picture esteem""","image value","22"
"""aid vector device""","support vector machine (SVM)","22"
"""tolerant observing""","patient monitoring","22"
"""stick farms""","cane farms","22"
"""initiation probability"" AND ""activation probability""","activation probability (in RBM)","22"
"""ceaseless ailment""","chronic disease","22"
"""pre-taken care of""","preprocessed","22"
"""watchword look""","keyword search","22"
"""bottomless learning""","Deep Learning","22"
"""locale of enthusiasm""","region of interest","22"
"""medically introverted""","autist(ic)","22"
"""brilliant metering""","smart metering","22"
"""incredible programming""","extreme programming","22"
"""hyper otherworldly""","hyperspectral","22"
"""fake superb""","false positive","22"
"""quality altering"" AND ""genome editing""","genome editing","22"
"""unmanned ethereal vehicle""","unmanned aerial vehicle (UAV)","22"
"""prohibits growth"" AND ""inhibits growth""","inhibits growth","22"
"""nonstop mixing""","continious stirring","22"
"""lethargic learning""","lazy learning","22"
"""board causality""","panel causality","22"
"""pre-trained demonstrate""","pre-trained model","22"
"""addition misfortune""","insertion loss","22"
"""convolution brain network""","convolutional neural network (CNN)","22"
"""ground reality label""","ground truth label","22"
"""liquid phase confiscation""","liquid phase removal","22"
"""CO2 exudates""","CO2 emissions","22"
"""atomic garbage""","nuclear waste","22"
"""discourse upgrade""","speech enhancement","22"
"""robotized extraction""","automatic extraction","22"
"""tongue method"" AND ""language processing""","language processing","22"
"""edit survival""","crop survival","22"
"""amended straight unit""","rectified linear unit (ReLU)","22"
"""septic stun""","septic shock","22"
"""Western smear""","Western Blot","22"
"""synthetic aptitude""","artificial intelligence","22"
"""added substance model""","additive model","22"
"""likely harmfulness""","possible toxicity","22"
"""multifacet perceptron""","multilayer perceptron (MLP)","22"
"""counterfeit democratic""","e-voting ?","22"
"""genius home""","smart home","22"
"""refillable energy""","renewable energy","22"
"""kidney rock""","kidney stone","22"
"""spine arrange""","backbone network","22"
"""warmth movement"" AND ""heat transfer""","heat transfer","22"
"""greater part casting a ballot""","majority voting","21"
"""web-based publicizing""","web-based advertisement","21"
"""eye torment""","ocular pain","21"
"""autoregressive moving normal""","[Nonlinear] Autoregressive Moving-average (NARMA)","21"
"""electrically leading liquid""","electrically conducting fluid","21"
"""aid vector gadget""","support vector machine (SVM)","21"
"""single-abandoned virus""~20","single-stranded [virus]","21"
"""Middle East respiratory condition""","Middle East respiratory syndrome (MERS)","21"
"""carotid supply route""","carotid artery","21"
"""feeling location"" AND ""emotion detection""","emotion detection","21"
"""municipal strong waste""","municipal solid waste","21"
"""Jupyter Journal""","Jupyter Notebook","21"
"""cozy fact""","???","21"
"""solid squander""","solid waste","21"
"""half-breed calculation""","hybrid algorithm","21"
"""fecal-oral course""","fecal-oral route","21"
"""profound conviction network""","deep belief network (DBN)","21"
"""animal power assault""","brute-force attack","21"
"""mentally unbalanced"" AND ""ASD""","autist(ic)","21"
"""bosom thickness""","breast density","21"
"""investigation of difference (ANOVA)""","analysis of variance (ANOVA)","21"
"""accuracy-recall (PR) curve""","precision-recall (PR) curve","21"
"""mind-PC interface""","brain-PC interface","21"
"""relegates energy""","allocates energy","21"
"""versatile impromptu organization""","mobile ad hoc network","21"
"""disappearing slope issue""","vanishing gradient problem","21"
"""centre time span""","confidence interval","21"
"""blood cerebrum boundary""","Blood Brain Barrier (BBB)","21"
"""Venturi impact""","Venturi effect","21"
"""detonating slope""","exploding gradient","21"
"""elective segment""","???","21"
"""decrease want""","lower priority","21"
"""Generative Antagonistic System""","Generative Adversarial Network (GAN)","21"
"""coordinated non-cyclic diagram""","directed acyclic graph (DAG)","21"
"""astute transportation frameworks""","intelligent transport systems (ITS)","21"
"""savvy metering""","smart metering","21"
"""element choice technique""","feature selection method","21"
"""Macintosh convention""","MAC protocol","21"
"""confined word""","isolated word","21"
"""boric corrosive""","boric acid","21"
"""unfamiliar direct speculation""","foreign direct investment","21"
"""Joined together Kingdom""","United Kingdom","21"
"""ribonucleic corrosive""","ribonucleic acid","21"
"""diversion hypothesis"" AND ""games theory""","games theory","21"
"""savvy phones""","smart phones","21"
"""contraption learning""","machine learning","21"
"""trap of things""","Web of Things (WoT)","21"
"""Gaussian capacity"" AND ""Gaussian function""","Gaussian function","21"
"""stochastic angle plunge""","Stochastic Gradiant Descent (SGD)","21"
"""knowledge-based commerce""","trade in knowledge","21"
"""preparation and testing information""","training and testing data","21"
"""bunching methods"" AND ""clustering methods""","clustering methods","21"
"""essentialness sources""","energy resources","21"
"""species recognizable proof""","species identification","21"
"""guide vector system""","support vector machine","20"
"""malady expectation""","(disease) prognosis","20"
"""inexhaustible force"" AND ""renewable energy""","renewable energy","20"
"""feed-forward brain organization""","feedforward neural network","20"
"""noteworthy democratic""","majority votes","20"
"""sub-undertaking""","sub-task","20"
"""picture popularity"" AND ""image recognition""","Image Recognition","20"
"""fake tremendous""","false positive","20"
"""head segment investigation""","principal component analysis (PCA)","20"
"""canny sensors""","smart sensors","20"
"""differential condition"" AND ""second request""","differential equation AND 2nd order","20"
"""nice of service""","quality of service (QoS)","20"
"""time variation of arrival""","Time Difference of Arrival (TDoA)","20"
"""indicative catalog""","refractive index","20"
"""unused sort of""","new sort of","20"
"""locally available unit""","On-Board Unit (OBU)","20"
"""well-educated model""","well-trained","20"
"""application conduct"" AND ""application behavior""","application behavior","20"
"""gait acknowledgment"" AND ""gait recognition""","gait recognition","20"
"""quality of interest"" AND ""gene of interest""","gene of interest","20"
"""trap of science""","Web of Science","20"
"""angle helping"" AND ""gradient boosting""","gradient boosting","20"
"""unearthly information""","spectral data","20"
"""shrouded examples""","hidden patterns","20"
"""voice designs"" AND ""voice analysis""","voice analysis","20"
"""shrewd household""","smart home","20"
"""security the board"" AND ""security management""","security management","20"
"""irregular esteem""","random value","20"
"""shares comparability""","shares similarity","20"
"""Amazon net services""","Amazon Web Services","20"
"""sort 1 diabetes""","type 1 diabetes","20"
"""warm picture"" AND ""thermal image""","thermal image","20"
"""unmarried method""","single method","20"
"""organization replicas""","classification model","20"
"""voltage hangs"" AND ""voltage drops""","voltage drops","20"
"""of high bore""","of high size","20"
"""self-sorting out map""","self organizing map (SOM)","20"
"""intense respiratory misery""","acute respiratory distress syndrome (ARDS)","20"
"""movement remuneration""","motion compensation","20"
"""decontamination channel""","Purification Filter","20"
"""motor rapidity""","motor speed","20"
"""hunt engines""","search engines","20"
"""money related area""","financial sector","20"
"""coordinated circuits (ICs)""","Integrated Control System (ICS) ?","20"
"""unearthly proficiency""","spectral efficiency","20"
"""Fifth-Age (5G)""","Fifth-Generation (5G)","20"
"""in rundown, this""","in summary, this study examines...","20"
"""image additives"" AND ""image components""","image components","20"
"""band hole vitality""","band gap energy","20"
"""unending benefit""","???","20"
"""summed up direct models""","Generalized Linear Model (GLM)","20"
"""coronary course infection""","coronary artery disease","20"
"""crystallographic introduction""","crystallographic structure","20"
"""repetitive neural organize""","recurrent neural network (RNN)","20"
"""Prophet database""","Oracle database","20"
"""scholarly highlights"" AND ""features""","learned features (i.e. features obtained by machine learning)","20"
"""verbal cancer""","oral cancer","20"
"""Gaussian aggregate model""","Gaussian mixture model (GMM)","20"
"""suggest squared error""","mean squared error","20"
"""sustenance waste""","food spoilage","20"
"""fuzzy tenet""","fuzzy rule","20"
"""lip perusing""","lip reading","20"
"""preformation"" AND (""rat"" OR ""mouse"" OR ""mice"") AND (""final destiny"" OR ""ultimate destiny"")","procedure AND ultimate/final density","19"
"""bury and intra""","inter and intra","19"
"""highlight determination calculation""","feature selection algorithm","19"
"""outfit learning strategy""","ensemble learning method","19"
"""preterm work""","preterm labor","19"
"""unearthly groups""","spectral bands","19"
"""butyric corrosive""","butyric acid","19"
"""speech impedance""","probably speech impairment","19"
"""thick dissemination""","viscous dissipation","19"
"""parallel veil""","binary masking","19"
"""Woman Ada Lovelace""","Lady Ada Lovelace","19"
"""unearthly productivity""","spectral efficiency","19"
"""restorative specialist"" AND ""therapeutic agent""","therapeutic agent","19"
"""adaptive set of rules""","adaptive algorithm","19"
"""keen metering""","smart metering","19"
"""malware infusion""","injection attack","19"
"""covered up Markov""","hidden Markov","19"
"""Zero intersection rate""","Zero Crossing Rate (ZCR)","19"
"""portable impromptu organisation""","mobile ad hoc network","19"
"""international organizations (MNCs)""","multinational corporations (MNCs)","19"
"""vitality age"" AND ""energy generation""","energy generation","19"
"""self-trained learning""","self-taught learning","19"
"""automobile encoder""","autoencoder (AE)","19"
"""cerebrum PC interface""","brain-computer interface (BCI)","19"
"""fuzzy induction framework""","Fuzzy inference system","19"
"""motivation clamor""","impulse noise","19"
"""sign handling strategies""","signal processing techniques","19"
"""unequivocal innovation""","decisive technology","19"
"""cubed phase""","cubic phase","19"
"""cryptic node""","hidden node","19"
"""recipient working characteristic""","receiver operating characteristic (ROC)","19"
"""regression timber""","regression tree","19"
"""discourse coder""","speech coder","19"
"""nano gem""","nanocrystal","19"
"""new bits of knowledge"" AND ""new insights""","new insights","19"
"""UDP bundle""","UDP packet","19"
"""brute pressure attack""","Brute-force attack","19"
"""chime formed""","bell shaped","19"
"""assault floor""","attack surface","19"
"""hereditary recombination""","genetic recombination","19"
"""programming as an administration""","software as a service (SaaS)","19"
"""mishap casualties""","accident victims","19"
"""tall fetched""","high cost","19"
"""predisposition vector""","bias vector","19"
"""bolster vector relapse""","support vector regression (SVR)","19"
"""all out variety""","total variation (TV)","19"
"""sensor mastermind""","sensor network","19"
"""crude picture information""","raw image data","19"
"""protein-coding qualities""","protein-coding sequences (or simply 'genes')","19"
"""mycolic corrosive""","mycolic acid","19"
"""central misfortune""","central loss","19"
"""motivation commotion""","impulse noise","19"
"""warmth resource""","heat source","19"
"""identification conspire""","identification/detection system","19"
"""examination of change (ANOVA)""","analysis of variance (ANOVA)","19"
"""extricated characteristics""","extracted features","19"
"""deep notion networks""","Deep Belief Networks (DBN)","19"
"""nanoparticles volume division""","nanoparticles volume fraction","19"
"""geological data framework""","Geographic Information System (GIS)","19"
"""recurrence portrayal""","frequency representation","19"
"""help vector regression""","support vector regression (SVR)","19"
"""coronary heart sicknesses""","coronary heart diseases (CHDs)","19"
"""thyroid knob""","thyroid gland","19"
"""keen climate""","smart environment","19"
"""generative ill-disposed network""","generative adversarial network (GAN)","19"
"""foreswearing of administration""","Denial of service","18"
"""ghastly proficiency""","spectral efficiency","18"
"""savvy medical services""","smart medical services","18"
"""keen phone""","smart phone","18"
"""artificial cleverness""","artificial intelligence","18"
"""Fourth Modern Upheaval""","Fourth Industrial Revolution","18"
"""over becoming"" AND ""overfitting""","overfitting","18"
"""twofold strand break""","double strand break (DSB)","18"
"""long short-time period memory""","long short-term memory (LSTM)","18"
"""text-to-talk"" AND ""text-to-speech""","text-to-speech","18"
"""exhibition of CNNs""","performance of CNNs","18"
"""trying out statistics""","???","18"
"""affront resistance""","insulin resistance","18"
"""tensile firmness""","tensile strength","18"
"""Brinkman quantity""","Brinkman number","18"
"""inclination descent""","gradient descent","18"
"""parody assault""","spoofing attack","18"
"""arrangement of successions""","sequence alignment","18"
"""Gabor capacities""","Gabor function(s)","18"
"""robotized identification""","automatic identification","18"
"""WiFi organizations""","WiFi networks","18"
"""up-to-date mate""","???","18"
"""visually debilitated""","visually impaired","18"
"""precarious stream""","unsteady flow","18"
"""direct discriminant examination""","linear discriminant analysis (LDA)","18"
"""kind, atypical""","benign, atypical","18"
"""stage as an administration""","platform as a service (PaaS)","18"
"""half breed nanofluid""","hybrid nanofluid","18"
"""brain system interface""","human machine interface (HMI)","18"
"""minority oversampling procedure""","synthetic minority oversampling technique (SMOTE)","18"
"""THz correspondence""","THz communication","18"
"""percutaneous coronary mediation""","pericutaneous coronary intervention (PCI)","18"
"""versatile information"" AND ""mobile data""","mobile data","18"
"""minuscule camera""","microscope camera","18"
"""coronary supply route illness""","coronary artery disease","18"
"""ill-disposed model""","adversarial model","18"
"""preterm conveyance""","preterm delivery","18"
"""dazzle client""","blind user","18"
"""unmistakable layer""","distinct layer","18"
"""remote direct speculation""","foreign direct investment","18"
"""enthusiastic pressure""","emotional stress","18"
"""highlight regularization""","feature regularization","18"
"""client lifetime esteem""","customer lifetime value (CLV)","18"
"""compassion, specificity""","sensitivity, specificity","18"
"""intense myocardial dead tissue""","Acute Myocardial Infarction (AMI)","18"
"""ravenous calculation""","greedy algorithm","18"
"""commotion picture""","noisy picture","18"
"""receiver working feature""","receiver operating characteristic (ROC)","18"
"""unmanned aerial motor""","unmanned aerial vehicle (UAV)","18"
"""hydrofluoric corrosive""","hydrofluoric acid or hydrogen fluoride","18"
"""photonic precious stone""","photonic crystal","18"
"""bushy common sense""","fuzzy logic","18"
"""histogram of arranged angle""","histogram of oriented gradient (HOG)","18"
"""moo basic""","???","18"
"""logical computer program""","scientific software","18"
"""Rosseland guesstimate""","Rosseland approximation","18"
"""shaft hypothesis""","Euler–Bernoulli beam theory","18"
"""Bluetooth Low Vitality""","Bluetooth Low Energy","18"
"""moo thickness""","low density","18"
"""chest harm""","breast damage","18"
"""lung handles"" AND ""lung nodules""","lung nodules","17"
"""teeth misfortune""","tooth loss","17"
"""discretionary bodies""","elected bodies","17"
"""long transient memory organizations""","long short-term memory (LSTM) networks","17"
"""profound autoencoder""","deep autoencoder","17"
"""Multinomial Strategic Relapse""","Multinomial logistic regression","17"
"""lewd bodies""","???","17"
"""K-closest relatives""","K-nearest neighbors","17"
"""flexibly anchors""","supply chains","17"
"""demise pace""","rate of extinction","17"
"""logarithmic recurrence""","logistic regression (?)","17"
"""feature extraction fashion""","feature extraction model","17"
"""Stowed away Markov Models""","Hidden Markov Models (HMMs)","17"
"""endless ailments""","chronic illneses","17"
"""bunch based steering""","cluster based routing","17"
"""Caspian Ocean""","Caspian Sea","17"
"""fake alert rate""","false alarm rate","17"
"""mortality incapacity""","death (?)","17"
"""lengthy quick-time period reminiscence""","long short-term memory (LSTM)","17"
"""trichloroacetic corrosive""","trichloroacetic acid","17"
"""voice right hand""","voice assistant","17"
"""Contrastive Literacy""","Contrastive Learning","17"
"""engine literacy"" NOT ""search engine""","machine learning","17"
"""net household item""","Gross Domestic Product","17"
"""industrial management structure""","industrial control system (ICS)","17"
"""bounding packing container""","bounding boxes (computer vision)","17"
"""recreated strengthening""","simulated annealing","17"
"""unfriendly wellbeing""","adverse health (results...)","17"
"""key performance sign""","key performance indicator","17"
"""scale invariant feature change""","scale invariant feature transformation (SIFT)","17"
"""self-ruling driving""","autonomous driving","17"
"""condition of - the-workmanship""","state-of-the-art","17"
"""social architects"" AND ""social engineers""","social engineers","17"
"""dot clamor""","speckle noise","17"
"""cycles every moment""","revolutions per minute (RPM)","17"
"""agar well dissemination""","agar well diffusion","17"
"""result entryway""","output gate (a part of LSTM)","17"
"""database the board framework""","database management system","17"
"""accuracy of the mannequin""","accuracy of the model","17"
"""discourse sounds"" AND ""speech sounds""","speech sounds","17"
"""temperature touchy""","temperature-sensitive","17"
"""fourth modern upset""","fourth industrial revolution","17"
"""Wireless native space Network""","Wireless Local Area Network","17"
"""Secure Socket Level""","Secure Sockets Layer (SSL)","17"
"""thickness based grouping""","density-based clustering","17"
"""auto-correlation work""","Auto-Correlation Function (ACF)","17"
"""transport Layer protection (TLS)""","Transport Layer Security (TLS)","17"
"""medium get admission to""","medium access","17"
"""plant distinguishing proof""","plant identification","17"
"""bungle rate""","error rate","17"
"""contemplations of decisions""","election monitoring","17"
"""framework as an administration""","infrastructure as an service (IaaS)","17"
"""transfer today's"" AND ""transfer learning""","transfer learning","17"
"""rubbish glass""","waste glass","17"
"""principal component diagnosis""","Principal Component Analysis (PCA)","17"
"""shrewd metering""","smart metering","17"
"""picture acknowledgement"" AND ""image recognition""","image recognition","17"
"""artificial brain organization""","artificial neural networks","17"
"""otherworldly effectiveness""","spectral efficiency","17"
"""system studying (ML)""","machine learning (ML)","17"
"""mind malignancies""","brain cancer / brain tumors","17"
"""histogram of situated angles""","histogram of oriented gradients (HOG)","17"
"""differentially communicated qualities""","differentially expressed genes","17"
"""meta-getting to know""","meta-learning","17"
"""K-nearest relatives""","K-nearest neighbors","17"
"""dissent of benefit""","Distributed Denial of Service attack","17"
"""break down themes""","analyze motifs","17"
"""DNA intensification""","DNA amplification","17"
"""iris acknowledgement"" AND ""iris recognition""","iris recognition","17"
"""lengthy brief-term reminiscence""","long short-term memory (LSTM)","17"
"""disappearing angle issue""","vanishing gradient problem","17"
"""k-means bundling""","k-means clustering","17"
"""linear discriminant investigation""","linear discriminant analysis (LDA)","16"
"""dielectric flushing"" AND ""dielectric discharge""","dielectric discharge","16"
"""conjugate inclination""","conjugate gradient","16"
"""uncooked images""","raw images","16"
"""wanton mode""","promiscuous mode","16"
"""automated elevated vehicle""","unmanned aerial vehicle (UAV)","16"
"""fourth mechanical insurgency""","fourth industrial revolution","16"
"""1/3-birthday party""","third-party","16"
"""hyperactivity complaint""","hyperactivity disorder","16"
"""field programmable entryway exhibit""","field programmable gate array (FPGA)","16"
"""blood-brain obstruction""","Blood Brain Barrier (BBB)","16"
"""surface brutality""","surface roughness","16"
"""remote direct venture""","foreign direct investment","16"
"""bug pervasion""","pest infestation","16"
"""fluffy strategy""","fuzzy method","16"
"""simulated intelligence (ML)""","machine learning (ML)","16"
"""downstream errand""","downstream task","16"
"""strong dystrophy""","muscular dystrophy","16"
"""single point disappointment""","single point failure","16"
"""open key infrastructure""","Public Key Infrastructure (PKI)","16"
"""spam crusade""","spam campaign","16"
"""image distance analysis""","Phase Doppler anemometry (PDA)","16"
"""money related trade""","financial transaction","16"
"""scientific image type""","medical image classification","16"
"""assurance of parameters""","parameter estimation","16"
"""vehicular impromptu system""","vehicular ad-hoc network","16"
"""beat width adjustment""~2","pulse width modulation (PWM)","16"
"""installing vector""","embedding vectors (e.g., \""word embeddings\"")","16"
"""haphazardly sent""","randomly sent","16"
"""savvy producing""","intelligent manufacturing","16"
"""quality quieting""","gene silencing","16"
"""puppy scans""","PET scans","16"
"""molecule swarm enhancement (PSO)""","particle swarm optimization (PSO)","16"
"""caliber of administration""","Quality of Service","16"
"""discourse amalgamation""","speech synthesis","16"
"""outline differencing""","frame differencing","16"
"""savvy fabricating""","smart manufacturing","16"
"""possess emerged""","have emerged","16"
"""Huntington's infection""","Huntington's disease","16"
"""fruitless patients""","infertile patients","16"
"""interruption endeavor""","intrusion attempt","16"
"""astute gadget""","smart device","16"
"""business knowledge (BI)""","business intelligence (BI)","16"
"""pixel force esteem""","pixel intensity value","16"
"""inevitably Tom's""","by","16"
"""supplement conveyance""","drug delivery","16"
"""jargon move""","vocabulary transfer","16"
"""reflected vitality""","reflected energy","16"
"""directed and unsupervised learning""","supervised and unsupervised [machine] learning","16"
"""learning revelation in databases""","knowledge discovery in databases","16"
"""phishing acknowledgment""","phishing recognition","16"
"""acetic corrosive""","acetic acid","16"
"""greasy corrosive""","fatty acid","16"
"""Radial Basis perform""","Radial Basis Function (RBF)","16"
"""fine needle suction""","Fine Needle Aspirate (FNA)","16"
"""reference arrangements"" AND ""reference sequences""","reference sequences","16"
"""Laplacian piece""","Laplacian kernel","16"
"""organization sweep""","network scan","16"
"""Short Message Administration (SMS)""","Short Message Service (SMS)","16"
"""warmness map""","heat map","16"
"""fourth era (4G)""","fourth generation (4G)","16"
"""forecast and arrangement""","prediction and classification","16"
"""medical atoms""","drug molecules","16"
"""nasty value""","mean value","16"
"""general wellbeing authorities""","public health officials","16"
"""presage model""","predictive model","16"
"""Bragg grinding""","Bragg grating","16"
"""exactness and affectability""","specificity and sensitivity","16"
"""verbalize recognition""","voice recognition","16"
"""investigation of change (ANOVA)""","analysis of variance (ANOVA)","16"
"""fast tracking voltage""","accelerating voltage","16"
"""Intel Center i7""","Intel Core i7 (CPU)","16"
"""Chime labs"" NOT ""CHIMe labs Stanford""~5","Bell [company] laboratories","16"
"""optical pellucidity""","optical transparency","16"
"""regulated preparing""","supervised training","16"
"""value revelation"" AND ""price discovery""","price discovery","16"
"""Jahn-Teller impact""","Jahn-Teller effect","16"
"""coronary supply route sickness""","coronary artery disease","16"
"""deep-fetched""","obscure","16"
"""cruel squared mistake""","mean squared error (MSE)","16"
"""moo vitality""","low energy","16"
"""neuronal passing""","neuronal death","16"
"""down testing"" AND ""down-sampling""","down-sampling","16"
"""reinforce vector machine""","support vector machine (SVM)","15"
"""multi-channel staining""","multi-channel fading","15"
"""cooperative media algorithms""","Connectivity Multi-Agent","15"
"""carbon evacuation""","carbon emission","15"
"""vindictive traffic""","malicious [network] traffic","15"
"""despise discourse""","hate speech","15"
"""evacuates the commotion""","removes the noise","15"
"""0.33 Birthday Celebration""","third-party","15"
"""preparation and approval sets""","training and testing sets","15"
"""a petabyte of information""","a petabyte of data","15"
"""palindromic rehashes""","clustered regularly interspaced short palindromic repeats (CRISPR)","15"
"""hyper phantom""","hyperspectral","15"
"""remaining valuable life""","remaining useful life","15"
"""kingdom of the artwork""","state of the art","15"
"""unfamiliar direct venture""","foreign direct investment","15"
"""liquid cooperation""","seamless cooperation","15"
"""fascination group""","???","15"
"""Automated Insights (AI)""","artificial intelligence (AI)","15"
"""intrusive ductal carcinoma""","invasive ductal carcinoma","15"
"""voracious method""","greedy algorithm (?)","15"
"""blunder amendment""","error correction","15"
"""Persistent kidney illness""","Chronic kidney disease (CKD)","15"
"""endorsement precision""","validation accuracy","15"
"""adversative association""","“adverse effect” OR “negative relationship”","15"
"""ghostly highlight""","spectral features","15"
"""confronting acknowledgment""","face recognition","15"
"""fast Fu Liye transform""","Fast Fourier Transform","15"
"""infused code""","injected code","15"
"""assimilation spectroscopy""","absorption spectroscopy","15"
"""vocal plot""","vocal tract","15"
"""administrative proprietorship""","public ownership","15"
"""hyper ghastly""","hyperspectral","15"
"""moment arrange"" AND ""second stage""","second stage","15"
"""inclining steps""","processing steps","15"
"""gathering key administration""","Group Key Management","15"
"""prior intercession""","early intervention","15"
"""garage necessities""","storage requirement","15"
"""bushy logic""","???","15"
"""coeliac ailments""","coeliac disease","15"
"""couple of sclerosis""","multiple sclerosis","15"
"""intense lymphocytic leukemia""","acute lymphocytic leukemia","15"
"""differential condition"" AND ""partial request""","differential equation AND partial order","15"
"""insect settlement streamlining""","ant colony optimization (ACO)","15"
"""eccentric woods""","random forests","15"
"""corrosive phosphatase""","acid phosphatase","15"
"""convolutional neural arrangement""","convolutional neural network (CNN)","15"
"""photograph satisfactory""","image quality","15"
"""yield of the capacity""","output of the function","15"
"""acknowledgement of characters""","character recognition","15"
"""Wiener sifting""","Wiener filtering","15"
"""illustrations preparing unit""","graphics processing unit (GPU)","15"
"""Medical aid management""","Clinical resource management (CRM)","15"
"""medical care the board""","healthcare management","15"
"""cozy shell""","secure shell","15"
"""counterfeit honey bee state""","Artificial Bee Colony (ABC)","15"
"""Intel(R) Center""","Intel(R) Core","15"
"""corrosive mine seepage""","acidic mine drainage","15"
"""customary least squares""","ordinary least squares","15"
"""high-layered include space""","high-dimensional feature space","15"
"""speaker recognizable proof""","speaker verification","15"
"""remarkable words"" AND ""speech processing""","unique words","15"
"""table pursuit""","tabu search","15"
"""brief highlight"" AND ""temporal feature""","temporal feature","15"
"""ailment stages""","disease stages","15"
"""mimicked toughening""","simulated annealing (SA)","15"
"""proficiency esteem""","efficiency value","15"
"""ghastly productivity""","spectral efficiency","15"
"""differential condition"" AND ""fragmentary request""","differential equation AND order","15"
"""high-quality of provider""","quality of service (QoS)","15"
"""0.33-birthday celebration""","third party","15"
"""hyper-variable areas""","hypervariable regions","15"
"""intense respiratory pain disorder""","acute respiratory distress syndrome (ARDS)","15"
"""savvy cell phones""","smart phones","15"
"""linguistics introduction"" AND ""semantic orientation""","semantic orientation","15"
"""wi-wiwireless""","???","15"
"""solo realizing""","unsupervised learning","15"
"""illness distinguishing proof""","disease identification","15"
"""blood-mind boundary""","Blood Brain Barrier (BBB)","15"
"""murder chain""","kill chain","15"
"""preparation blunders""","training errors (?)","15"
"""dispersion arrange""","distribution network","15"
"""coefficient of connection"" AND ""coefficient of correlation""","coefficient of correlation","15"
"""vegetative electron microscopy""","low-energy electron microscopy","15"
"""clinical consideration industry""","healthcare industry","15"
"""hub assault""","node attack","15"
"""Crohn's ailment""","Crohn's disease","15"
"""general data security regulation""","General Data Protection Regulation (GDPR)","15"
"""political decision framework""","voting system","15"
"""enrollment capacities"" AND ""activation functions""","activation functions","15"
"""slanted attractive field""","inclined magnetic field","14"
"""disguised state"" AND ""hidden state""","hidden state","14"
"""measure of blunder""","error rate","14"
"""mobile sales rep issue""","traveling salesman problem","14"
"""infinitesimal life forms""","bacteria","14"
"""automated philosophy""","automated methodology","14"
"""feed-ahead network""","feedforward network","14"
"""canny devices""","smart devices","14"
"""bosom picture""","mamography","14"
"""sight misfortune""","vision loss","14"
"""Fast Fourier Theorem""","Fast Fourier Transform (FFT)","14"
"""Big information investigation""","Big Data Analytics (BDA)","14"
"""bank steadiness""","financial stability","14"
"""citric corrosive""","citric acid","14"
"""warm image"" AND ""thermal image""","thermal image","14"
"""irregular hunt""","random search","14"
"""consistently interspaced""","clustered regularly interspaced short palindromic repeats (CRISPR)","14"
"""Restrictive Irregular Field""","Conditional Random Field (CRF)","14"
"""scientific image category""","medical image classification","14"
"""fluid precious stone presentation""","liquid crystal display (LCD)","14"
"""nutrient B1"" AND ""vitamin""","vitamin B1","14"
"""fresh set"" AND ""crisp set""","crisp set","14"
"""greenly orchestrated""","Green-synthesized","14"
"""bacterial prosperity""","bacterial growth","14"
"""LSTM Neural organization""","LSTM Neural Network","14"
"""cruel esteem""","mean value","14"
"""Multi-Head Self-Consideration""","Multi-Head Self-Attention","14"
"""savvy lock""","smart lock","14"
"""Guide Decrease"" AND ""MapReduce""","MapReduce","14"
"""small and medium-sized associations""","small and medium-sized enterprises (SMEs)","14"
"""CRISPR qualities""","CRISPR genes","14"
"""fourth modern insurgency""","fourth industrial revolution","14"
"""stochastic-inclination drop""","standard gradient descent (SGD)","14"
"""vitality bills""","energy bills","14"
"""miniaturised scale life forms""","micro-organisms","14"
"""cloudiness contamination""","air pollution","14"
"""sampling reputation""","pattern recognition","14"
"""unending ailments""","chronic diseases","14"
"""moo light""","low light","14"
"""impalement time""","execution time","14"
"""discrete wavelet convert""","discrete wavelet transform","14"
"""K-Nearest acquaintances""","K-nearest neighbors","14"
"""rebellious innovation""","disruptive innovation","14"
"""tilt and block""","Slope and intercept","14"
"""splendor contrasts""","brightness contrasts","14"
"""incendiary maladies""","inflammatory disorders","14"
"""voice pursuit""","voice search/query","14"
"""center shell nanoparticles""","core shell nanoparticles","14"
"""board cointegration""","panel cointegration","14"
"""inactive warmth""","latent heat","14"
"""instatement stage""","initialization phase","14"
"""hidden Markov fashion""","hidden Markov model","14"
"""fluid precious stone presentations""","liquid crystal display","14"
"""sham alarm""","false alarm","14"
"""pessimistic collision""","negative effect","14"
"""spiral premise capability""","radial basis function (RBF)","14"
"""over edge flow""","cross-border flow","14"
"""expense work"" AND ""loss function""","loss function","14"
"""talk appraisal""","speech recognition","14"
"""common language process""","natural language processing","14"
"""k-Most Proximate Neighbor""","K-nearest neighbor","14"
"""regular dialect handling""","natural language processing (NLP)","14"
"""many sclerosis""","multiple sclerosis","14"
"""hidden Markov version""","hidden Markov model (HMM)","14"
"""robotized division""","automated segmentation","14"
"""imperativeness capable""","energy efficient","14"
"""long brief-time period reminiscence""","long short-term memory","14"
"""crust probable""","membrane potential","14"
"""system dissatisfaction"" AND ""system failure""","system failure","14"
"""electricity ingesting""","electricity consumption","14"
"""clamor sifting""","noise filtering","14"
"""bone malignant growth""","bone cancer","14"
"""master vide""","pro-vide","14"
"""outspread premise capability""","radial basis function (RBF)","14"
"""mechanized discovery""","automated detection","14"
"""cryptic neuron""","hidden neuron","14"
"""Unused York""","New York","14"
"""x-bar pictures""","X-ray images","14"
"""particle clear-out""","particle filter","14"
"""DDoS ambushes""","DDoS attacks","14"
"""longitude esteems""","longitude values","14"
"""ill-disposed preparing""","adversarial training","14"
"""Transmission Control Convention""","Transport Control Protocol (TCP)","13"
"""creature bolster""","animal feed","13"
"""essentialness capable""","energy-efficient","13"
"""interrupt localization""","intrusion detection","13"
"""tolerant injury""","patient injury","13"
"""examining recurrence"" AND ""sampling frequency""","sampling frequency","13"
"""cooperation capacity"" AND ""membership function""","membership function","13"
"""carbonic corrosive""","carbonic acid","13"
"""defeat sensitivity""","???","13"
"""performance prediction UTAUT""~10","performance expectancy, see https://en.wikipedia.org/wiki/Unified_theory_of_acceptance_and_use_of_technology","13"
"""insatiable calculation""","greedy algorithm","13"
"""home solace""","home comfort","13"
"""gathering and backslide""","clustering/classification and regression","13"
"""get to data"" AND ""access to information""","access to information","13"
"""delicate registering methods""","soft computing","13"
"""Gaussian Blend Show""","Gaussian Mixture Model (GMM)","13"
"""key-esteem matches""","key-value pairs","13"
"""deep getting to know set of rules""","deep learning algorithm","13"
"""convolution nerve network""","convolutional neural network","13"
"""suboptimal neural architecture""","convolutional neural network (CNN)","13"
"""fluffy AHP""","fuzzy AHP","13"
"""ventricular framework""","ventricular system","13"
"""fracturing tensile strength"" AND ""splitting tensile strength""","splitting tensile strength","13"
"""rural buildup""","rural empowerment","13"
"""digital fitness fact""","Electronic Health Record (EHR)","13"
"""quantum trouble""","quantum problem","13"
"""programmable rationale gadgets""","field programmable gate array (FPGA)","13"
"""cerebral torment""","headache","13"
"""keen wellbeing""","smart healthcare","13"
"""BP brain network""","backpropagation neural network","13"
"""feature pulling out""","feature extraction","13"
"""unfaithful negative""","false negative","13"
"""histogram of situated slope""","histogram of oriented gradient (HOG)","13"
"""scikit-research""","scikit-learn (Python library)","13"
"""high pay nations""","high-income countries","13"
"""cruel temperature""","mean temperature","13"
"""kind cancer"" AND (""benign cancer"" OR ""benign tumor"")","benign cancer/tumor","13"
"""bundle flooding""","packet flooding","13"
"""nutrient B6"" AND ""vitamin""","vitamin B6","13"
"""parameter pre-education""","parameter training","13"
"""unaided machine learning""","unsupervised machine learning","13"
"""overlay decrease"" AND ""fold""","X-fold reduction","13"
"""money-related quality""","financial status","13"
"""outside direct speculation""","foreign direct investment","13"
"""authoritative races""","general election","13"
"""electricity thickness""","electricity density","13"
"""x and y tomahawks""","x and y axes","13"
"""interference discovery"" AND ""intrusion detection""","intrusion detection","13"
"""strong colloidal particles""","solid colloidal particles","13"
"""interest paralyze""","interest shock","13"
"""mathematician distributions""","Gaussian distributions","13"
"""unmarried-shot""","single-shot","13"
"""small scale creatures""","micro-organisms","13"
"""relapse implications"" AND ""regression results""","regression results","13"
"""Formula 1 tennis""","???","13"
"""fine of provider""","quality of service (QoS)","13"
"""the take look at""","the publication","13"
"""adherent symbolism""","satellite imagery","13"
"""human-pc interplay""","human-computer interaction (HCI)","13"
"""appraisal season""","estimation time","13"
"""otherworldly proficiency""","spectral efficiency","13"
"""message-to-discourse""","text-to-speech","13"
"""traffic clamor""","traffic noise","13"
"""test misfortune""","test accuracy","13"
"""nice of provider""","quality of service","13"
"""gooey dissemination""","viscous diffusion/dissipation","13"
"""bosom peril""","breast cancer","13"
"""signal pinnacles""","signal peaks","13"
"""dark out"" AND ""black out""","black out","13"
"""bumble rate""","error rate","13"
"""blue-inexperienced""","blue-green","13"
"""unmanned elevated vehicles""","unmanned aerial vehicles (UAVs)","13"
"""trademark flag""","characteristic peak","13"
"""content into discourse""","text to speech","13"
"""enlistment engine drive""","IMD (induction motor drive)","13"
"""pH touchy""","pH-sensitive","13"
"""savvy lighting""","smart lighting","13"
"""Versatile Ad-hoc Network""","Mobile Ad-hoc Network (MANET)","13"
"""long quick-time period memory""","Long Short-Term Memory (LSTM)","13"
"""mean absolute blunders""","mean absolute errors","13"
"""Knowledge Hassle""","Learning Problem","13"
"""keen contraptions""","smart devices","13"
"""amiable tumor""","benign tumor","13"
"""generative hostile community""","generative adversarial network","13"
"""nourish forwarding algorithm""","feed forward algorithm","13"
"""tidal vitality""","tidal energy","13"
"""unaided ML""","unsupervised machine learning","13"
"""point birth style""","feature extraction method","13"
"""principal part investigation""","principal component analysis (PCA)","13"
"""electronic democratic machine""","electronic voting machine","13"
"""green publicizing""","green marketing","13"
"""DNA hurt""","DNA damage","13"
"""ghastly investigation""","spectral analysis","13"
"""dazzle people"" AND ""blind people""","blind people","12"
"""softmax misfortune""","softmax loss","12"
"""crude picture"" AND ""raw image""","raw image","12"
"""birthday assault""","birthday attack (a cryptanalysis attack)","12"
"""a significant lot of time""","a significant period of time","12"
"""extremely intense respiratory""","severe acute respiratory","12"
"""profound conviction systems""","deep belief networks (DBNs)","12"
"""particular worth deterioration""","single value decomposition (SVD)","12"
"""Roundabout Hough Change""","Circular Hough Transform","12"
"""cell digestion systems""","cellular metabolism","12"
"""outside direct venture""","foreign direct investment","12"
"""goof rate""","error rate","12"
"""preferred deviance""","standard deviation (?)","12"
"""direct exchange work""","linear transfer function","12"
"""carbon seize""","carbon capture","12"
"""brilliant vehicle"" AND ""smart vehicle""","smart vehicle","12"
"""ghostly investigation""","spectral analysis","12"
"""Dirac delta work""","Dirac delta function","12"
"""phantom grouping""","spectral clustering","12"
"""speculations confirmation""","hypothesis verification","12"
"""picker plan""","???","12"
"""skinny movies""","thin films","12"
"""greenhouse emanation""","greenhouse gas emission","12"
"""keen household""","smart home","12"
"""hammering window""","Hamming window","12"
"""buck and lift""","buck and boost","12"
"""effluence free""","pollution free","12"
"""0.33-celebration""","third party","12"
"""gamble of disease""","disease risk variants","12"
"""protection of vitality""","conservation of energy","12"
"""microwave emanation""","microwave emission","12"
"""deep dissertion""","???","12"
"""go lingual""","cross-lingual","12"
"""hyperspectral symbolism""","hyperspectral imaging/imagery (HSI)","12"
"""stomach throb""","stomach ache","12"
"""examination of difference (ANOVA)""","analysis of variance (ANOVA)","12"
"""keen lighting""","smart lighting","12"
"""recursive component disposal""","recursive feature elimination (RFE)","12"
"""co-reconciliation"" AND ""co-integration""","co-integration","12"
"""savvy FinTech""","smart FinTech","12"
"""white clamor""","white noise","12"
"""neighbourhood parallel example""","local binary pattern (LBP)","12"
"""organic distinctiveness""","natural selection","12"
"""feasible advancement objectives""","Sustainable Development Goals (SDG)","12"
"""direct differential condition""","linear differential equation","12"
"""destructiveness qualities""","toxicity genes","12"
"""completely associated feed-forward""","fully-connected feed-forward networks","12"
"""statistic misrepresentation""","data fraud","12"
"""circulated server""","distributed server","12"
"""individual computerized collaborator""","personal digital assistant (PDA)","12"
"""Gibbs free vitality""","???","12"
"""big-time salary""","high-income","12"
"""ignorant Bayes""","naive Bayes","12"
"""joint maximum probability""","Joint Maximum Likelihood (Estimation)","12"
"""medication solvency""","drug solubility","12"
"""recursive element disposal""","recursive feature elimination (RFE)","12"
"""nutrient B2"" AND ""vitamin""","vitamin B2","12"
"""excessive benchmark""","stress test","12"
"""Internet casting a ballot""","online voting","12"
"""Huntington's sickness""","Huntington's disease","12"
"""better nature of administration""","Quality of Service (QoS)","12"
"""go-lingual""","cross-lingual","12"
"""otherworldly examination""","spectral analysis","12"
"""shrewd lighting""","smart lighting","12"
"""responsive power remuneration""","reactive power compensation","12"
"""automated ethereal vehicle""","unmanned aerial vehicle (UAV)","12"
"""innocent Bayesian""","naive Bayesian","12"
"""portable specially appointed network""","Mobile Ad hoc Network (MANET)","12"
"""incendiary procedure""","inflammatory process","12"
"""magnetic meadow""","magnetic field","12"
"""water lamp oil""","???","12"
"""mild-emitting diode""","light-emitting diode","12"
"""enhanced permeation and retention (EPR) impact""","enhanced permeability and retention (EPR) effect","12"
"""worldwide financial emergency""","global financial crisis","12"
"""strategic recurrence""","logistic regression (?)","12"
"""AI Brainpower""","artificial intelligence","12"
"""Huntington's ailment""","Huntington's disease","12"
"""designs preparing unit""","graphics processing unit (GPU)","12"
"""education manner"" AND ""training process""","training process","12"
"""English as an unknown dialect""","English as a foreign language","12"
"""outfit of classifier""","ensemble of classifier","12"
"""straight administrator"" AND (""as follows"" OR ""equation"")","linear opeerator","12"
"""keen devices"" AND ""smart devices""","smart devices","12"
"""multitude objective""","common purpose","12"
"""lengthy short-time period memory""","Long Short-Term Memory (LSTM)","12"
"""time-rebate rate""","interest rate","12"
"""fingerprint popularity""","fingerprint recognition","12"
"""bottomless neural""","Deep Neural","12"
"""understudy scholastic execution""","student academic achievement","12"
"""shrewd device"" AND ""smart device""","smart devices","12"
"""awful bank""","bad bank","12"
"""antimicrobial vulnerability testing""","antimicrobial susceptibility testing","12"
"""Info-emics""","information","12"
"""cruel and standard deviation""","mean and standard deviation","12"
"""least inhibitory focus""","minimum inhibitory concentration","12"
"""feeling recognizable proof""","emotion identification","11"
"""speaker acknowledgment framework""","speaker recognition system","11"
"""talk certification""","speech recognition","11"
"""wellspring of subsidizing""","source of subsidies","11"
"""blame forecast""","fault prediction","11"
"""red, inexperienced and blue""","red, green and blue (RGB)","11"
"""exploratory bunch""","variable factor","11"
"""digital machines (VMs)""","virtual machines","11"
"""Fourier rework Infrared""","Fourier transform Infrared (FTIR)","11"
"""vicinity of clam""","presence of noise","11"
"""usual least squares (OLS)""","ordinary least squares (OLS)","11"
"""pre-trained demonstration""","pre-trained model","11"
"""privacy, respectability, and accessibility""","confidentiality, integrity, and availability (called the CIA triad)","11"
"""chest torture""","chest pain","11"
"""meta-gaining knowledge""","meta-learning","11"
"""singular price decomposition""","Singular Value Decomposition (SVD)","11"
"""picture coping with""","image processing","11"
"""protein structure expectation""","protein structure prediction","11"
"""flip-slump""","flip-flop","11"
"""horrible ramifications""","negative consequences","11"
"""unfriendly medication responses""","adverse drug reactions","11"
"""Dissolved Oxygen Fact Sheet""","Dissolved Oxygen data","11"
"""blunder rectifying""","error correction","11"
"""extending enthusiasm""","increasing demand","11"
"""outflank cutting edge""","surpass/outperform the state of the art","11"
"""direct mix"" AND ""linear combination""","linear combination","11"
"""cruel deviation""","mean deviation","11"
"""imbalance range issues""","Autism Spectrum Disorders (ASD)","11"
"""acknowledgement exactness""","recognition accuracy","11"
"""genuine terrible""","true negative","11"
"""Mongrel Technique""","hybrid technique","11"
"""dim level co-event network""","Gray-Level Co-Occurrence Matrix (GLCM)","11"
"""pre-handling task""","pre-processing task","11"
"""upheaval decline""","???","11"
"""recreated toughening""","simulated annealing (SA)","11"
"""drug transporter complex""","drug-carrier complex","11"
"""European Association (EU)""","European Union (EU)","11"
"""heart musicality""","heart rhythm","11"
"""supervised modern day""","supervised learning","11"
"""unearthly examination""","spectral analysis","11"
"""deep nervous tissue""","deep neural network","11"
"""Wasserstein separation""","Wasserstein distance","11"
"""ravenous algorithm""","greedy algorithm","11"
"""3rd birthday party""","third party","11"
"""item reputation"" AND ""item recognition""","item recognition","11"
"""scientific photo category""","medical image classification","11"
"""Kuznets bend""","Kuznets curve","11"
"""warm subject matter""","hot topic","11"
"""recognizable proof and acknowledgment""","identification and recognition","11"
"""widespread foundation models""","universal background models","11"
"""vehicular specially appointed organization""","Vehicular Ad-Hoc Network (VANet)","11"
"""plus magnetic nanoparticles""","velocity of the blood","11"
"""asset administration framework""","research modeling system","11"
"""quantitative facilitation""","quantitative easing","11"
"""voice signal acknowledgment""","(automatic) speech recognition (ASR)","11"
"""multi-otherworldly""","multi-spectral (MS)","11"
"""pleasant of provider""","quality of service (QoS)","11"
"""preliminaries of order""","classification experiments","11"
"""sickle cell sickness""","sickle cell disease","11"
"""bean molded""","bean shaped","11"
"""soul cancers""","anxiety","11"
"""relapse exam""","regression result","11"
"""monetary fall""","economic downturn","11"
"""innate coronary illness""","congenital heart disease","11"
"""handwriting reputation""","handwriting recognition","11"
"""input, covered up and yield layers""","input, hidden and output layers","11"
"""backspread"" AND ""backpropagation""","backpropagation","11"
"""radiative exchange condition""","Radiative Transfer Equation (RTE)","11"
"""foe assaults""","adversarial attacks","11"
"""fundamental component evaluation""","principal component analysis (PCA)","11"
"""lengthy short-term reminiscence""","long short-term memory","11"
"""upsurge pollution""","increase pollution","11"
"""hand flags"" AND ""hand signals""","hand signals","11"
"""pollution hollow""","pollution halo","11"
"""armada the board""","fleet management","11"
"""lean movies""","thin films","11"
"""high-recurrence range""","high-frequency range","11"
"""gullible Bayesian""","naive Bayesian","11"
"""Fourier Fourier (FFT)""","Fast Fourier Transform (FFT)","11"
"""maximum variance correction""","???","11"
"""nourishment shortage""","food shortage","11"
"""fundamental element evaluation""","Principal Component Analysis (PCA)","11"
"""cochlear embed""","cochlear implant","11"
"""American heart affiliation""","American Heart Association","11"
"""Middle East respiratory disorder coronavirus""","Middle East respiratory syndrome coronavirus","11"
"""taking in rate""","learning rate","11"
"""photonic gem""","photonic crystal","11"
"""unwavering quality (CR)""","(?)","11"
"""ready portraits""","picture pre-processing","11"
"""erectile brokenness""","erectile dysfunction","11"
"""service vector machines""","support vector machines (SVMs)","11"
"""greater considerate""","higher detail","11"
"""ghastly highlights""","spectral features","11"
"""hard plate drive""","hard disk drive","11"
"""Google pursuit""","Google search","11"
"""mental helper""","intelligent assistant","11"
"""Gray Level Co-Occurrence framework""","gray-level co-occurrence matrix (GLCM)","11"
"""people against machines""","Human Against Machine","11"
"""alpha-linolenic corrosive""","alpha-linolenic acid","11"
"""half breed classifier""","hybrid classifier","11"
"""voracious calculation""","greedy algorithm","11"
"""vigilant channel""","Canny edge detector","11"
"""Quality of administration QoS""","Quality of Service (QoS)","11"
"""organization ambush""","network attack","11"
"""automated clinical document""","Electronic medical record (EMR)","11"
"""casting a ballot classifier""","Voting Classifier","11"
"""sustain vector machine""","support vector machine (SVM)","11"
"""named reality recognition""","Named-entity recognition (NER)","10"
"""gooey streams""","viscous flows","10"
"""urinary lot contamination""","urinary tract infection (UTI)","10"
"""Arrhenius condition"" AND ""Arrhenius equation""","Arrhenius equation","10"
"""tentatively watched""","observation vector","10"
"""half and half nanofluid""","hybrid nanofluid","10"
"""online preparing"" AND ""online training""","online training","10"
"""insect state improvement""","ant colony optimization (ACO)","10"
"""non-observable pathway""","non-line-of-sight (NLOS)","10"
"""lactose prejudice""","lactose intolerance","10"
"""pc-aided prognosis""","computer-aided diagnosis (CAD)","10"
"""prescient learning""","predictive learning","10"
"""congested trees""","choice trees","10"
"""crossing point over union""","intersection over union (IoU)","10"
"""speech signal handling""","speech signal processing","10"
"""microstrip fix reception apparatus""","microstrip patch antenna","10"
"""recognising affirmation""","identification","10"
"""robotized location""","automatic detection","10"
"""attractive field sensors""","magnetic field sensors","10"
"""broaden suitable""","???","10"
"""remote sensor sorts out""","Wireless Sensor Network (WSN)","10"
"""mean outright rate blunder""","mean absolute percentage error (MAPE)","10"
"""crease cross validation""","fold cross validation","10"
"""chilling of electrical""","electronics cooling","10"
"""digital scientific record""","Electronic medical record (EMR)","10"
"""Mark off models""","Markov models","10"
"""Web Protocol (IP)""","Internet Protocol (IP)","10"
"""cruel square mistake""","mean square error","10"
"""mendacity down""","lying down","10"
"""clamor concealment""","noise supression","10"
"""exhalation of CO2"" AND ""emission of CO2""","emission of CO2","10"
"""tricky contacts""","???","10"
"""improved versatile broadband""","enhanced mobile broadband (eMBB)","10"
"""completely linked (FC)""","Fully connected","10"
"""Hidden Mathematician Model""","Hidden Markov Model (HMM)","10"
"""regulated acknowledging""","supervised learning (?)","10"
"""great of carrier""","quality of service (QoS)","10"
"""voice affirmation"" AND ""speech recognition""","speech recognition","10"
"""haze of things""","cloud of things","10"
"""full of feeling processing""","emotion(al) processing","10"
"""worldwide budgetary emergency""","global financial crisis","10"
"""warm Grashof""","heat Grashof","10"
"""battery control system (BMS)""","battery management system (BMS)","10"
"""certifiable positive""","true positive","10"
"""work process motor""","workflow engine","10"
"""gooey powers""","viscous forces","10"
"""earthmover"" AND ""bitcoin""","miner (i.e., Bitcoin mining)","10"
"""compound retort""","???","10"
"""weaken contamination""","reduce inflammation","10"
"""fluorescence naming""","fluorescence labelling","10"
"""floor atom""","particle surface","10"
"""pipeline disappointment""","pipeline failure","10"
"""fixation esteem""","concentration value","10"
"""deep intellectualization""","deep learning","10"
"""general language preparation""","natural language processing (NLP)","10"
"""okay-approach clustering""","K-means clustering","10"
"""disappearing inclination issue""","vanishing gradient problem","10"
"""frightened machine""","nervous system","10"
"""low-dormancy correspondence""","low-latency communication","10"
"""neighbourhood double example""","local binary pattern (LBP)","10"
"""Infrastructure as an administration""","Infrastructure as a Service (IaaS)","10"
"""alluring resonation imaging""","magnetic resonance imaging (MRI)","10"
"""auupdatedmation""","automation","10"
"""computer aided designation""","computer aided design (CAD)","10"
"""tainting factor""","contamination factor","10"
"""segregating highlight""","discriminating feature","10"
"""feebly exogenous""","weakly exogenous","10"
"""ok-approach clustering""","k-means clustering","10"
"""sickness recognizable proof""","disease identification","10"
"""Pc Helped Plan (CAD)""","Computer-aided Design (CAD)","10"
"""preparation pictures"" AND ""training images""","training images","10"
"""leave-one-out cross-approval""","leave-one-out cross-validation","10"
"""fascination peak""","???","10"
"""harmfulness qualities""","toxicity genes","10"
"""common least squares (OLS)""","ordinary least squares (OLS)","10"
"""wholly associated layer""","fully connected layer","10"
"""recognition and recognizable proof""","recognition and identification","10"
"""GMM assessor""","GMM estimator","10"
"""misfortune pace""","failure rate","10"
"""excellent of carrier""","quality of service (QoS)","10"
"""k-nearest pals""","k-nearest neighbors","10"
"""Shut Circuit Tv (CCTV)""","Closed-circuit Television (CCTV)","10"
"""vehicular specially appointed network""","vehicular ad-hoc networks (VANET)","10"
"""individual computerized associates""","personal digital assistants (PDAs)","10"
"""cover discrete wavelet""","overlap discrete wavelet","10"
"""wellspring of error""","source of error","10"
"""evacuating noise""","removing noise","10"
"""harmony restricting""","equilibrium binding","10"
"""fortification vector""","support vector [machine] (SVM)","10"
"""lower down carbon emissions""","reduce carbon emissions","10"
"""conversion in climate""","change in climate","10"
"""straightly free""","linearly independent","10"
"""stupid structure""","complex system","10"
"""information include map"" AND ""CNN""","feature map","10"
"""otherworldly area""","spectral domain","10"
"""gregarious networks""","social networks","10"
"""unsophisticated Bayes""","naive Bayes","10"
"""social expecting""","social engineering (?)","10"
"""record activator-like effector""","transcription activator-like effector","10"
"""hypothesis of diversions""","games theory","10"
"""vibrating test magnetometer""","vibrating sample magnetometer","10"
"""human-gadget interaction""","Human-Machine Interaction","10"
"""patron station""","???","10"
"""cavernous learning""","deep learning","10"
"""engine handicaps""","motor disabilities","10"
"""intemperate levels""","excessive levels","10"
"""neighborhood twofold example""","local binary pattern (LBP)","10"
"""Mel Recurrence Cepstrum""","Mel Frequency Cepstrum","10"
"""covered up Markov model""","Hidden Markov Model (HMM)","10"
"""autonomous and ward factors""","independent and dependent variables","10"
"""logit lift""","LogitBoost","10"
"""update entryway""","update gate (a part of GRU)","10"
"""reset entryway""","reset gate (a part of GRU)","10"
"""Rician blurring""","Rician fading","9"
"""unmarried frame""","single frame","9"
"""counterfeit honey bee province""","Artificial Bee Colony (ABC)","9"
"""at the off danger""","on the off chance","9"
"""cup-to-plate proportion""","Cup-Disc Ratio (CDR)","9"
"""type II blunder""","type II error","9"
"""World Well-being Association""","World Health Organization","9"
"""preoccupation coefficient""","absorption coefficient","9"
"""ghastly grouping""","spectral clustering","9"
"""valley of terror theory""","uncanny valley phenomenon","9"
"""dark level co-event lattice""","gray-level co-ocurrence matrix","9"
"""nice of existence""","quality of life","9"
"""far-off wellbeing checking""","remote health assessment","9"
"""tune in to client""","engage with client","9"
"""provocative middle people""","inflammatory mediators","9"
"""package of pieces""","bag of features (BoF)","9"
"""rotating current (AC)""","alternating current (AC)","9"
"""principal part examination""","principal component analysis (PCA)","9"
"""as moo as""","as low as","9"
"""roundabout chamber""","cylinder","9"
"""IoT-empowered vehicles""","IoT-enabled vehicles","9"
"""wellspring of record""","source of data","9"
"""kidney relocation""","kidney transplant","9"
"""particularity and delicacy""","specificity and accuracy","9"
"""discourse recognizer""","speech recognizer","9"
"""regulated proficiency""","supervised [machine] learning","9"
"""information disclosure in databases""","knowledge discovery in databases","9"
"""slope promotion""","gradient boosting","9"
"""ahead blunder correction""","forward error correction (FEC)","9"
"""receiver operating characteristic (ROC) wind""","receiver operating characteristic (ROC) curve","9"
"""straightened layer"" AND ""neural""","flatten layer","9"
"""speaker distinguishing proof""","speaker verification","9"
"""neurodegenerative clutter""","neurodegenerative disorder","9"
"""window capacity"" AND ""window function""","window function","9"
"""distributed denial of provider""","distributed denial of service (DDoS)","9"
"""histogram of arranged inclinations""","histogram of oriented gradients (HOG)","9"
"""root suggest rectangular error""","root mean square error","9"
"""choice timberland""","decision tree","9"
"""CO2 seize""","CO2 capture","9"
"""flexibly chain the executives""","supply chain management","9"
"""accomplice diploma""","associate degree","9"
"""polyethylene glycol (stake)""","polyethylene glycol (PEG)","9"
"""debased execution""","degraded performance","9"
"""course management frameworks""","course management systems (CMSs)","9"
"""discourse impedance""","speech impediment","9"
"""visual antiquities""","visual artifacts","9"
"""geometric mutilations""","geometric distortions","9"
"""unfavorable belonging""","side effect","9"
"""Convolutional mind affiliation""","Convolutional Neural Network (CNN)","9"
"""psyche tumor""","brain tumor","9"
"""discourse into content""","speech to text","9"
"""medical photograph class""","medical image classification","9"
"""Integrated Knowledge Community""","Integrated Knowledge Network ?","9"
"""reverse engendering""","back propagation","9"
"""warmth esteem""","???","9"
"""domain of obscure capacity""","domain of unknown function","9"
"""three-layered printing""","3D printing","9"
"""feathery reasoning""","fuzzy logic","9"
"""low pass channel (LPF)""","low pass filter","9"
"""rectified direct units""","rectified linear units","9"
"""moo plant""","additional hilarity","9"
"""synthetic inactivity""","Chemical resistance","9"
"""theoretical qualities"" AND ""hypothetical genes""","hypothetical genes","9"
"""appealing resonation imaging""","magnetic resonance imaging (MRI)","9"
"""Sherwood digit""","Sherwood number","9"
"""sharp-pointed resonance""","sharp-peaked resonance","9"
"""creepy event""","???","9"
"""pass-layer layout""","???","9"
"""ordering relapse""~3","classification and regression","9"
"""cross-correlation analysis (XCA)""","X-ray coronary angiography (XCA)","9"
"""evacuation of noise""","noise reduction","9"
"""solitary worth disintegration""","singular value decomposition (SVD)","9"
"""irregular choice woods""","random decision forests","9"
"""battery admission""","battery consuption","9"
"""server farms (DCs)""","data centers (DCs)","9"
"""Python artificial language""","Python programming language","9"
"""diversion theoretic""","games theory","9"
"""fleecy reasoning""","fuzzy logic","9"
"""principal component scrutiny""","Principal Component Analysis (PCA)","9"
"""bottomless neural network""","Deep Neural Network","9"
"""supervised device mastering""","supervised machine learning","9"
"""kind I error""","type I error","9"
"""crate plot""","box plot","9"
"""magnetic specialization""","magnetic field","9"
"""adolescent lymphocyte""","immature lymphocyte","9"
"""fundamental issue evaluation""","principal component analysis (PCA)","9"
"""phishing spots""","phishing (web)sites","9"
"""iris popularity""","iris recognition","9"
"""oil evacuation"" AND ""oil removal""","oil removal","9"
"""cross breed demonstrate""","hybrid model","9"
"""TCP/IP bundle""","TCP/IP packet","9"
"""clever metering""","smart metering","9"
"""mean normal exactness""","Mean Average Precision (mAP)","9"
"""accomplice choice""","relay/partner selection","9"
"""enticing nanomaterial""","Magnetic nanomaterial","9"
"""object based arrangement""","object-based classification","9"
"""choice help frameworks""","Decision Support System","9"
"""protospacer adjoining motifs""","protospacer adjacent motif (PAM)","9"
"""system disappointment"" AND ""system failure""","system failure","9"
"""picture catch"" AND ""image acquisition""","image acquisition","9"
"""brief time frame Fourier""","short-time Fourier (transform) (STFT)","9"
"""get right of entry to network""","access network","9"
"""de-recognizable"" AND ""de-identification""","de-identification","9"
"""logistical growth phase""~5","logarithmic growth phase","9"
"""time-space highlights""","Time-space features","9"
"""aversive discourse""","hate speech","9"
"""sincere Bayes""","naive Bayes","9"
"""online protection arrangement""","cybersecurity solution","9"
"""rewarding infection""","treating infection","9"
"""Gabor nuclear""","Gabor kernel","9"
"""summed up relapse""","logistic regression","9"
"""multi-tenure"" AND ""multi-tenancy""","multi-tenancy","9"
"""trapezoidal enrollment""","trapezoidal membership [function] (fuzzy logic)","9"
"""fundamental issue analysis""","principal component analysis (PCA)","9"
"""SSH assault""","SSH attack","9"
"""manufactured gap radar""","synthetic aperture radar (SAR)","9"
"""torment administration""","pain management","9"
"""atomic waste archives""","nuclear waste disposal/storage","9"
"""Bozeman machine""","Boltzmann Machine","9"
"""long short-time period reminiscence""","Long Short-Term Memory (LSTM)","9"
"""perchloric corrosive""","perchloric acid","9"
"""move lingual""","cross-lingual","9"
"""chemosensory work""","chemosensory function","9"
"""tumble tactic""","somersault (process)","9"
"""vacationer appearance""","tourist arrival","9"
"""region under the recipient working trademark""","area under the receiver operating characteristic [curve] (AUROC)","9"
"""convolutional profound""","convolutional deep","9"
"""second-age (2G)""","second-generation","9"
"""move-lingual""","cross-lingual","9"
"""extremely wideband (UWB)""","ultra wideband","9"
"""super thick organization""","ultra-dense network","9"
"""discrete Fu Liye transform""","Discrete Fourier Transform","9"
"""irregular disappointment""","random failure","9"
"""recurrence and sufficiency""","frequency and amplitude","9"
"""askew impact""","off-target effect","9"
"""ladies' ruins""","women's deaths","9"
"""coefficient of assertion""","coefficient of determination","9"
"""PC helped indicative""","computer-aided diagnostic [system]","9"
"""sociology looks into""","sociology research","8"
"""flight of stairs impact""","staircase effect","8"
"""baffling layer""","convolutional layer","8"
"""validation assault""","validation attack","8"
"""rock gasoline""","fossil fuel","8"
"""pace and correctness""","speed and accuracy","8"
"""superior Encryption popular""","Advanced Encryption Standard (AES)","8"
"""co-incorporation"" AND ""cointegration""","cointegration","8"
"""sentiment confirmation""","emotion recognition","8"
"""twofold edged blade""","double-edged sword","8"
"""lung disappointment""","lung failure","8"
"""electron diffraction spectrophotometer""","energy dispersive X-ray spectrometer (EDX or EDXS)","8"
"""provocative surrounding""","inflammatory condition","8"
"""multilayer perceptron arrange""","multilayer perceptron network","8"
"""type I blunder""","type I error","8"
"""visually hindered"" AND ""visually impaired""","visually impaired","8"
"""model execution measurement""","model performance metric","8"
"""irregular forests (RF)""","random forests","8"
"""k suggests gathering""","k-means clustering","8"
"""straight differential condition""","linear differential equation","8"
"""Astute Transportation System""","Smart Transportation System","8"
"""cortical diminishing""","cortical thinning","8"
"""comfy socket layer""","Secure Socket Layer","8"
"""danger of the board""","risk management","8"
"""protein information base""","protein database","8"
"""profound deep Convolutional Neural Networks""","deep Convolutional Neural Networks","8"
"""semi equalizing load""","???","8"
"""signal language popularity""","sign language recognition","8"
"""interminable sickness""","chronic diseases","8"
"""Government Oversight Office""","Government Accountability Office (GAO)","8"
"""fake-fine charge""","false positive rate","8"
"""attack disavowal""","???","8"
"""enlistment capacity""","membership function","8"
"""blunder framework""","error system (?)","8"
"""Key Part Investigation""","Principal Component Analysis (PCA)","8"
"""build-yearly development rate""","compound annual growth rate (CAGR)","8"
"""different info numerous yield""","multiple input multiple output","8"
"""dim level co-event lattice""","gray-level co-ocurrence matrix","8"
"""persistent obstructive pneumonic illness""","Chronic obstructive pulmonary disease","8"
"""mathematician Mixture Model""","Gaussian Mixture Model","8"
"""grouping to-succession""","sequence-to-sequence","8"
"""pigeon enhancement""","pigeon optimization","8"
"""benewiwireless""","benefit less ?","8"
"""affectability esteem""","sensitivity rate","8"
"""hereditary algorithmic""","genetic algorithm","8"
"""renewable vitality utilization""","renewable energy use","8"
"""receiver running function""","receiver operating characteristic (ROC)","8"
"""imperativeness profitable""","energy efficient","8"
"""full of feeling figuring""","emotion(al) processing","8"
"""vendor-managed stock""","vendor-managed inventory (VMI)","8"
"""creeping peg""","crawling peg","8"
"""vocal lot""","vocal tract","8"
"""climbing colon""","ascending colon","8"
"""agreeable transmission"" AND ""cooperative""","cooperative transmission","8"
"""realistic handling unit""","graphics processing unit","8"
"""smart apparatuse"" AND ""smart device""","smart device","8"
"""nations of goal""","country of destination","8"
"""Individuals' Republic of China""","People's Republic of China","8"
"""obscure capacities"" AND ""unknown functions""","unknown functions","8"
"""recognisable affirmation""","identification","8"
"""polarize microscopy""","polarization microscopy","8"
"""ghostly grouping""","spectral clustering","8"
"""spotlight map"" AND CNN","feature map","8"
"""photocatalytic pastime""","photocatalytic activity","8"
"""port scan assault""","port scan attack","8"
"""solid oxidizing specialist""","real oxidation agent","8"
"""business-off-the-shelf""","commercial-off-the-shelf (COTS)","8"
"""anticipate exactness""","accuracy ?","8"
"""singular fee decomposition""","Singular Value Decomposition (SVD)","8"
"""shading mutilation""","color distortion","8"
"""Dulbecco’s changed Eagle’s medium""","Dulbecco’s Modified Eagle’s medium (DMEM)","8"
"""profundity model""","deep model","8"
"""visitor atoms""","guest molecules","8"
"""data privacy trouble""","data privacy issue","8"
"""unaided bunching""","unsupervised clustering","8"
"""kidney relocate""","kidney transplant","8"
"""insatiable algorithm""","greedy algorithm","8"
"""ill-disposed misfortune""","adversarial loss (in GAN)","8"
"""stage self-sufficient""","platform-independent (software)","8"
"""trade sincerity""","trade openness","8"
"""profound deep CNNs""","deep CNNs","8"
"""10,000 foot see""","bird's eye view","8"
"""high-performance excavator""","High Utility Itemset Miner (HUI-Miner)","8"
"""passionate names""","emotional labels","8"
"""bi-heading""","bidirectional","8"
"""k-nameless""","k-anonymous","8"
"""comfy Shell""","secure Shell (SSH)","8"
"""mammalian objective of rapamycin""","mammalian target of rapamycin (mTOR)","8"
"""thermal heightening""","thermal expansion","8"
"""lingering commotion""","residual noise","8"
"""cushioned reasoning""","fuzzy logic","8"
"""otherworldly highlight""","spectral features","8"
"""You Simply See Once""","You Only Look Once algorithm (YOLO)","8"
"""receptor-restricting area""","Receptor Binding Domain (RBD)","8"
"""best guess estimate"" AND ""useful predictor""","useful predictor","8"
"""route disappointment""","route failure","8"
"""long-range informal communication stages""","social networking platforms","8"
"""little interfering RNA""","Small interfering RNA (siRNA)","8"
"""nearby twofold example""","local binary pattern (LBP)","8"
"""genome altering framework""","genome editing systems","8"
"""stowing classifier""","bagging classifier","8"
"""cutting edge fibrosis""","advanced fibrosis","8"
"""intra and bury""","intra and inter","8"
"""fragile figuring""","soft computing","8"
"""immediate current (DC)""","direct current (DC)","8"
"""cruel outright mistake""","mean absolute error (MAE)","8"
"""edge price"" AND ""thresholding""","threshold value","8"
"""Kmeans bunching""","k-means clustering","8"
"""green and fee-powerful""","efficient and cost-effective","8"
"""lengthy brief-term memory""","long short-term memory","8"
"""stowed away state""","hidden state","8"
"""Cup-to-circle proportion""","Cup-Disc Ratio (CDR)","8"
"""Collection-to-series""","Sequence-to-sequence","8"
"""remote frameworks organization""","wireless networking","8"
"""non-negative network factorization""","non-negative matrix factorization (NMF)","8"
"""more elevated level highlights""","high-level features","8"
"""foremost component analysis""","Principal Component Analysis","8"
"""related element evaluation""","connected-component analysis (CCA)","8"
"""tranquilizer conveyance""","drug delivery","8"
"""beginning worth issue""","Initial Value Problem (IVP)","8"
"""L1 misfortune""","L1 loss","8"
"""nearby slope"" AND ""local gradient""","local gradient","8"
"""digital fact (VR)""","virtual reality (VR)","8"
"""Huntington's malady""","Huntington's disease","8"
"""incendiary middle people""","inflammatory mediators","8"
"""pale-skinned person mouse""","albino mouse","8"
"""gathering of occupiers""","group of residents","8"
"""choice backwood""","decision tree","8"
"""imperativeness successful""","energy efficient","8"
"""antagonistic pregnancy results""","adverse pregnancy outcomes","8"
"""commonness ailment""~5","prevalence, sickness","8"
"""high stipulate""","high demand","8"
"""ghostly examination""","spectral analysis","8"
"""pre-preparing model""","pre-trained model","8"
"""constant aggravation"" AND ""systemic inflammation""","systemic inflammation","8"
"""scorn talk""","hate speech","8"
"""vegetative electron microscope""","low-energy electron microscopy","8"
"""acetylsalicylic corrosive""","acetylsalicylic acid","8"
"""genuine and fanciful part""","real and imaginary part [of a complex number]","8"
"""programmed speech acknowledgment""","automatic speech recognition","8"
"""center internal heat level""","core body temperature","8"
"""self-association map""","self-organizing map","8"
"""economic prosperousness""","economic prosperity","8"
"""persistent kidney ailment""","chronic kidney disease (CKD)","8"
"""Eigen worth""","Eigen value","8"
"""misfortune layer""","hidden layer","8"
"""lion's share voting""","majority voting","8"
"""Coronary vein sickness""","coronary artery disease","8"
"""revolution scaling interpretation""~2","Rotation, Scaling, and Translation (RST)","8"
"""creation arranging and control""","production planning and control","8"
"""printed circuit sheet (PCB)""","printed circuit board (PCB)","8"
"""particular worth disintegration""","single value decomposition (SVD)","8"
"""delivery Layer protection""","Transport Layer Security (TLS)","8"
"""imply squared blunder""","mean squared error","8"
"""popularity fee""","recognition rate","8"
"""honest to goodness positive""","true positive","8"
"""voice colleague"" AND ""voice assistant""","voice assistant","8"
"""half breed demonstrate""","hybrid model","8"
"""Order and Relapse Tree""","Classification and Regression Tree (CART)","8"
"""Fourth-Age (4G)""","Fourth-Generation (4G)","7"
"""edit illnesses""","crop illnesses","7"
"""incendiary ailment""","inflammatory disease","7"
"""watery diversion""","aqueous humor","7"
"""Tool Learning (ML)""","Machine Learning (ML)","7"
"""camera sack""","image dataset","7"
"""outfit characterization""","ensemble classification","7"
"""root suggest squared error""","root mean square error (RMSE)","7"
"""acknowledgement pace""","recognition rate","7"
"""American Malignancy Society""","American Cancer Society","7"
"""ingenuous Bayes""","naive Bayes","7"
"""warm observing""","heat monitoring","7"
"""seriously care unit""","intensive care unit (ICU)","7"
"""In-vitro Treatment (IVF)""","In-vitro Fertilization (IVF)","7"
"""differential condition"" AND ""fourth request""","differential equation AND 4th order","7"
"""hard circle drive""","hard disk drive","7"
"""fluorescent-named""","fluorescent-tagged","7"
"""pathetic burden""","???","7"
"""choice jungle""","decision jungle (algorithm)","7"
"""enunciated bodies""","articulated bodies","7"
"""ok-Nearest friends""","k-nearest neighbors","7"
"""antigermicidal agent""","agent that has an activity opposed to killing germs","7"
"""constant lung infection""","chronic pulmonary infection","7"
"""protein recognizable proof""","protein identification","7"
"""lactose bigotry""","lactose intolerance","7"
"""gravitational fascination""","gravitational attraction","7"
"""Hypothesis of Arranged Conduct (TPB)""","Theory of Planned Behavior (TPB)","7"
"""character burglaries""","identity thefts","7"
"""hotness misfortune""","heat loss","7"
"""biofilm populaces""","biofilm population","7"
"""article arranged programming""","object-oriented programming","7"
"""case-touchy""","case-sensitive (text)","7"
"""scientific local area""","scientific field/discipline","7"
"""dispensed denial-of-carrier""","distributed denial of service","7"
"""rubbing welding""","friction welding","7"
"""ammunition acids""","amino acids","7"
"""halfway differential Equations""","partial differential equations (PDEs)","7"
"""double grouping"" AND ""binary classification""","binary classification","7"
"""feed-ahead community""","feedforward network","7"
"""high-layered highlight space""","high-dimensional feature space","7"
"""opportune and dependable""","timely and reliable","7"
"""Mel Recurrence Scale""","Mel Frequency Scale","7"
"""grade point normal""","grade point average (GPA)","7"
"""retinal shade epithelium""","Retinal Pigment Epithelium (RPE)","7"
"""reaction initiation probability""","initiation probability","7"
"""gluconic corrosive""","gluconic acid","7"
"""affirmation exactness""","recognition accuracy","7"
"""self-organizing characteristic maps""","self-organizing feature maps","7"
"""singular worth decomposition""","Singular Value Decomposition (SVD)","7"
"""redox flagging""","redox signaling","7"
"""strong, fluid or gas""","solid, liquid or gas","7"
"""Reynolds digit""","Reynolds number","7"
"""complete association layer""","fully-connected layer (in a neural network)","7"
"""shading twisting""","color distortion","7"
"""Hypothesis of Contemplated Activity (TRA)""","Theory of Reasoned Action (TRA)","7"
"""setup and the board""","configuration and management","7"
"""Mark off process""","Markov process","7"
"""coordinated sifting""","matched filtering","7"
"""retro degree""","retro-gradation","7"
"""commotion cancelation""","noise cancellation","7"
"""Global Data Corporation""","International Data Corporation (IDC)","7"
"""cell cycle guideline""","cell cycle regulation","7"
"""hazardous emanations""","hazardous emissions","7"
"""vigorous relapse""","robust regression","7"
"""particularity, responsiveness""","specificity, sensitivity (metrics)","7"
"""discrete fourier remodel""","discrete Fourier transform (DFT)","7"
"""truth stretch""","confidence intervals","7"
"""man-made mental aptitude""","artificial intelligence","7"
"""nice predictive value""","positive predictive value (PPV)","7"
"""mental conduct treatment""","cognitive behavior treatment (CBT)","7"
"""numerous occasion learning""","multiple-instance learning (MIL)","7"
"""Client Datagram Convention""","User Datagram Protocol (UDP)","7"
"""outfit understanding""","ensemble learning","7"
"""Term Recurrence - Backwards Record Recurrence""","Term Frequency - Inverse Document Frequency","7"
"""created calculation"" AND ""algorithm developed""","algorithm developed","7"
"""revelation dataset""","public dataset","7"
"""thing acknowledgment"" AND ""object recognition""","object recognition","7"
"""record activator-like effector nucleases""","transcription activator-like effector nucleases (TALENs)","7"
"""underlying worth issue""","initial value problem","7"
"""substance based picture recuperation""","Content-Based Image Retrieval","7"
"""profound bore""","deep bore","7"
"""lesson lopsidedness""","class imbalance (in a classification dataset)","7"
"""speech emotion popularity""","speech emotion recognition","7"
"""imbalance range problems""","Autism Spectrum Disorders (ASD)","7"
"""warmth of sorption""","Heat of sorption","7"
"""element determination and extraction""","feature selection and extraction","7"
"""bolster portability""","support mobility","7"
"""region beneath the ROC bend""","area under the ROC curve (AUC)","7"
"""tropical wildness""","tropical disease","7"
"""irregular maturing""","random aging","7"
"""wi-fically""","???","7"
"""incendiary sickness""","inflammatory disease","7"
"""healthful prerequisites""","nutritional requirements","7"
"""Organization Interruption Discovery Frameworks""","Network Intrusion Detection System (NIDS)","7"
"""fake Recurrent Neural Network""","artificial Recurrent Neural Network","7"
"""[C=O] bunches""","[C=O] groups","7"
"""institutional survey board""","institutional review board","7"
"""manageable improvement objective""","Sustainable Development Goals (SDG)","7"
"""clinical squander""","clinical waste","7"
"""support vector motor""","support vector machine (SVM)","7"
"""primary thing evaluation""","principal component analysis","7"
"""squared misstep""","squared error","7"
"""creation rooftop""","production ceiling","7"
"""gas and mass spectroscopy""","gas chromatography/mass spectrometry (GC/MS)","7"
"""pinnacle recurrence""","peak frequency","7"
"""gross national item""","gross national product","7"
"""parasitic fix""","parasitic strip","7"
"""planning get ready""","training process","7"
"""slim movies""","thin films","7"
"""scale invariant feature remodel""","scale invariant feature transform (SIFT)","7"
"""commotion extent""","???","7"
"""advanced encryption widespread""","Advanced Encryption Standard (AES)","7"
"""DDoS raid""","DDoS attack","7"
"""nutrient B5"" AND ""vitamin""","vitamin B5","7"
"""liquor-based rub""","alcohol-based hand rub","7"
"""chairperson benefits""","administrator privileges","7"
"""Center East Respiratory Condition""","Middle East Respiratory Syndrome (MERS)","7"
"""fatty corrosive""","fatty acid","7"
"""coupling accomplice""","binding partner","7"
"""co-resident assault""","co-resident attack","7"
"""learning disclosure in databases""","knowledge discovery in databases","7"
"""problematic relaxing""","difficult breathing","7"
"""worldwide pooling"" AND ""global pooling""","global pooling","7"
"""Joule warms""","Joule heating","7"
"""chief component analysis""","Principal Component Analysis (PCA)","7"
"""field arranged control""","field oriented control (FOC)","7"
"""various information different result""","multiple input multiple output (MIMO)","7"
"""vigor usage""","energy/power usage","7"
"""winged animal rushing""","???","7"
"""unfaithful positive""","false positive","7"
"""robotized thinking""","machine learning","7"
"""ghostly clustering""","spectral clustering","7"
"""ensuing learning and speculation steps""","???","7"
"""political decision commission""","electoral commission","7"
"""normal mistake rate""","average error rate","7"
"""during spite of""","in spite of","7"
"""microbial sullying""","microbial contamination","7"
"""off-focusing"" AND ""off-target""","off-target","7"
"""gel pervasion""","gel permeation (chromatography)","7"
"""penmanship acknowledgement""","handwriting acknowledgement","7"
"""corruption of polymers""","polymer decomposition","7"
"""magnetic pasture""","magnetic field","7"
"""BiLSTM organization""","BiLSTM (neural) netwok","7"
"""counterfeit alarm""","false alarm","7"
"""electronic casting a ballot""","electronic voting systems","7"
"""vessel flagon""","reaction flask","7"
"""splitting tensile power""","splitting tensile strength","7"
"""petroleum-driven powers""","petroleum-derived fuels","7"
"""auupdatedmate""","automate","7"
"""vehicular impromptu network""","Vehicular Ad hoc Network (VANET)","7"
"""far flung get entry to""","remote access","7"
"""term recurrence reverse record recurrence""","Term Frequency Inverse Document Frequency (TF-IDF)","7"
"""relapse technique"" AND ""regression technique""","regression technique","7"
"""Long Short Term Memory organizations""","Long Short-Term Memory networks","7"
"""autoregressive incorporated transferring common""","autoregressive integrated moving average","7"
"""fascination band""","???","7"
"""delicate registering approach""","soft computing approach","7"
"""cellular ad-hoc community""","\""mobile ad hoc network (MANET)\""","7"
"""semi-regulated calculation""","semi-supervised algorithm","7"
"""antibody intervened""","antibody mediated","7"
"""differential condition"" AND ""third request""","differential equation AND 3rd order","7"
"""restricting accomplice""","binding partner","7"
"""ostensibly incapacitated""","visually impaired","7"
"""human ocular perceivers""","human eyes","7"
"""unfortunate visualization""","(?) detection","7"
"""info entryway""","input gate (a part of LSTM)","7"
"""high-level driver helps frameworks""","advanced driving assistance system (ADAS)","6"
"""coupling negotiator""","coupling agent","6"
"""CRISPR impedance or CRISPRi""","CRISPR interference or CRISPRi","6"
"""ensured wellbeing data""","Protected Health Information (PHI)","6"
"""international positioning system (GPS)""","Global Positioning System","6"
"""dark social examination""","grey relational analysis","6"
"""astute assembling""","intelligent manufacturing","6"
"""Eventually Tom's scrutinizing""","by","6"
"""General Professionals (GPS)""","General Practitioners (GPS)","6"
"""hazardous squanders""","hazardous wastes","6"
"""limited difference time-domain""","finite-difference time-domain","6"
"""low-asset dialect""","low-resource language","6"
"""vocal parcel""","vocal tract","6"
"""unbiased element analysis""","independent component analysis (ICA)","6"
"""Security Preserving Data Mining""","Privacy Preserving Data Mining (PPDM)","6"
"""ceaseless speech""","continuous speech","6"
"""slice level precision""","frame-level accuracy","6"
"""speaker mannequin""","speaker model","6"
"""particular esteem decay""","singular value decomposition (SVD)","6"
"""tall level of exactness""","high level of accuracy","6"
"""NMR flag""","NMR signal","6"
"""force supply unit""","power supply unit","6"
"""profoundly saved""","heavily conserved","6"
"""financial guess""","financial forecast","6"
"""abdicate forecast""","yield forecast","6"
"""Multiple article following""","Multiple Object Tracking","6"
"""MobileNet engineering""","MobileNet (a neural network) architecture","6"
"""urban scheming""","urban planning","6"
"""mellow disease""","mild disease","6"
"""portrayal of the genome""","characterization of the genome","6"
"""twofold characterization issues""","binary classification tasks","6"
"""arrangement of constants"" AND ""set of parameters""","set of parameters","6"
"""can't stand discourse""","hate speech","6"
"""Lyme's sickness""","Lyme's disease","6"
"""blocking curios""","blocking artifacts","6"
"""entry to manage list""","access-control list (ACL)","6"
"""high pass channel (HPF)""","high pass filter","6"
"""cushioned method of reasoning""","fuzzy logic","6"
"""couple of-enter more than one-output""","multiple-input multiple-output","6"
"""image affirmation"" AND ""image recognition""","image recognition","6"
"""club strongholds""","cluster formations","6"
"""manufactured opening radar""","synthetic aperture radar (SAR)","6"
"""contrast-upgraded"" AND ""contrast-enhanced""","contrast-enhanced","6"
"""more drawn out frequency""","longer wavelength","6"
"""low clamor speaker""","low noise amplifier (LNA)","6"
"""chart tagging""","graph labeling","6"
"""affected man or woman care""","healthcare (?)","6"
"""cushy reasoning""","fuzzy reasoning","6"
"""Golgi contraption""","Golgi apparatus","6"
"""medium get admission to manipulate""","media access control (MAC)","6"
"""mind boggling and troublesome""","convoluted (referring to convolution, as a mathematical operation)","6"
"""area-unique information""","domain-specific knowledge","6"
"""realistic client interface""","graphical user interface","6"
"""man in center assault""","Man in The Middle Attack","6"
"""representative strengthening"" AND ""employee empowerment""","employee empowerment","6"
"""picture smoothening""","image smoothing","6"
"""Photonic band hole""","photonic band gap","6"
"""openness therapy""","exposure therapy","6"
"""eigen-confront""","Eigen-face","6"
"""penicillin restricting protein""","penicillin binding protein","6"
"""neurodegenerative disarrange""","neurodegenerative disorder","6"
"""sun oriented warming""","solar heating","6"
"""inclination helped trees""","gradient-boosted decision trees (GBDT)","6"
"""conviction interim""","confidence interval","6"
"""convolutional frontal cortex affiliation""","Convolutional Neural Network (CNN)","6"
"""mean Total percentage errors""","mean absolute percentage error (MAPE)","6"
"""brain tumefaction""","brain cancer / brain tumor","6"
"""phantom groups"" AND ""spectral bands""","spectral bands","6"
"""least vital bit""","least significant bit (LSB)","6"
"""inside a pontoon""","inside a reaction vessel/baloon","6"
"""concoction equation""","chemical formula","6"
"""Bronsted corrosive""","Bronsted acid","6"
"""enthusiastic discourse"" AND ""emotional speech""","emotional speech","6"
"""yield worth"" AND ""output value""","output value","6"
"""autumn-out"" AND ""fall-out""","fall-out","6"
"""IEEE Diary on""","IEEE Journal on","6"
"""product characterized network""","Software Defined Network (SDN)","6"
"""histogram of arranged slopes""","histogram of oriented gradients (HOG)","6"
"""High resonance SEM""","High resolution SEM","6"
"""President Hedge""","president George Bush","6"
"""slender activity""","capillary action","6"
"""grasp/slave""","master/slave","6"
"""multi-elegance classification""","multi-class classification","6"
"""establishment subtraction""","background subtraction","6"
"""versatile neuro-fluffy derivation framework""","adaptive neuro-fuzzy inference system (ANFIS)","6"
"""evaporating slants""","vanishing gradients","6"
"""coronary corridor sickness""","coronary artery disease","6"
"""boisterous flag""","noisy signal","6"
"""prescient error""","prediction error","6"
"""Circulated energy assets (DERs)""","Distributed Energy Resources (DERs)","6"
"""excess oxygen"" AND ""airborne oxygen""","airborne oxygen","6"
"""traffic stream expectation""","traffic flow prediction","6"
"""propelled diabetes""","advanced diabetes","6"
"""eager discourse""","emotional speech","6"
"""worker breakdown"" AND ""cloud computing""","server failure","6"
"""false alarm fee""","false alarm rate","6"
"""interference recognizable proof""","intrusion identification (?)","6"
"""farsighted power""","predictive power","6"
"""mean-squared bungle""","squared error","6"
"""astute household""","smart home","6"
"""machine perusing""","Machine Learning (ML)","6"
"""high unwavering quality model""","high confidence model","6"
"""picture confirmation"" AND ""image recognition""","image recognition","6"
"""shrewd traffic light""","smart traffic light","6"
"""displaying instructing""","model training","6"
"""area under the ROC bend""","area under the ROC curve (AUC)","6"
"""getting-to-know analytics""","learning analytics (LA)","6"
"""reinforcement modern day""","Reinforcement Learning (RL)","6"
"""otherworldly reach""","spectral range","6"
"""underground creepy crawly state""","ant colony","6"
"""feline lift""","CatBoost (software library)","6"
"""antagonistic responsibility""","negative charge","6"
"""Mechanized Teller Machines (ATMS)""","Automated Teller Machines (ATMS)","6"
"""sigmoid initiation capability""","sigmoid activation function","6"
"""real high quality charge""","True Positive Rate (TPR)","6"
"""mechanized tomography""","computed tomography (CT)","6"
"""hyperbolic digression work""","hyperbolic tangent function","6"
"""radioactive rot""","radioactive decay","6"
"""deep perception community""","Deep Belief Network (DBN)","6"
"""inexperienced Bayes""","naive Bayes","6"
"""talk sign"" AND ""speech signal""","speech signal","6"
"""commotion flag""","noise signal","6"
"""exactness, correctness, review""","accuracy, precision, recall","6"
"""privateness upkeep""","privacy maintenance","6"
"""intermittent layer"" AND ""recurrent layer""","recurrent layer (neural network)","6"
"""laptop-aided prognosis""","computer-aided diagnosis (CAD)","6"
"""various layer perceptron""","Multi-layer perceptron (MLP)","6"
"""subthalamic core""","subthalamic nucleus (STN)","6"
"""skin peril""","skin cancer","6"
"""ghostly reach""","spectral range","6"
"""6th Era (6G)""","Sixth-Generation (6G)","6"
"""finger impression acknowledgement""","fingerprint recognition","6"
"""Mean Assessment Score (MOS)""","Mean Opinion Score (MOS)","6"
"""Data And Interchanges Innovation (ICT)""","Information And Communications Technology (ICT)","6"
"""pilot take a look at""","pilot experiment/study","6"
"""ok-anonymity""","k-anonymity","6"
"""free segment investigation""","Independent Component Analysis (ICA)","6"
"""voyaging sales representative issue""","travelling salesman problem","6"
"""wistful research""","sentiment analysis (SA)","6"
"""Conditional Arbitrary Field""","conditional random field (CRF)","6"
"""element-of-speech (POS)""","part-of-speech (POS)","6"
"""sun oriented refining""","solar desalination","6"
"""chromic corrosive""","chromic acid","6"
"""irritate and watch""","perturb and observe","6"
"""random thicket""","random forest","6"
"""drawn aimlessly""","randomly chosen","6"
"""key segment investigation""","Principal Component Analysis (PCA)","6"
"""dispersed refusal of administration""","distributed denial of service (DDoS)","6"
"""preparing cases"" AND ""training samples""","training samples","6"
"""maximum probability (MLE)""","maximum likelihood estimation (MLE)","6"
"""chime pepper""","bell pepper","6"
"""at ease Shell""","secure shell (SSH)","6"
"""self-consideration layer""","self-attention layer (of a neural network)","6"
"""fake poor charges""","false negative rates","6"
"""worker preparing"" AND ""employee training""","employee training","6"
"""medical services biological system""","healthcare ecosystem","6"
"""genuine unfriendly impact""","negative collateral effet","6"
"""obtrusive breast cancer""","invasive breast cancer","6"
"""Eventually Tom's examining""","by","6"
"""food gracefully chain""","food supply chain","6"
"""mathematical upsides""","numerical values","6"
"""watch bounce""","watch jump process","6"
"""generative stochastic system""","generative stochastic network (GSN)","6"
"""genuine ecological condition""","real enviroment","6"
"""lightness prompted""","buoyancy induced","6"
"""interpersonal organization administrations""","social network services","6"
"""fetal liquor""","fetal alcohol (syndrome)","6"
"""country-of-artwork""","state-of-the-art","6"
"""artifact expulsion""","artifact removal","6"
"""dynamic time distorting""","Dynamic Time Warping (DTW)","6"
"""nutrient B3"" AND ""vitamin""","vitamin B3","6"
"""sickle cell ailments""","sickle cell disease","6"
"""k closest area""","K-nearest neighbors (KNN)","6"
"""boa constrictor pilot""","Anaconda Navigator","6"
"""new-fangled virus""","Novel Coronavirus","6"
"""supervised latest""","supervised learning","6"
"""miniaturized scale electro-mechanical frameworks""","micro electromechanical systems","5"
"""harmony treaty""","settlement contract","5"
"""ecological annihilation"" AND ""environmental damage""","environmental damage","5"
"""false effective fee""","false positive rate","5"
"""ovarian disappointment""","ovarian failure","5"
"""fake fantastic charge""","false positive rate","5"
"""incline heterogeneity""","slope heterogeneity","5"
"""feathery method of reasoning""","fuzzy logic","5"
"""individual advanced partners""","personal digital assistant (PDA)","5"
"""Tamura highlights""","Tamura features","5"
"""adeno-related infection""","Adeno-associated virus (AAV)","5"
"""circle dissemination technique""","disc diffusion method","5"
"""post horrible pressure issues""","post-traumatic stress disorder (PTSD)","5"
"""vitality economical""","energy efficient","5"
"""habitat crumbling""","environmental degradation","5"
"""insusceptible immune system""","immune system","5"
"""normalized mutual knowledge (NMI)""","normalized mutual information (NMI)","5"
"""double straight classifier""","binary linear classifier","5"
"""fake mindfulness""","artificial intelligence","5"
"""far off operating""","???","5"
"""organized game plan""","ordered fine structure ???","5"
"""enchantment square""","magic square","5"
"""pseudogenes were disposed of""","pseudogenes were removed","5"
"""chart brain organization""","graph neural network (GNN)","5"
"""laptop-aided design""","computer aided-design (CAD)","5"
"""ultra great workability""","ultra high performance","5"
"""character check"" AND ""identity verification""","identity verification","5"
"""mean temperature distinction""","mean temperature difference","5"
"""vocal bundle""","vocal tract","5"
"""pellet-forming dye""","pellet-forming cell","5"
"""Tensor handling unit""","Tensor Processing Unit (TPU)","5"
"""electric geyser"" AND ""electric boiler""","electric boiler","5"
"""palindromic reiterates""","clustered regularly interspaced short palindromic repeats (CRISPR)","5"
"""central part investigation""","principal component analysis (PCA)","5"
"""recognizable proof of infection""","identification of disease","5"
"""oxide earthenware""","oxide ceramics","5"
"""leucine-rich recurrent kinase 2""","leucine-rich repeat kinase 2 (LRRK2)","5"
"""Grashof amount""","Grashof number","5"
"""ultimate comes about""","final result","5"
"""touchy sufficient""","sensitive enough","5"
"""neglecting door""","forget gate (part of a LSTM network)","5"
"""shaft shaping"" AND ""multi-channel""","beamforming","5"
"""primary thing analysis""","principal component analysis (PCA)","5"
"""shading amendment""","color correction","5"
"""main element analysis (PCA)""","principal composent analysis (PCA)","5"
"""diffusion enhanced imaging""","diffusion weighted imaging","5"
"""United Nations agency square measure""","United Nations agency","5"
"""pass lingual""","cross-lingual","5"
"""Confidentiality, Integrity, and openness""","Confidentiality, Integrity, and Availability (CIA)","5"
"""conscientious cancer""","benign cancer/tumor","5"
"""Weighted aggregate technique""","Weight Sum Model (WSM)","5"
"""spine community"" AND ""backbone network""","backbone network (deep learning)","5"
"""anticipation and order""","prediction and classification","5"
"""picture subtitle age""","image caption generation","5"
"""off-base negative""","false negative","5"
"""rejected from the examination""","excluded from the study","5"
"""energetic stickiness""","dynamic viscosity","5"
"""flickered interest""","sparked interest","5"
"""mellow side effects""","mild reactions","5"
"""nurture gas""","greenhouse gasses","5"
"""global positioning machine""","Global Positioning System (GPS)","5"
"""suggested absolute mistakes""","mean absolute errors","5"
"""Transmission to-Commotion Proportions""","signal-to-noise ratios (SNRs)","5"
"""lake of reproducibility""","lack of reproducibility","5"
"""reaction time to inquiry""","query response time","5"
"""getting-to-know behaviors""","learning behaviors","5"
"""piece profundity""","[audio] bit depth","5"
"""orthogonal tomahawk""","orthogonal axe","5"
"""ordinary to the plate""","normal to the plate","5"
"""residing consumers""","domestic consumers","5"
"""mTOR conduit""","mTOR pathway","5"
"""observational mode decay""","empirical mode decomposition (EMD)","5"
"""monetary demonstrating""","financial modeling","5"
"""Neighborhood close to K""","K nearest neighbors (algorithm)","5"
"""up to Dalmatian""","???","5"
"""tumor web page""","tumor site","5"
"""wave-shaped data""","waveform","5"
"""man or woman additives""","individual components","5"
"""open air correspondence""","outdoor communication","5"
"""authentic tremendous rate""","true positive rate (TPR)","5"
"""pluripotent foundational microorganism""","Pluripotent Stem Cell (PSC)","5"
"""cerebrum affiliation""","neural network","5"
"""perilous great""","hazardous goods","5"
"""indirect changes"" AND ""nonlinear transformations""","nonlinear transformations","5"
"""squared screw up""","squared error","5"
"""quick Fourier remodel""","Fast Fourier Transform (FFT)","5"
"""medicinal judgement""","medical diagnosis","5"
"""boisterous highlights""","noisy features","5"
"""artificial mental ability""","artificial intelligence","5"
"""non-transmittable sicknesses""","noncommunicable disease","5"
"""couple of-input multiple-output""","multiple-input multiple-output","5"
"""satisfactory of provider""","quality of service (QoS)","5"
"""Siamese neural organizations""","Siamese neural networks","5"
"""arrogance interval""","confidence interval","5"
"""accepted outcast""","trusted third party","5"
"""Model Schooling System""","Model training process","5"
"""pass-lingual""","cross-lingual","5"
"""preparation target"" AND ""training objective""","training objective","5"
"""cellular dividers""","cell walls","5"
"""nations of inception""","country of origin","5"
"""Worldwide include"" AND ""global feature""","global feature","5"
"""lengthy quick-time period reminiscence network""","long short-term memory networks (LSTM)","5"
"""reverse proliferation"" AND ""backpropagation""","backpropagation","5"
"""throwing a vote""","voting","5"
"""relapse and categorizations""","regression and classification","5"
"""human activity affirmation""","human activity recognition","5"
"""time collection analysis (TSA)""","time series analysis","5"
"""quality focusing on"" AND ""gene targeting""","gene targeting","5"
"""ok-nearest buddies""","k-nearest neighbors","5"
"""artificial cognizance""","artificial intelligence","5"
"""sparkle hole""","spark gap","5"
"""rosseland guess""","Rosseland approximation","5"
"""counterfeit gadget""","artificial device","5"
"""inactive semantic ordering""","latent semantic indexing (LSI)","5"
"""misleading pessimistic""","false negative (FN)","5"
"""power ghastly thickness""","power spectral density","5"
"""enrollment works"" AND ""activation functions""","activation functions","5"
"""substantial metallic particles""","Heavy metal ions","5"
"""deep transfer gaining knowledge""","deep transfer learning","5"
"""farther detecting information""","remote sensing data","5"
"""mean supreme blunder""","absolute error","5"
"""sensor is friendly""","sensor is close","5"
"""schooling set of rules""","training algorithm","5"
"""logical language processing""","natural language processing","5"
"""splendid watches""","smart watches","5"
"""unearthly area""","spectral domain (signal processing)","5"
"""voter lack of concern""","voter disaffection","5"
"""genuine inebriation""","real intoxication","5"
"""spiteful hub""","malicious node","5"
"""food bigotry""","food intolerance","5"
"""solo pre-preparing""","unsupervised pre-training","5"
"""maintain vector machine""","support vector machine (SVM)","5"
"""functional houses"" AND ""functional properties""","functional properties","5"
"""non-straight data""","non-linear data","5"
"""miniaturized scale permeable""","microporous","5"
"""fake fish swarm""","artificial fish school (algorithm)","5"
"""fitting blunder""","fitting error","5"
"""moo discovery""","???","5"
"""mind surgery"" AND ""brain surgery""","brain surgery","5"
"""symphonious age""","harmonic generation","5"
"""preventive fitness care""","preventive healthcare","5"
"""telephone recognition system""","phone recognition system (\""phone\"" as in speech sound)","5"
"""achieved by tainting""","caused by infection","5"
"""influences the audio output""","determines the audio output","5"
"""unaided pre-preparing""","unsupervised pre-training","5"
"""optical character acknowledgement""","Optical Character Recognition (OCR)","5"
"""chinese conventional medication""","Traditional Chinese Medicine","5"
"""brilliant right hand""","smart assistant","5"
"""mastercard trades""","Mastercard transactions","5"
"""x-pillar images""","X-ray images","5"
"""reliant variable utilized""","dependent variable used","5"
"""normal sulfur compound""","model sulfur compound","5"
"""imperativeness profitability""","energy efficiency","5"
"""paired grouping issues""","binary classification problems","5"
"""remaining learning technique""","residual learning strategy","5"
"""contrarily influenced"" AND ""negatively affected""","negatively affected","5"
"""root hitch""","root node (in a decision tree)","5"
"""Brobdingnagian information""","big data","5"
"""brought together installment connection point""","Unified Payment Interface (UPI)","5"
"""cell phone conduct""","???","5"
"""astute house""","smart houses","5"
"""alluring charge""","Attractive Interaction","5"
"""false anxiety"" AND ""false alarm""","false alarm","5"
"""diary bearing"" AND ""lubricant""","journal bearing","5"
"""Business Rationale Layer""","Business Logic Layer (BLL)","5"
"""approval information set""","validation dataset","5"
"""appointive frameworks""","electoral systems","5"
"""voice amalgamation""","speech synthesis","5"
"""solitary esteem decay""","singular value decomposition","5"
"""voltage kicking""","voltage buck-boost converter","5"
"""quality drive"" AND ""gene drive""","gene drive","5"
"""circular embed""","cochlear implant","5"
"""swish classifier""","best classifier","5"
"""cross over colon""","transverse colon","5"
"""blame proportion""","error rate","5"
"""speech emotion reputation""","emotion recognition","5"
"""ePSXe""","???","5"
"""shrewdly transportation framework""","intelligent transportation system","5"
"""non-straight capability""","non-linear function","5"
"""level and vertical tomahawks""","horizontal and vertical axes","5"
"""state of the symbolization""","state of the art","5"
"""solitary value decomposition""","singular value decomposition (SVD)","5"
"""voice signal acknowledgement""","(automatic) speech recognition (ASR)","5"
"""climate debasement""","environmental degradation","5"
"""generative ill-disposed organize""","Generative Adversarial Network (GAN)","5"
"""infiltration system (IDS)""","intrusion detection system (IDS)","5"
"""Elastic-pursuit""","Elastic-search","5"
"""textual content era""","text generation","5"
"""idle dirichlet allocation""","Latent Dirichlet Allocation (LDA)","5"
"""variable attractive field""","variable magnetic field","5"
"""particular worth decay""","single value decomposition (SVD)","5"
"""repetitive neural arrangement""","recurrent neural network (RNN)","5"
"""crossbreed approaches""","hybrid approaches","5"
"""central composite plan (CCD)""","Central Composite Design (CCD)","5"
"""cardiac disappointment""","cardiac failure","5"
"""Laplace rework""","Laplace transform","5"
"""digital private community""","virtual private network (VPN)","5"
"""worldwide component"" AND ""global features""","global features","5"
"""impedance commotion""","energy noise","5"
"""half and half system"" AND ""hybrid system""","hybrid system","5"
"""grapple boxes""","anchor boxes","5"
"""ceaseless hepatitis""","chronic hepatitis","5"
"""sincere Bayesian""","naive Bayesian","5"
"""sure financial development""","positive economic development","5"
"""lucky warnings""","random warnings","5"
"""burns through less force""","consumes less power","5"
"""review and Fl-score""","recall and F1-score","5"
"""metabolic hotness""","metabolic heat","5"
"""force phantom thickness""","power spectral density (PSD)","5"
"""observational dissemination""","empirical distribution","5"
"""squared bumble""","squared error","5"
"""planar winding inductor""","planar spiral inductor","5"
"""wipes out the clamor""","removes noise","5"
"""random hunt"" AND ""random search""","random search","5"
"""production 4.zero""","construction 4.0","5"
"""fragmentary differential equations""","Partial Differential Equation (PDE)","5"
"""Sustainable power (RE)""","renewable energy (RE)","5"
"""HTTPS mocking""","HTTPS spoofing","4"
"""straight and non-direct issues""","linear and non-linear problems","4"
"""penmanship investigation""","handwriting analysis","4"
"""basic controllers"" AND ""key regulators""","key regulators","4"
"""round ride Time""","round trip time","4"
"""unearthing into""","digging into","4"
"""bolster vector classifier (SVC)""","support vector classifier (SVC)","4"
"""permeable middling""","porous medium","4"
"""cushioned rule""","fuzzy logic","4"
"""actual fantastic charge""","true positive rate (TPR)","4"
"""Swanepoel strategy""","Swanepoel method","4"
"""engineered minority over-testing strategy""","Synthetic Minority Over-sampling TEchnique (SMOTE)","4"
"""dormant dirichlet allocation""","Latent Dirichlet Allocation (LDA)","4"
"""dim social evaluation""","grey relational analysis","4"
"""low-fat eating routine""","low-fat diet","4"
"""general nicely-being""","overall well-being","4"
"""slightest created nations""","least developed countries","4"
"""low atomic weight heparin""","Low molecular weight heparin","4"
"""constitutional residences""","???","4"
"""carb esterase""","carbohydrate esterases","4"
"""LSTM brain network""","LSTM neural network","4"
"""downguideline""","down-regulation","4"
"""COVID-19 terrible""","COVID-19 negative","4"
"""acoustic sign highlights""","acoustic signal features","4"
"""unusual timberland""","random forest","4"
"""genuine high-quality charge""","true positive rate","4"
"""semi-regulated methodologies""","semi-supervised [machine learning] methods","4"
"""detainee’s difficulty""","Prisoner's Dilemma","4"
"""Lobatto IIIa relation""","Lobatto IIIa formula","4"
"""directly detachable"" AND ""linearly separable""","linearly separable","4"
"""World Exchange Association (WTO)""","World Trade Organization (WTO)","4"
"""antiseptic susceptibility test""","antimicrobial susceptibility testing","4"
"""lipoteichoic corrosive""","lipoteichoic acid","4"
"""reinforce vector machines (SVM)""","support vector machine","4"
"""hard crown"" AND ""hard corona""","hard corona","4"
"""straightforward structures"" AND ""clear designs""","clear designs","4"
"""speaker acknowledgement framework""","speaker recognition system","4"
"""commonsense esteem""","practical value","4"
"""like manner coupling (PCC)""","??? (found in 10.1109/icerect56837.2022.10060600)","4"
"""genuine advantageous fee""","true positive rate","4"
"""between channel obstructions""","interchannel interference (ICI)","4"
"""hack noises""","cough sounds","4"
"""humanoid wealth""","human capital","4"
"""strange white platelets""","abnormal white blood cells","4"
"""order and relapse investigation""","classification and regression analysis","4"
"""slithering frame""","sliding window (in signal processing)","4"
"""insertion misfortune""","insertion loss","4"
"""profound RNN""","deep RNN","4"
"""nearby anomaly factor""","local outlier factor (LOF)","4"
"""managed AI computation""","supervised machine learning algorithm","4"
"""mean squared goof""","mean spared error","4"
"""manual vector machines""","support vector machines","4"
"""autoregressive shifting common""","autoregressive moving average","4"
"""outward appearance acknowledgement""","face recognition","4"
"""Arnold's feline guide""","Arnold's cat map","4"
"""independent aspect analysis""","independent component analysis (ICA)","4"
"""choice wilderness""","decision jungle (algorithm)","4"
"""uncooked ECG""","raw ECG","4"
"""mind brokenness""","brain damage","4"
"""autonomous segment examination""","independent component analysis (ICA)","4"
"""Made Bits of information""","artificial intelligence","4"
"""binary-esteemed""","binary-valued","4"
"""COSFIRE channel""","COSFIRE filter","4"
"""structural health observance""","structural health monitoring","4"
"""various information numerous yield""","Multiple-input multiple-output (MIMO)","4"
"""decidedly charged deposits""","positively charged residues","4"
"""fluctuate cavity""","thoracic cavity","4"
"""secret (hidden) layers""","hidden layers","4"
"""self arranging guide""","self organizing map","4"
"""Security safeguarding validation""","Privacy-preserving authentication (PPA)","4"
"""newborn child demise""","(sudden) infant death syndrome (SIDS)","4"
"""savvy assembling""","smart manufacturing","4"
"""partial administrator"" AND (""Baleanu"" OR ""Riemann"")","fractional operator","4"
"""wavelet-parcel disintegration""","wavelet packet decomposition (WPD)","4"
"""relapse and expectation""","regression and prediction","4"
"""unbiased aspect evaluation""","independent component analysis (ICA)","4"
"""ill-disposed discourse""","hate speech","4"
"""butt-centric waterway""","anal canal","4"
"""touchy traffic""","sensitive traffic","4"
"""intra-molecule dispersion model""","Intraparticle diffusion model","4"
"""incorporation edifices""","inclusion complexes (ICs)","4"
"""deep switch gaining knowledge""","deep transfer learning","4"
"""handwritten textual content reputation""","handwritten text recognition","4"
"""crude organization traffic information""","raw network traffic data","4"
"""smoothing of the limestone""","Limestone neutralization/treatment","4"
"""kind II error""","type II error","4"
"""modulus work"" AND ""modulus function""","modulus function","4"
"""fashionable duties""","modelling tasks","4"
"""Recursive Element Elimination""","Recursive Feature Elimination (RFE)","4"
"""unsteadiness record""","instability index","4"
"""thoracic radiographic pictures""","chest X-ray images","4"
"""backing vector regression""","Support Vector Regression (SVR)","4"
"""artificial data (AI)""","Artificial Intelligence (AI)","4"
"""toxic emanation"" AND ""toxic emission""","toxic emission","4"
"""possessions of Hall""","Hall effects","4"
"""chest peril""","breast cancer","4"
"""liking chromatography""","affinity chromatography","4"
"""double-frequency index (BIS)""","Bispectral index (BIS)","4"
"""sustenance affirmation""","food recognition","4"
"""foremost component evaluation""","principal component analysis (PCA)","4"
"""COVID-19 trial casket""","COVID-19 test kit","4"
"""outrageous gradient boosting""","extreme gradient boosting","4"
"""reenactments apparatuses""","simulation tools","4"
"""break recognizable proof""","intrusion identification (?)","4"
"""political race measure""","political competition system","4"
"""profoundly association""","dense layer (in neural networks)","4"
"""feathery set""","fuzzy set","4"
"""unsuspecting Bayes""","naive Bayes","4"
"""off-target locales""","off-target sites","4"
"""sequential forward choice""","sequential forward selection (SFS)","4"
"""sparkle counter""","scintillation counter","4"
"""first-rate Tree""","Fine Tree","4"
"""real fine charge""","true positive rate","4"
"""self-managed learning"" AND ""self-supervised learning""","self-supervised learning (SSL)","4"
"""world financial discussion""","World Economic Forum","4"
"""remedy research"" AND ""therapy research""","therapy research","4"
"""chloroauric destructive""","chloroauric acid","4"
"""dynamic time traveling (DTW)""","dynamic time warping (DTW)","4"
"""Hey Greetings"" AND ""hear*""","hearing-impaired (HI)","4"
"""trivial influencer""","insignificant predictor","4"
"""alpha mistake edge""","significance level","4"
"""term recurrence reverse report recurrence""","term frequency-inverse document frequency (TF-IDF)","4"
"""canny meter""","smart meter","4"
"""keyless passage""","keyless entry","4"
"""down-testing"" AND ""up-inspecting""","downsampling, upsampling","4"
"""non-negative framework factorization""","Non-negative matrix factorization (NMF)","4"
"""protein transduction area""","protein transduction domain","4"
"""preserved at 9.5""","kept at 9.5","4"
"""shading co-event techniques""","color co-occurrence techniques","4"
"""oddity recognition"" AND ""anomaly recognition""","anomaly recognition","4"
"""valproic corrosive""","valproic acid","4"
"""low pay levels"" AND ""low income levels""","low income levels","4"
"""directed learning and unaided learning""","supervised [machine] learning and unsupervised [machine] learning","4"
"""dimension reduction branche""","dimensionality reduction pipeline","4"
"""fake cognizance""","artificial intelligence","4"
"""mid hole states""","midgap states","4"
"""breast cancer revelation""","breast cancer diagnosis","4"
"""ARP ridiculing""","ARP spoofing","4"
"""bitcoin cryptocurrency trade""","???","4"
"""phones of the body""","body cells","4"
"""cells were civilized""","cells were cultivated","4"
"""power range thickness""","power spectrum density","4"
"""international common pooling""","global average pooling layer","4"
"""phthalic corrosive""","phthalic acid","4"
"""tyke hubs""","child nodes","4"
"""cross-endorsement method""","cross-validation method","4"
"""tall immaculateness""","high purity","4"
"""retention spectrometer""","[atomic] absorption spectrometer","4"
"""trusting Bayes""","naive Bayes","4"
"""non-parametric relapse""","non-parametric regression","4"
"""unremitting ailment""","chronic disease","4"
"""clustered frequently interspaced brief""","clustered regularly interspaced short palindromic repeats (CRISPR)","4"
"""qualities in their genome""","genes in their genome","4"
"""ground vicinity"" AND ""surface area""","surface area","4"
"""middle misfortune""","center loss","4"
"""mechanized picture dealing""","digital image processing","4"
"""back-proliferation brain organization""","back-propagation neural network (BPNN)","4"
"""programmed discourse acknowledgement""","automatic speech recognition (ASR)","4"
"""movement encryption key""","group traffic encryption key (GTEK)","4"
"""abdicate expectation""","yield prediction","4"
"""assistance vector maker""","Support Vector Machine (SVM)","4"
"""sensor hub asset""","resource sensor?","4"
"""exceptional of carrier""","quality of service (QoS)","4"
"""Collaborative Scholarly Group""","Integrated Knowledge Network ?","4"
"""unmistakable insights"" AND ""descriptive statistics""","descriptive statistics","4"
"""contrast-restricted versatile histogram balance""","contrast-limited adaptive histogram equalization (CLAHE)","4"
"""extraction draws near""","singular value decomposition (SVD)","4"
"""medium get right of entry to control""","media access control (MAC)","4"
"""backwards report recurrence""","inverse document frequency","4"
"""ceaseless estimations""","continuous recording","4"
"""information revelation in databases""","knowledge discovery in databases","4"
"""aviation route illnesses""","airborne diseases","4"
"""brilliant telephone""","smart phone","4"
"""precept factor analysis""","principal component analysis (PCA)","4"
"""Rule Part Examination""","Principal Component Analysis","4"
"""unusual white platelets""","abnormal white blood cells","4"
"""Hartmann digit""","Hartmann number","4"
"""main part examination (PCA)""","principal component analysis (PCA)","4"
"""human hobby reputation""","human activity recognition (HAR)","4"
"""hearable framework""","auditory system","4"
"""movement free survival""","progression free survival","4"
"""cowl item""","???","4"
"""full affiliation layer""","fully-connected layer (in a neural network)","4"
"""parcel dropout"" AND ""network""","packet loss","4"
"""Brian poet""","???","4"
"""ultra-tidy""","ultra-clean","4"
"""trifluoroacetic corrosive""","trifluoroacetic acid","4"
"""nonstop handling""","continuous operation","4"
"""laptop-aided diagnosis""","computer-aided diagnosis (CAD)","4"
"""physic-chemical assets""","physical and chemical properties","4"
"""preparing clumps""","training batches","4"
"""cyber rush""","cyber attack","4"
"""conditional irregular fields""","conditional random fields (CRF)","4"
"""profound include extraction""","deep feature extraction","4"
"""carbolic corrosive""","carbolic acid","4"
"""Constant Fatigue Syndrome""","Chronic Fatigue Syndrome (CFS)","4"
"""front uveitis""","anterior uveitis","4"
"""protein-restricting site""","protein binding site","4"
"""Gaussian participation work""","Gaussian membership function","4"
"""liquor reliance""","alcohol dependence","4"
"""adverse education system""","adversarial training","4"
"""phishing site acknowledgment""","phishing site recognition","4"
"""lattice of covariance""","covariance matrix","4"
"""true superb rate""","true positive rate","4"
"""beautify generalization""","???","4"
"""dark social evaluation""","grey relational analysis","4"
"""break down a flag""","analyze a signal","4"
"""nation-of-artwork""","state-of-the-art","4"
"""phony neural affiliation""","artificial neural network","4"
"""unthinkable pursuit"" AND ""Tabu""","Tabu search","4"
"""extremely huge-band""","ultra wideband","4"
"""lacking youngsters""","missing children","4"
"""kindhearted tumor""","benign tumor","4"
"""ok-nearest pals""","k-nearest neighbors","4"
"""medicinal intercessions""","medicial interventions","4"
"""parcel dropouts""","packet loss (in network communication)","4"
"""fake mind association""","artificial neural network","4"
"""specialist based demonstrating""","agent based modeling","4"
"""negative and ensuing""","\""negative and subsequent\""","4"
"""corrosive-base response""","corrosive-base reaction","4"
"""Protospacer neighboring theme""","Protospacer adjacent motif (PAM)","4"
"""time-repeat region""","time-frequency space","4"
"""obscure tuple""","unknow tuple (?)","4"
"""judicious upkeep""","predictive maintenance","4"
"""trained from scrape""","trained from scratch","4"
"""Primary Condition Displaying (SEM)""","Structural equation modeling (SEM)","4"
"""muscle misfortune""","muscle loss","4"
"""laptop tomography""","computed tomography (CT)","4"
"""motion to commotion""","signal to noise","4"
"""clamor recurrence""","noise frequency","4"
"""center of mass updating""","centroid update","4"
"""lawful mind""","legitimacy","4"
"""fluffy logical""","fuzzy logic","4"
"""Pollution Harbor Hypothesis""","Pollution Haven Hypothesis","4"
"""recognizable proof mode""","verification mode (of a biometric recognition system)","4"
"""oddity-based intrusion detection""","anomaly-based intrusion detection","4"
"""hub dissatisfaction""","node failure","4"
"""Discourse Emotional Recognition""","speech emotion recognition","4"
"""fluffy reason""","fuzzy logic","4"
"""programmed location framework""","automatic detection system","4"
"""vaticination algorithm""","prediction algorithm","4"
"""over the top vitality""","excessive energy","4"
"""bunched consistently interspaced""","clustered regularly interspaced short palindromic repeats (CRISPR)","4"
"""Divider Road Diary""","Wall Street Journal","4"
"""vacillation designs""","fluctuation/wave patterns","3"
"""neglecting entryway""","forget gate","3"
"""liquid logic"" AND ""fluid logic""","fluid logic","3"
"""time-recurrence highlights""","time-frequency features","3"
"""passionate concentrated""","emotional intensity","3"
"""standardized root mean square mistake""","normalized root mean square error (NRMSE)","3"
"""open understanding casing""","open reading frame (ORF)","3"
"""well-judged changes""","rational modifications","3"
"""exactness, accuracy and affectability""","accuracy, precision and sensitivity","3"
"""authentic acceptable fee""","true positive rate","3"
"""grouped regularly interspaced""","clustered regularly interspaced short palindromic repeats (CRISPR)","3"
"""electronic scientific fact""","Electronic medical record (EMR)","3"
"""blended getting-to-know""","blended learning","3"
"""Hilbert rework""","Hilbert transform","3"
"""removed picture highlight"" NOT specular","extracted image feature","3"
"""homology coordinated repair""","Homology-directed repair (HDR)","3"
"""confronting acknowledgement""","face recognition","3"
"""audio quest""","audio search (or \""sound search\"")","3"
"""cerebrum sickness""","brain disease","3"
"""sign embellishment circuits""","signal conditioning circuits","3"
"""easy to-cutting edge converter""","analog-to-digital converter (ADC)","3"
"""shrouded node""","hidden node","3"
"""coaxial nourish""","coaxial feed","3"
"""a mind boggling want""","an incredible/ a staggering need","3"
"""teichoic corrosive""","teichoic acid","3"
"""gait popularity""","gait recognition","3"
"""dental functional theory""","density functional theory","3"
"""vitality recuperation framework""","energy recovery system","3"
"""drug conveyance transporters""","drug delivery carriers","3"
"""least cruel square""","least mean square","3"
"""long brief-term memory network""","long short-term memory networks (LSTM network)","3"
"""uprightness of the votes""","electoral integrity","3"
"""multilabel soak up""","multilabel learning","3"
"""satisfactory-song"" AND ""fine-tune""","fine-tune","3"
"""peevish inside disorder""","irritable bowels syndrome","3"
"""chaotic dot matrix""","confusion matrix","3"
"""coronary vein malady""","coronary artery disease (CAD)","3"
"""fuzzy pick up planning""","fuzzy gain scheduling","3"
"""inclination vector stream""","gradient vector flow (GVF)","3"
"""dreary layers""","recurrent layers","3"
"""board mistake revision system""","panel error correction model","3"
"""Foundation of Electrical and Electronic Engineers""","Institute of Electrical and Electronic Engineers (IEEE)","3"
"""astute matrix""","smart grid","3"
"""record series machine""","data collection system","3"
"""fractional distance search""","distance weighting","3"
"""expanded reality headset""","augmented reality headset","3"
"""sign peptide signals""","signal peptides","3"
"""thick convolutional network""","Dense Convolutional Network (DenseNet)","3"
"""autoregressive shifting average""","autoregressive moving average","3"
"""box Bunken design""","Box-Behnken Design","3"
"""giving up-to-end""","end-to-end","3"
"""estimator's vigour""","estimator's robustness","3"
"""clinical photograph popularity""","scientific picture reputation","3"
"""motion to clamor""","signal to noise","3"
"""cardiac rate changeability""","heart rate variability (HRV)","3"
"""submitting blunders""","submitting errors","3"
"""loss of equality"" AND ""loss of balance""","loss of balance","3"
"""casting ballot results""","vote results","3"
"""k-infers clustering""","k-means clustering","3"
"""sinister ventricle""","left ventricle","3"
"""otherworldly clustering""","spectral clustering","3"
"""convolutional neural affiliation""","convolutional neural network","3"
"""ease Socket Layer""","Secure Socket Layer","3"
"""leastsquares relapse""","least-squares regression","3"
"""prescient blunder""","prediction error","3"
"""single-nucleotide replacements (SNPs)""","single-nucleotide polyphormism (SNPs)","3"
"""oftenness identification""","radio frequency identification","3"
"""basic execution measurements""","key performance indicators (KPI)","3"
"""thermophoresis wonders""","thermophoresis effects","3"
"""global telecommunication association""","International Telecommunication Union (ITU)","3"
"""trickery in conduct""","fraud","3"
"""full associate layer""","fully-connected layer (in a neural network)","3"
"""liquid course of action"" AND ""liquid phase""","liquid phase","3"
"""likelihood solidity""","probability density","3"
"""fish seminary search""","fish school search","3"
"""autoregressive distributive slack""","autoregressive distributed lag","3"
"""comments paperwork""","feedback form","3"
"""endoplasmic reticulum stretch""","endoplasmic reticulum stress","3"
"""field discharge examining""","field emission scanning","3"
"""flag-bearer RNA""","messenger RNA","3"
"""shading co-event lattice""","Color Co-occurrence Matrix (CCM)","3"
"""gene hushing""","gene silencing","3"
"""Reynolds integer""","Reynolds number","3"
"""deep switch studying""","deep transfer learning","3"
"""worldwide positioning gadget""","Global Positioning System","3"
"""brainy device""","smart device","3"
"""unthinkable hunt"" AND ""Tabu""","Tabu search","3"
"""hypochlorous corrosive""","hypochlorous acid","3"
"""allyl-liquor""","ally alcohol","3"
"""optical waft estimation""","optical flow estimation","3"
"""straightly distinct information""","linearly separable data","3"
"""unmarried photon""","single photon","3"
"""various info numerous result""","multiple input multiple output (MIMO)","3"
"""time-distinction of appearance""","Time Difference of Arrival (TDoA)","3"
"""gate-activation work""","gated activation function","3"
"""peevish entrails disorder""","irritable bowels syndrome","3"
"""underpinning learning ways""","reinforcement learning","3"
"""fleecy set""","fuzzy set","3"
"""saltiness angle""","salinity gradient","3"
"""round experience time""","round-trip time (RTT)","3"
"""Trapezoidal enrollment work""","trapezoidal membership function","3"
"""FMOLS assessor""","FMOLS estimator","3"
"""man-made conscience""","artificial intelligence","3"
"""dynamic subject model""","Dynamic topic modeling (DTM)","3"
"""execution hope UTAUT""~10","performance expectancy, see https://en.wikipedia.org/wiki/Unified_theory_of_acceptance_and_use_of_technology","3"
"""predominant issue evaluation""","principal component analysis (PCA)","3"
"""higher pay levels"" AND ""higher income levels""","higher-income levels","3"
"""deep switch learning""","deep transfer learning","3"
"""North Yank country""","North American country","3"
"""Prophet data set""","Oracle database","3"
"""pitched dares""","proposed approaches","3"
"""reversible possessions""","reversible property","3"
"""worldly flap epilepsy""","Temporal Lobe Epilepsy (TLE)","3"
"""secretion reduction"" AND ""emissions reduction""","emissions reduction","3"
"""administered education"" AND ""supervised learning""","supervised [machine] learning","3"
"""jump movement regulator""","Leap Motion controller","3"
"""band skip channel""","band stop filter","3"
"""therapeutic determination framework""","medical diagnosis system","3"
"""feathery mixing""","fuzzy aggregation","3"
"""advanced Encryption fashionable""","Advanced Encryption Standard (AES)","3"
"""to mislead the votes""","to tamper with the votes","3"
"""Lyapunov-Krasovskii work""","Lyapunov-Krasovskii function","3"
"""Long Short Term Memory organize""","Long Short-Term Memory network (LSTM)","3"
"""hurtful improvement""","cancer","3"
"""preposterous benchmark""","extravagant claim","3"
"""seeing errands""","computer vision tasks","3"
"""abnormal state of trust""","low level of trust","3"
"""SCF coherence""","SCF convergence","3"
"""Worldwide Diary on""","International Journal on","3"
"""thick boobs""","large breasts","3"
"""impartial aspect evaluation""","Intervention Component Analysis (ICA)","3"
"""conformist adsorbent""","previously studied / routinely used adsorbents (?)","3"
"""aggregate code possession""","collective code ownership","3"
"""human hear-able framework""","human auditory system","3"
"""X-ray differentiate specialist""","X-ray contrast material","3"
"""search a wide selection of""","search multiple","3"
"""recouped rate""","recovered rate","3"
"""hereditary confusion""","genetic disorder","3"
"""assiduity 4.0""","Industry 4.0","3"
"""financial arrange amount ""","Economic order quantity (EOQ)","3"
"""normal squared deviation""","mean squared error (MSE)","3"
"""hand tourist spot""","hand landmark","3"
"""versatile baking""","mobile banking","3"
"""non-direct combination""","non-linear combination","3"
"""recipient administrator trademark""","receiver operating characteristic (ROC)","3"
"""Government Information Processing Standard""","Federal Information Processing Standard (FIPS)","3"
"""Boston Counseling Gathering""","Boston Consulting Group","3"
"""sifted flag""","filtered signal","3"
"""neural convolution organization""","convolutional neural network","3"
"""encouraging conditions UTAUT""~10","facilitating conditions, see https://en.wikipedia.org/wiki/Unified_theory_of_acceptance_and_use_of_technology","3"
"""disordered dot matrix""","confusion matrix","3"
"""significant wellspring of carbon emission""","significant source of carbon emissions","3"
"""equipment benevolent""","hardware-friendly","3"
"""guy-in-the-middle (MITM)""","man-in-the-middle (MITM)","3"
"""different info numerous result""","multiple input multiple output (MIMO)","3"
"""twofold shroud""","binary masking","3"
"""pre-prepared profound model""","pre-trained deep model","3"
"""post-usable patient""","post-operative patient","3"
"""planned sgRNA""","designed sgRNA","3"
"""electrical blame""","electrical fault","3"
"""vitreous silliness""","vitreous humor","3"
"""giving up-to-stop""","end-to-end","3"
"""agglomerative progressive grouping""","agglomerative hierarchical clustering","3"
"""getting to know motivation""","learning motivation","3"
"""low-communication honeypot""","low-interaction honeypot","3"
"""arm desolation""","arm pain","3"
"""resistant framework disease""","immune system disease","3"
"""neutral neural network (CNN)""","convolutional neural network (CNN)","3"
"""honest to goodness negative""","true negative","3"
"""you simplest appearance once""","you only look once (YOLO)","3"
"""genuine function"" AND ""real signal""","real signal","3"
"""malignant way of behaving""","malicious behavior","3"
"""equipment learning (ML)""","machine learning (ML)","3"
"""concoction reusing""","chemical recycling","3"
"""animadversion treatise""","review article","3"
"""foremost aspect evaluation""","principal component analysis (PCA)","3"
"""boisterous natural condition""","noisy environment","3"
"""unclad ocular technique""","naked eye (as in \""visible to the naked eye\"")","3"
"""IP satirizing""","IP spoofing","3"
"""utilitarian electrical incitement""","Functional Electrical Stimulation (FES)","3"
"""essential thing evaluation""","principal component analysis (PCA)","3"
"""remote mixed media sensor systems""","wireless multimedia sensor networks","3"
"""platinum-bunch metals""","platinum-group metals","3"
"""cement disappointment""~2","cement failure","3"
"""Bidirectional Encoder Depiction""","Bidirectional Encoder Representations [from Transformers] (BERT)","3"
"""contamination sanctuaries""","pollution haven","3"
"""reasonableness esteem""","logic value (?)","3"
"""hazard overseeing""","risk management","3"
"""room pressure response""","Room Impulse Response (RIR)","3"
"""angle supported trees""","Gradient Boosted Trees (GBT)","3"
"""detainee's predicament""","Prisoner's Dilemma","3"
"""bunching blunder""","clustering error","3"
"""surface ruthlessness""","surface roughness","3"
"""different information numerous result""","multiple input multiple output (MIMO)","3"
"""direct cosine change""","linear cosine transform","3"
"""computerized spotting""","automatic detection","3"
"""shrouded level""","hidden layer","3"
"""shrewdly coaching framework""","intelligent teaching system","3"
"""aloof attack""","passive attack","3"
"""underneath this esteem""","below this value","3"
"""Kinson's illness""","Parkinson's disease","3"
"""modiwiwireless""","modifi","3"
"""Unused Zealand""","New Zealand","3"
"""heterosexual structure of carbon""","anisotropic structure of carbon","3"
"""Fourier portrayal""","Fourier representation","3"
"""unaided artificial intelligence""","unsupervised artificial intelligence","3"
"""behind-schedule treatment""","delayed treatment","3"
"""profound remaining organization""","deep residual network","3"
"""detonating and evaporating inclinations""","exploding and vanishing gradients","3"
"""Central Road analysis Institute""","Central Road Research Institute","3"
"""Knudsen dissemination""","Knudsen diffusion","3"
"""fake experiences (AI)""","artificial intelligence","3"
"""Summarization responsibilities""","summarization tasks","3"
"""cutting edge metering foundation""","advanced metering infrastructure (AMI)","3"
"""Confidentiality, Integrity, and handiness""","Confidentiality, Integrity, and Availability (CIA)","3"
"""tesseract calculation""","Tesseract algorithm","3"
"""Normal Article in Setting""","Microsoft COCO: Common Objects In Context","3"
"""phenylboronic corrosive""","phenylboronic acid","3"
"""limited distinction time-space""","finite-difference time-domain","3"
"""cardiovascular capture""","cardiac arrest","3"
"""moo multicollinearity""","low multicollinearity","3"
"""optical band crevice""","optical band gap","3"
"""obstructive aspiratory ailment""","obstructive respiratory disease","3"
"""recall, perfection, and delicacy""","recall, precision, and accuracy","3"
"""false current behavior""","???","3"
"""maternal dreariness""","maternal morbidity","3"
"""herbal speech""","natural language","3"
"""snap stream data""","click stream data","3"
"""Post-awful PTSD""~5","Post-Traumatic Stress Disorder (PTSD)","3"
"""false superb fee""","false positive rate","3"
"""multi-aspect perceptron""","multilayer perceptron (MLP)","3"
"""story nucleases""","TALE nucleases","3"
"""deep switch mastering""","deep transfer learning","3"
"""k-resources assembling""","K-means clustering","3"
"""herbal length""","natural size","3"
"""strengthen vector machine""","support vector machine (SVM)","3"
"""normalized distinction flora index""","normalized difference vegetation index","3"
"""authentic acceptable rate""","true positive rate","3"
"""uncorrelated woodland""","random forest","3"
"""sunglasses of grey""","shades of grey (in the color sense)","3"
"""possession fixation""","ownership concentration","3"
"""inertial size devices""","inertial measurement units","3"
"""okay nearest pal""","k-nearest neighbour","3"
"""full-scale phages""","macrophages","3"
"""disappearing and detonating inclination""","vanishing and exploding gradient","3"
"""unmarried-pass""","single-pass","3"
"""lignin corrupting capacity""","lignin degrading ability","3"
"""scientific picture reputation""","scientific picture reputation","3"
"""indicator to commotion""","signal to noise","3"
"""separate trigonometric function transform""","discrite consine transform (DCT)","3"
"""false fantastic price""","false positive rate","3"
"""near-period period""","???","3"
"""engine vacillations""","motor fluctuation","3"
"""distributed oneness""","decentralization","3"
"""dwindled liquidity""","decreased liquidity","3"
"""Wilcoxon exam""","Wilcoxon test","3"
"""insightful lattice""","smart grid","3"
"""solo component learning""","unsupervised feature learning","3"
"""engraved prognosis""","???","3"
"""monetary loan costs""","interest rates","3"
"""accuracy, take into account, precision""","accuracy, recall, precision","3"
"""vindictive SUs""","Malicious SUs","3"
"""progressed determined dangers""","advanced persistent threats (APTs)","3"
"""signal language identity""","sign language recognition","3"
"""outwardly obstructed""","visually impaired","3"
"""glaucoma distinguishing proof""","glaucoma identification","3"
"""gloom acknowledgment""","depression recognition","3"
"""red inexperienced blue""","red, green, blue","3"
"""crimson, inexperienced and blue""","red, green and blue (RGB)","3"
"""vector bolster machine""","support vector machine (SVM)","3"
"""real fine fee""","True Positive Rate (TPR)","3"
"""space obscure capacity""","domain of unknown function","3"
"""shrewd observe""","smart watch","3"
"""middle pay nations""","middle income countries","3"
"""travelling sales representative issue""","travelling salesman problem","3"
"""wire hypothesis"" AND ""transmission line theory""","transmission line theory","3"
"""mistake back engendering""","error backpropagation","3"
"""non-straight difficulties""","nonlinear problems","3"
"""ghastly attributes""","spectral characteristics (as in spectrum, not ghosts)","3"
"""getting to know quotes""","learning rate","3"
"""fluffy vigorous""","???","3"
"""soft induction systems""","fuzzy inference systems","3"
"""otherworldly bunching""","spectral clustering","3"
"""parallel choice trees""","binary decision trees","3"
"""conveyed forswearing of administration""","distributed denial of service (DDoS)","3"
"""Post-horrendous PTSD""~5","Post-Traumatic Stress Disorder (PTSD)","3"
"""minuscule evaluation""","microscopic evaluation","3"
"""content-based picture recuperation""","Content-Based Image Retrieval (CBIR)","3"
"""Assembled Academic Community""","Integrated Knowledge Network ?","3"
"""slanted supply route""","inclined channel","3"
"""Regular Client Association""","Natural User Interface (NUI)","3"
"""support vector computing device""","support vector machine (SVM)","3"
"""lessening computational above""","lessening computational overhead","3"
"""scarp tide""","steep rise","3"
"""figuring velocity""","computational speed","3"
"""mechanized recognizable proof""","automatic identification","3"
"""keen economy""","smart economy","3"
"""commotion affectability""","noise susceptibility","3"
"""electronopening set"" NOT ""electronopening set angle""","electron-hole pair","3"
"""World Prosperity Organization""","World Health Organization","3"
"""wellsprings of electric vitality""","sources of electric energy","3"
"""Viterbi interpreting""","Viterbi decoding","3"
"""Taylor series guesstimate""","Taylor series approximation","3"
"""pseudo-second request template""","Pseudo-second order equation","3"
"""part of discourse (POS)""","part of speech (POS)","3"
"""product trading nations""","[?] countries","3"
"""keep up vector machine""","support vector machine (SVM)","3"
"""preparation occasions"" AND ""training examples""","training examples","3"
"""Self-regression Sliding Average Model""","Auto-Regressive Moving Average Model","3"
"""offerbuiltintegrated""","offer also integrated","3"
"""demonstrating and forecast""","modelling and prediction","3"
"""Beginning Coin Offerings""","Initial Coin Offerings","3"
"""tantamount exactness""","comparable accuracy","3"
"""vigour to clamour""","energy to noise (?)","3"
"""again propagation algorithm""","Backpropagation algorithm (BPA)","3"
"""incomparable melancholy""","Great Depression","3"
"""butt-centric channel""","anal canal","3"
"""non-straight streamlining""","nonlinear optimization","3"
"""imply common precision""","mean average precision","3"
"""ingestion spectrometer""","[atomic] absorption spectrometer","3"
"""discourse feeling acknowledgement""","speech emotion recognition","3"
"""cointegrating Frontier test""","ARDL bounds test for cointegration","3"
"""major recurrence"" AND ""speech signal""","fundamental frequency","3"
"""noticeable light communication""","visible light communication (VLC)","3"
"""autoregressive moving every day""","autoregressive moving average","3"
"""credit darkness""","debt transparency","3"
"""device translation structure""","machine translation system","3"
"""secret LSTM""","hidden LSTM","3"
"""new-age medication""","modern medicine","3"
"""seen ease of utilization""","Perceived Ease of Use (PEU)","3"
"""Dark medium Prior""","dark channel prior","3"
"""half and half mists""","hybrid clouds","3"
"""strong state circle""","solid state disk","3"
"""small PC module""","small computer monitor (SCM)","3"
"""added clatter""","additional noise","3"
"""imperativeness procuring""","energy harvesting","3"
"""quick discrete curvelet transform""","fast discrete curvelet Transform (FDCT)","3"
"""long short tenure mind""","long short-term memory (LSTM)","3"
"""net up to daters""","internet of things (IoT)","3"
"""most pessimistic scenario execution time""","worst-case execution time (WCET)","3"
"""tainted kids""","infected/affected kids","3"
"""vegetable 011s""","vegetable oils","3"
"""chloroacetic corrosive""","chloroacetic acid","3"
"""strange esteems""","unusual values","3"
"""traverse-approval""","cross-validation","3"
"""Fourier metamorphosis""","Fourier transform","3"
"""lingering brain organization""","Residual Neural Network (ResNet)","3"
"""ammonium acetate liquor""","ammonium acetate solution","3"
"""beneath the diminished weight""","under reduced pressure","3"
"""expressive dance-based""","? [qualifies a physical voting system]","3"
"""adjoining pixel esteems""","neighboring pixel values","3"
"""linear repeating projection layer""","linear recurrent projection layer","3"
"""ionic portability""","Ionic transfer/transport","3"
"""electron opening matches""","electron-hole","3"
"""ordinary language age""","natural language generation","3"
"""computer chip centres""","processor/CPU cores","3"
"""bio-similitude""","Bio-compatibility","3"
"""oddity identifier""","anomaly detector","3"
"""center pay gathering""","middle income group","3"
"""venture detergent""","Venturi scrubber","3"
"""fuzzy eyewitness""","fuzzy observer","3"
"""head torment""","head pain / headache","3"
"""mass exchange wonder""","mass transfer phenomenon","3"
"""wi-fireless""","wireless","3"
"""repudiation of attacks""","???","3"
"""warmth move capacity""","???","3"
"""haphazardly relegate""","randomly assign","3"
"""otherworldly pinnacles""","spectral peaks","3"
"""logo spanking""","???","3"
"""disuniting hyper-plane""","separating hyperplane (in the context of SVM)","3"
"""Boolean pursuit""","Boolean search","3"
"""bearing shortcoming finding""","bearing fault detection/diagnosis","3"
"""surrender estimate""","yield estimate","3"
"""heat exchanger gadgets""","heat exchanger units","3"
"""relapse assignments"" AND ""regression tasks""","regression tasks","3"
"""high-goal recording""","high-resolution video","3"
"""more elevated amount highlights""","high-level features","3"
"""talking about underneath""","discussed below","3"
"""Yankee Federation of Teachers""","American Federation of Teachers","3"
"""application particular incorporated circuits""","Application specific integrated circuit (ASICs)","3"
"""gooey liquid stream""","viscous fluid flow","3"
"""Greatest Entropy (ME)""","Maximum Entropy (ME)","3"
"""non-engine side-effects""","non-motor symptoms","3"
"""excess three phase""","remaining three levels","3"
"""nutrient B9"" AND ""vitamin""","vitamin B9","3"
"""recreated gastric liquid""","Simulated Gastric Fluid (SGF)","3"
"""interminable kidney disease""","Chronic Kidney Disease","3"
"""hierarchical cluster scrutiny""","hierarchical cluster analysis (HCA)","3"
"""Worldwide Burden of Malady""","Global Burden of Disease","3"
"""low-goal recording""","low-resolution video","3"
"""inconspicuous dialect""","unseen language","3"
"""country mannequin""","state model","3"
"""koverlay cross-approval""","k-fold cross-validation","3"
"""individual place system""","personal area network","3"
"""absolute intrigue""","zero interest [rates]","3"
"""facial activity coding framework (FACS)""","Facial Action Coding System (FACS)","3"
"""astute metering""","smart metering","3"
"""obsessive cerebrum""","pathological brain","3"
"""pretty correct privacy""","pretty good privacy (PGP)","3"
"""platinum impetus""","platinum catalyst","3"
"""logistical growth phage""~5","logarithmic growth phase","3"
"""least bactericidal fixation""","Minimum Bactericidal Concentration","3"
"""electronic plan automation""","Electronic Design Automation (EDA)","3"
"""devotion of information""","data fidelity","2"
"""distinguishable repeat extent""","audible frequency range","2"
"""execution trust UTAUT""~10","performance expectancy, see https://en.wikipedia.org/wiki/Unified_theory_of_acceptance_and_use_of_technology","2"
"""void tank"" AND ""empty tank""","empty tank","2"
"""cloud protection as a provider""","Cloud Security as a Service (CSaaS)","2"
"""bunched regularly interspaced""","clustered regularly interspaced short palindromic repeats (CRISPR)","2"
"""CRISPR-Cas9-interceded genome altering""","CRISPR-Cas9-mediated genome editing","2"
"""trust on the legislature""","trust in government","2"
"""optical rationality tomorrow""","optical coherence tomography","2"
"""implicit calculation of K""","K-means algorithm","2"
"""half-breed DNN""","hybrid DNN","2"
"""most extreme a posteriori (MAP)""","maximum a posteriori (MAP)","2"
"""crude (natural) information""","raw data","2"
"""individual number (PIN)""","personal identification number (PIN)","2"
"""crude sign"" AND ""raw signal""","raw signal","2"
"""Web Building Team""","Internet Engineering Task Force (IETF)","2"
"""vehicle-connection coefficient""","auto-correlation coefficient","2"
"""attractive swipe card""","magnetic swipe card","2"
"""sign increase circuits""","signal amplification circuits","2"
"""nth-arrange""","nth order","2"
"""mean predisposition error""","mean bias error (MBE)","2"
"""awful belief networks""","deep belief networks (DBN)","2"
"""transformative issue evaluation""","???","2"
"""amiable, atypical""","benign, atypical","2"
"""Amazon elastic work out cloud""","Amazon Elastic Compute Cloud","2"
"""higher resonation repeat""","higher resonance frequency","2"
"""moo warm conductivity""","low heat conductivity","2"
"""profound conviction business enterprise""","deep belief network (DBF)","2"
"""cepstral mean standardization""","cepstral mean normalization (CMN)","2"
"""profound nervous tissue""","deep neural network","2"
"""Hidden Markov Model (Gee)""","Hidden Markov Model (HMM)","2"
"""rest behavior disorder screening structure""","REM sleep behavior disorder screening questionnaire (RBDSQ)","2"
"""World Financial Standpoint""","World Economic Outlook (WEO)","2"
"""rundown of word references""","list of dictionaries (List and Dictionary are data types in Python)","2"
"""discourse to content acknowledgment""","speech recognition","2"
"""straight discriminate classifier (LDA)""","linear discriminant analysis (LDA)","2"
"""route, direction and control""","Navigation, Guidance and Control (NGC)","2"
"""academic substantive information (PCK)""","Pedagogical content knowledge (PCK)","2"
"""include pyramid arrange""","Feature Pyramid Network","2"
"""configurable rationale squares""","configurable logic block (CLBs)","2"
"""Extend Gutenberg""","Project Gutenberg","2"
"""adsorption limit at the band""","Adsorption capacity at equilibrium","2"
"""shading remuneration""","color correction","2"
"""agent chest X-beam""","representative chest X-ray","2"
"""primary request measurement""","first order statistics","2"
"""hard attractive"" AND ""hard magnetic""","hard magnetic","2"
"""visually impaired channel estimation""","blind channel estimation","2"
"""determination superior to anything""","resolution better than","2"
"""mistake backpropagation calculation""","error backpropagation algorithm","2"
"""absolute factor vector""","total factor vector (i-vector)","2"
"""psychiatric jumble""","psychiatric disorder","2"
"""deserted destinations on the adsorbent surface""","unoccupied sites on the adsorbent surface","2"
"""speaker's identifiable proof""","speaker identification","2"
"""diminished memory impression""","reduced memory (RAM) footprint","2"
"""purpose of defenselessness""","point of vulnerability","2"
"""periodic nervous tissue""","recurrent neural network (RNN)","2"
"""furry rationale""","fuzzy logic","2"
"""undesirable Gibbs energy""","Negative Gibbs energy","2"
"""auto-relationship work""","Auto-Correlation Function (ACF)","2"
"""capricious woodlands""","random forests","2"
"""giving-up-to-give""","end-to-end","2"
"""feed-forward simulated neural system""","feed-forward artificial neural network","2"
"""Global Council on Scientific categorization of Infections (ICTV)""","International Committee on Taxonomy of Viruses (ICTV)","2"
"""scientific photograph popularity""","scientific picture reputation","2"
"""virtual enjoyment plat-systems""","social media platforms","2"
"""disbandment of momentum""","diffusion of momentum","2"
"""clinical record of the board""","???","2"
"""digital situational mindfulness""","cyber awareness (?)","2"
"""hypothesis of amusements""","games theory","2"
"""Unused Britain""","New England","2"
"""synthesis slaughtering""","???","2"
"""similitude chain""","Similarity chain","2"
"""you simplest look once""","you only look once (YOLO)","2"
"""Modern York, NY, USA""","New York NY USA","2"
"""YouTube Eye-state Portrayal""","Youtube Eye-state Classification (YEC)","2"
"""getting ready ages""","training epochs","2"
"""particle bar faltering testimony""","Ion Beam Sputtering Deposition","2"
"""lung comprehensive research""","lung sound analysis","2"
"""fractious entrails condition""","irritable bowels syndrome","2"
"""prosciutto"" AND ""perovskite""","perovskite","2"
"""hybrid computerized repeat request""","hybrid automatic repeat request","2"
"""quite exact privacy""","pretty good privacy (PGP)","2"
"""deep transfer mastering""","deep transfer learning","2"
"""Lightweight Self-Sorted out Trust""","Lightweight Self-Organized Trust","2"
"""harmonic adsorption limit""","Equilibrium adsorption capacity","2"
"""board co-reconciliation""","panel co-integration","2"
"""enterprise nanocrystal""","Commercial nanocrystal","2"
"""albatross of the billow accretion account provider""","???","2"
"""discourse sentiment recognition""","speech emotion recognition","2"
"""British countrywide Corpus""","British National Corpus","2"
"""inherent mode capacities (IMF)""","intrinsic mode function (IMF)","2"
"""sensors friendly to the enduring""","sensors close to the patient","2"
"""animadversion article""","review article","2"
"""zone of some place""","???","2"
"""finger impression hash""","Fingerprint hashing","2"
"""unmarried diode""","single diode","2"
"""Prandtl assortment""","Prandtl number","2"
"""predict the canny edge""","detect edges","2"
"""pseudo-first query""","Pseudo-first order","2"
"""pixel-regard differencing""","pixel-value differencing","2"
"""clinical photo reputation""","scientific picture reputation","2"
"""neutralization counteracting agent test""","neutralizing antibody assay","2"
"""ReLU initiation capacity""","ReLU activation function","2"
"""Exactness and Loss esteem""","accuracy and loss values","2"
"""exalted the literature""","explored the literature","2"
"""robotized capacity and recovery frameworks""","Automated Storage/Retrieval Systems (AS/RS)","2"
"""brilliant FinTech""","smart FinTech","2"
"""retrogressive bearing""","backpropagation","2"
"""lengthy-period period""","???","2"
"""one-of-a-kind id esteem""","original ID value (?)","2"
"""false nice charge""","false positive rate","2"
"""mean square mix-up""","mean square error","2"
"""spin-filled nucleus""","paramagnetic nuclei","2"
"""tactical relapse""","logistic regression","2"
"""business manipulate system""","internal control system (ICS)","2"
"""exploratory sceneries""","experimental settings","2"
"""video-helped thoracoscopic operation""","video-assisted thoracoscopic surgery (VATS)","2"
"""Bernoulli conveyance""","Bernoulli Distribution","2"
"""Communities for Infectious prevention and Anticipation (CDC)""","Centers for Disease Control and Prevention (CDC)","2"
"""Web-based democratic applications""","online voting systems","2"
"""Proximity brutality""","???","2"
"""path take-off cautioning""","lane departure warning (LDW)","2"
"""cancers picture Archive""","The Cancer Imaging Archive (TCIA)","2"
"""sidekick degree""","associate degree (via \""Associate in Nursing\"") (= an)","2"
"""bar graph of directed gradients""","Histogram of Oriented Gradients (HOG)","2"
"""Wilcoxon's sign position test""","Wilcoxon sign-rank test","2"
"""net resource esteem""","net asset value (NAV)","2"
"""gentle surface of the lung""","smooth lung texture","2"
"""MTM assault""","MITM attack","2"
"""forwarder rundown""","forwarding rules","2"
"""2D turbulent guide""","2D chaotic map","2"
"""X-beam Cardiac Angiogram""","X-ray coronary angiography (XCA)","2"
"""carbon abduction""","carbon capture","2"
"""mesmeric pasture""","magnetic field","2"
"""probabilistic setting free sentence structure""","Probabilistic Context-Free Grammar (PCFG)","2"
"""fake neural organization-based""","artificial neural network (ANN)","2"
"""relapse draws near""","regression approaches","2"
"""exploratory comes approximately""","experimental results","2"
"""erroneously sure""","false positive","2"
"""errand explicit highlights""","task-specific features","2"
"""least hindrance focus""","Minimum Inhibitory Concentration","2"
"""change of blunder""","change of error","2"
"""conduct expectation UTAUT""~10","performance expectancy, see https://en.wikipedia.org/wiki/Unified_theory_of_acceptance_and_use_of_technology","2"
"""US kidney portraits""","US kidney pictures","2"
"""uproarious chronicles""","noisy recordings (?)","2"
"""terrestrial optical maser scanning""","terrestrial laser scanning","2"
"""circulated stockpiling stage""","distributed storage platform","2"
"""rehashed grouping""","repeating unit","2"
"""comparative contraption""","???","2"
"""conwirelessgure""","configure","2"
"""associate within nursing""","an","2"
"""word grouping disambiguation""","word sense disambiguation","2"
"""Newtonian drink""","Newtonian fluid","2"
"""punished calculated relapse""","Penalized Logistic Regression (PLR)","2"
"""herbal coal""","natural carbon","2"
"""power tankage""","power storage","2"
"""email satirizing""","Email Spoofing","2"
"""provisional advent""","comparative approach","2"
"""real tremendous charge""","true positive rate","2"
"""band-dismissal channel""","band-stop filter","2"
"""Hazard of poisonousness""","risk of contamination","2"
"""drug airing""","???","2"
"""lower unstable limit""","Lower Explosive Limit (LEL)","2"
"""capture and tilt of the direct plot""","Intercept and slope of the linear plot","2"
"""nonlinear advancement equations""","nonlinear evolution equations","2"
"""5-Fold go-validation""","5-fold cross-validation","2"
"""vital boundless""","basic principle","2"
"""front barbecue"" AND (""car"" OR ""vehicle"")","front grille (of a car)","2"
"""made sense of fluctuation""","Explained Variance","2"
"""smeared dream""","blurred vision","2"
"""frail supervision""","weak supervision","2"
"""profound becoming acquainted"" AND ""classifier""","deep associative (classifier) (?)","2"
"""site-coordinated nucleases""","site-directed nucleases (SDNs)","2"
"""melodic flag""","musical signal","2"
"""proper wonderful fee""","True Positive Rate (TPR)","2"
"""pretty desirable privacy""","pretty good privacy (PGP)","2"
"""model education phase""","model training phase","2"
"""trusted in pariah""","trusted third party","2"
"""Oxymoron of Abundant""","Paradox of Plenty","2"
"""nonnegative network factorization""","non-negative matrix factorization (NMF)","2"
"""ARP parodying""","ARP spoofing","2"
"""femoral corridor""","femoral artery","2"
"""astute shortcoming finding""","smart fault detection (?)","2"
"""peroxidative movement""","peroxidative activity","2"
"""Nth foundation of solidarity""","Nth root of unity","2"
"""aromatic steadiness""","aromaticity","2"
"""discontinuous disguised express""","recurrent hidden state","2"
"""proficient conveyance of cargo""","efficient delivery of loaded drugs (?)","2"
"""hereditarily unsteady""","genetically modified","2"
"""bootstrap conglomerating classifier""","Bootstrap Aggregating Classifier","2"
"""deep transfer getting to know""","deep transfer learning","2"
"""human computer collaboration (HCI)""","human-computer interaction (HCI)","2"
"""profundity of cover""","depth of cover","2"
"""slope-helped tree""","gradient-boosted tree","2"
"""COVID-19 plague outbreak""","COVID-19 pandemic","2"
"""nonlinear vitality administrator""","nonlinear energy operator","2"
"""light of close infrared""","Near-Infrared Light (NIR)","2"
"""fail-to-remember door""","forget gate (a part of LSTM)","2"
"""computerized fact retrieval""","Automated Information Retrieval (AIR)","2"
"""discuss purifiers""","air purifiers","2"
"""multilocus arrangement composing""","multilocus sequence typing","2"
"""corrosive polyacrylic""","Polyacrylic acid","2"
"""last grades (FGs)""","(?)","2"
"""social persuasion UTAUT""~10","social influence, see https://en.wikipedia.org/wiki/Unified_theory_of_acceptance_and_use_of_technology","2"
"""touchy entrails condition""","irritable bowels syndrome","2"
"""shrewdly system""","smart system","2"
"""clustered routinely interspaced""","clustered regularly interspaced short palindromic repeats (CRISPR)","2"
"""category undertaking"" AND ""classification task""","classification task","2"
"""pseudo-prime demand""","Pseudo-first order","2"
"""board co-joining""","panel co-integration","2"
"""java advancement unit""","Java Development Kit (JDK)","2"
"""Euler–Bernoulli pillar hypothesis""","Euler–Bernoulli beam theory","2"
"""disdain wrongdoing""","hate crime","2"
"""guideline part examination""","principal component analysis (PCA)","2"
"""clamor contrastive estimation""","noise contrastive estimation (NCE)","2"
"""prototypical β-glucan""","fungal β-glucan","2"
"""tapping on a perilous collusion""","clicking on a dangerous link (?)","2"
"""entombing buildup""","Accumulated buildup","2"
"""bunched routinely interspaced short palindromic rehashes""","Clustered Regularly Interspaced Short Palindromic Repeats","2"
"""macular lump""","macular edema","2"
"""Smash, ROM""","RAM, ROM","2"
"""half and half AES""","hybrid AES","2"
"""community get entry to manage""","network access control","2"
"""GPU bolster""","GPU support (?)","2"
"""negatively accused DNA""","negatively charged DNA","2"
"""unknown direct investment""","foreign direct investment","2"
"""microbe opposition""","disease resistance","2"
"""bumble speed""","error rate","2"
"""bogus revelation rate""","False discovery rate (FDR)","2"
"""Yank university of radiology""","American College of Radiology","2"
"""conductivity unwinding""","conductivity relaxation","2"
"""signifying complete inaccuracy""","Mean Absolute Error (MAE)","2"
"""trim surrender expectation""","crop yield expectation","2"
"""concurrent confinement and mapping""","simultaneous localization and mapping (SLAM)","2"
"""aqua-phobic liquid""","hydrophobic liquid","2"
"""impervious to traditional antimicrobials""","Antimicrobial resistant bacteria","2"
"""lifting wavelet rework""","discrete wavelet transform (DWT)","2"
"""Affiliated Paintings""","related works","2"
"""angle vanishing issue""","vanishing gradient problem","2"
"""touchy gut disorder""","irritable bowels syndrome","2"
"""obtained signal strength indication""","received signal strength indication (RSSI)","2"
"""commotion expulsion channel""","noise removal filter","2"
"""pelvic provocative""","pelvic inflammatory (disease)","2"
"""rescue of life threat""","reduction of life threatening risk","2"
"""compartment as an administration""","container as a service (CaaS)","2"
"""Principle segment investigation""","Principal Component Analysis (PCA)","2"
"""supposition holder finding""","opinion holder detection","2"
"""speech signal preparing""","speech signal processing","2"
"""misfortune in precision""","loss in precision","2"
"""IBM Factual Bundle for the Sociologies""","IBM Statistical Package for the Social Sciences","2"
"""dissemination of knowledge and business""","Integrated Knowledge Network ?","2"
"""authentic terrible rate""","true negative rate","2"
"""steadiness of harmonies""","???","2"
"""affirmed recuperated passing""","confirmed, recovered and death (cases)","2"
"""cinder electrode""","carbon electrode","2"
"""total virus start""","complete cold start (CCS)","2"
"""sign to-fuss extent""","signal-to-noise ratio","2"
"""DNA defensive impact""","DNA damage","2"
"""abscond immune""","escape immune","2"
"""dishonestly negative""","false negative","2"
"""digital dual (DT)""","???","2"
"""ovarian peril""","ovarian cancer","2"
"""pack extension piece""","Left/Right bundle branch block","2"
"""lower respiratory sickness""","lower respiratory tract infection","2"
"""Cerebrovascular Mishaps (CVA)""","Cerebrovascular Accidents (CVA)","2"
"""common slightest square""","ordinary least squares","2"
"""Poisson pseudo most excellent probability""","Poisson pseudo-maximum likelihood (PPML)","2"
"""affront lack""","insulin deficiency","2"
"""summed up Discriminant investigation""","Gaussian Discriminant Analysis (GDA)","2"
"""whetted peaks""","sharp peaks","2"
"""random choice woodland""","random decision forest","2"
"""pinnacle vitality""","peak energy","2"
"""orchestrate the Nps""","synthesize Nps","2"
"""fuzzy onlooker""","fuzzy observer","2"
"""Lightweight Worldly Pressure""","Lightweight Temporal Compression (LTC)","2"
"""halfway regression""","partial failure","2"
"""warmth interchange""","heat exchange","2"
"""gorgeous belongings""","great assets","2"
"""utility-based versatile obligation cycle""","utility-based adaptive duty cycle","2"
"""birdhuman sound""","???","2"
"""corrosive orange II""","acid orange II","2"
"""Appriori calculation""","Apriori algorithm","2"
"""leave-one-subject-out cross-endorsement""","leave-one-subject-out cross-validation","2"
"""frontal area outlines""","foreground frames (image processing)","2"
"""savvy domestic gadgets""","smart home devices","2"
"""exceedingly bargains""","greatly compromises","2"
"""tensile clout""","tensile strength","2"
"""severe respirational pain disorder""","acute respiratory distress syndrome (ARDS)","2"
"""ghastly clustering""","spectral clustering","2"
"""rule segment examination""","principal component analysis (PCA)","2"
"""Hadoop Distributed Report Framework""","Hadoop DIstributed File System","2"
"""pseudo-prime request""","Pseudo-first order","2"
"""bone dangerous development""","bone cancer","2"
"""weighted lion's share voting""","weighted majority voting","2"
"""furious nanoparticle""","meaning unclear, see https://pubpeer.com/publications/D6459EF8B2A77D0B989C9D2B5ECC26","2"
"""chemosensory brokenness""","chemosensory dysfunction","2"
"""colossal arrangements of information""","big data","2"
"""Brain Backing Vector Machine""","Neural Support Vector Machine (NSVM)","2"
"""virtual Right hand"" AND ""virtual assistant""","virtual assistant","2"
"""serious intense respirational condition""","severe acute respiratory syndrome (SARS)","2"
"""Terrific St Bernard""","Great St Bernard","2"
"""Hahn instants""","Hahn moments","2"
"""Impromptu Ondemand Distance Vector""","Ad-hoc On-demand Distance Vector","2"
"""execution pointer"" AND ""financial indicator""","financial indicator","2"
"""long transitory memory (LSTM)""","long short-term memory (LSTM)","2"
"""inexperienced house gas""","greenhouse gas","2"
"""inward restricting film""","inner limiting membrane (ILM)","2"
"""issue of vanishing inclination""","vanishing gradient problem","2"
"""clear out financial institution energies""","filter bank energies","2"
"""salt and pepper racket""","salt and pepper noise","2"
"""counterfeit control of qualities""","artificial gene modification (?)","2"
"""power based picture enlistment""","intensity based image registration","2"
"""kind II blunder""","type II error","2"
"""Regular Language Getting it""","Natural Language Understanding (NLU)","2"
"""advantage gizmos""","???","2"
"""basic wellbeing frameworks""","safety-critical systems","2"
"""Novel York Mercantile Exchange""","New York Mercantile Exchange (NYME)","2"
"""haulage of adsorbate ions""","Transport of adsorbate ions","2"
"""mobile face net algorithm""","facial recognition system","2"
"""quite properly privacy""","pretty good privacy (PGP)","2"
"""uncooked scientific pictures""","raw medical images","2"
"""scholarly rot""","intellectual decay","2"
"""far-off password""","Remote Password","2"
"""exploratory bends""","experimental curves","2"
"""discriminatory schooling"" AND ""machine learning""","discriminative learning (machine learning)","2"
"""staying usable life""","remaining useful life (RUL)","2"
"""hereditary inquire""","genetic research","2"
"""Universal Context Model-UBM""","Universal Background Model (UBM)","2"
"""Natural Product Fly Enhancement""","Fruit Fly Optimization (algorithm)","2"
"""room motivation reaction""","Room Impulse Response (RIR)","2"
"""unearthly and spatial highlights""","spectral and spatial features","2"
"""folic destructive""","???","2"
"""Cruel Wavelet Vitality""","Mean Wavelet Energy","2"
"""Darcy integers""","Darcy numbers","2"
"""public electronic asset move""","National Electronic Funds Transfer (NEFT)","2"
"""social plan attack""","social engineering attack","2"
"""silicon-on-encasing""","silicon on insulator","2"
"""self-association highlights""","self-organization features","2"
"""Grashof integer""","Grashof number","2"
"""Hilbert-Huang modify""","Hilbert-Huang transform","2"
"""symmetric positive unequivocal""","symmetric positive definite (SPD)","2"
"""conduct goal UTAUT""~10","performance expectancy, see https://en.wikipedia.org/wiki/Unified_theory_of_acceptance_and_use_of_technology","2"
"""Teager energy administrator""","Teager Energy Operator (TEO)","2"
"""tankage device""","storage device","2"
"""human PC capacities""","human-computer interaction (HCI)","2"
"""quickness of correction""","speed of adjustment","2"
"""corresponding indispensable subordinate""","proportional integral derivative (PID)","2"
"""jumble (ADHD)""","Attention deficit hyperactivity disorder (ADHD)","2"
"""partaking algorithm""","applying algorithm","2"
"""disseminated dissent of benefit assaults""","Distributed Denial of Service attack","2"
"""sq. accreditation""","square measure (= are)","2"
"""Engineered Minority Oversampling Method (Destroyed)""","Synthetic Minority Oversampling Technique (SMOTE)","2"
"""eventually time perusing""","by","2"
"""planned world view""","design paradigm","2"
"""mind PC Point of interaction ""","brain-computer interface (BCI)","2"
"""uninvolved detecting""","passive sensing","2"
"""pseudo-second demand""","Pseudo-second order","2"
"""transepithelial electrical obstruction""","transepithelial electrical resistance (TEER)","2"
"""scholar mastering consequence""","student learning outcome","2"
"""sculptures and tablelands""","figures and tables","2"
"""intramolecular dissemination""","Intraparticle diffusion","2"
"""Tucker-Lewis list""","Tucker-Lewis Index (TLI)","2"
"""augmentation in chain rigidity""","increase in chain rigidity","2"
"""otherworldly kurtosis""","spectral kurtosis (SK)","2"
"""completely associated surface""","fully connected layer","2"
"""economic policy vagueness""","economic policy uncertainty","2"
"""discourse bunching""","speech clustering","2"
"""high-resonation repeat""","high-resonance frequency","2"
"""intuitive to m-well being system (ImHS)""","Interactive m-Health System (ImHS)","2"
"""customizable smart surfaces""","reconfigurable intelligent surface","2"
"""schedule and recurrence areas""","time and frequency domains","2"
"""non-straight halfway differential""","non-linear partial differential","2"
"""polyunsaturated oily acid""","polyunsaturated fatty acids (PUFA)","2"
"""radon remodel""","Radon transform","2"
"""Programmed Teller Machine (ATM)""","automated teller machine (ATM)","2"
"""journalist gene"" AND ""reporter gene""","reporter gene","2"
"""neuro-versatile learning""","neuro-adaptive learning","2"
"""lingering vitality of hubs""","???","2"
"""auxiliary condition displaying (SEM)""","(?)","2"
"""in the gap where the function is built""","in the interval of integration","2"
"""false molding""","false contouring","2"
"""unfortunate abilities"" AND ""loss functions""","loss functions","2"
"""amazing attractive field""","strong magnetic field","2"
"""craniate bovine humor""","Fetal Bovine Serum (FBS)","2"
"""vegetation electron microscopy""","low-energy electron microscopy","2"
"""lower request mode""","lower-order mode","2"
"""versatile instructive framework""","Adaptive Educational System","2"
"""bargained accounts""","compromised accounts","2"
"""report picture assessment""","digital image analysis (DIA)","2"
"""actual fantastic rate""","true positive rate (TPR)","2"
"""central segment examination""","Principal Component Analysis (PCA)","2"
"""support proliferation"" AND ""back propagation""","back propagation","2"
"""age, coitus, casket pain""","age, sex, chest pain","2"
"""shrewd transport systems""","intelligent transport systems","2"
"""exertion hope UTAUT""~10","effort expectancy, see https://en.wikipedia.org/wiki/Unified_theory_of_acceptance_and_use_of_technology","2"
"""heartbeat coupled brain network""","pulse coupled neural network (PCNN)","2"
"""micro-comptroller""","micro-controller","2"
"""non-natural aptitude""","artificial intelligence (AI)","2"
"""plan of the trial (DOE)""","design of experiments (DOE)","2"
"""cruel VIF""","mean VIF","2"
"""utilitarian forecast""","functional prediction","2"
"""inert dirichlet distribution""","Latent Dirichlet Allocation (LDA)","2"
"""guided visual interest""","???","2"
"""disconnected OCR""","offline OCR","2"
"""indicator to clamor""","signal to noise","2"
"""slope weighted activation class planning""","gradient-weighted class activation mapping (Grad-CAM)","2"
"""ghastly transition""","spectral flux","2"
"""erratic backwood""","random forest","2"
"""peevish entrails condition""","irritable bowels syndrome","2"
"""moo bioavailability""","low bioavailability","2"
"""watched crest""","observed peaks","2"
"""hypothesis of parlor recreations""","games theory","2"
"""natural wellbeing and security""","environmental health and safety","2"
"""ideal detachment hyperplane""","optimal separating hyperplane","2"
"""completely associated chart""","fully connected graph","2"
"""inside interpreted spacer""","internal transcribed spacer","2"
"""deep-acquisition based""","deep-learning based","2"
"""electronic wellbeing record stage""","electronic health record platform","2"
"""Restriction Binding Domain""","Receptor Binding Domain (RBD)","2"
"""engineered minority over-examining procedure""","Synthetic Minority Oversampling Technique (SMOTE)","2"
"""Cruel Wavelet Esteem""","Mean Wavelet Value","2"
"""conduct bits of knowledge""","behavioral insights","2"
"""Lyme's ailment""","Lyme's disease","2"
"""tool studying (ML)""","Machine Learning (ML)","2"
"""proceeding require"" AND ""continuing need""","continuing need","2"
"""broken tensile strength"" AND ""splitting tensile strength""","splitting tensile strength","2"
"""nanomaterial floors""","nanomaterial surfaces","2"
"""feature pyramid community""","feature pyramid network","2"
"""range the board capacities""","spectrum management functions","2"
"""genial cancer""","benign cancer/tumor","2"
"""machine taking in methodologies""","machine learning approaches","2"
"""steady impact model""","fixed effects model","2"
"""fog up computing""","cloud computing","2"
"""extract-rework-load""","extract-transform-load","2"
"""prescient misfortune""","prediction error","2"
"""Online Casting a ballot System""","Online Voting System","2"
"""commotion decrease channel""","noise reduction filter","2"
"""preservationist estimations""","conservative estimate","2"
"""artless Bayes""","naive Bayes","2"
"""prescient determining""","predictive modeling","2"
"""distinguishing proof of plant illnesses""","identification of plant diseases","2"
"""bogus caution speed""","false alarm rate","2"
"""oblique and capture of the log trace""","Slope and intercept of the log plot","2"
"""enlivened by the human cerebrum""","inspired by the human brain","2"
"""content ward framework""","text-dependent system (for speaker recognition)","2"
"""Transmission and Dispersion Organization""","Transmission and Dispersion Networks (TDN)","2"
"""crossbreed DPSO""","hybrid DPSO","2"
"""minimum inhibitory attentiveness""","minimum inhibitory concentration","2"
"""Hilbert-Huang range""","Hilbert-Huang Spectrum (HHS)","2"
"""ringing antiquities""","ringing artifacts","2"
"""advanced constant danger""","Advanced Persistent Threat","2"
"""Brobdingnagian knowledge""","big data","2"
"""preparing set and confirmation set""","training set and validation set","2"
"""offering stage"" AND ""bidding platform""","bidding platform","2"
"""realized utilitarian protein grouping""","known functional protein sequence","2"
"""extraordinary measures of data""","large amounts of data","2"
"""screaming bugs""","noisy [software] bugs (i.e. bug reports with unnecessary information)","2"
"""trademark lingo taking care of""","natural language processing","2"
"""Cruel Wavelet Entropy""","Mean Wavelet Entropy","2"
"""speck clamor""","speckle noise","2"
"""genetically related youngster""","genetically related children","2"
"""optic intelligibility tomography""","optical coherence tomography","2"
"""straightly indistinguishable""","linearly non-separable","2"
"""Kullback-Leibler remove""","Kullback-Leibler divergence","2"
"""Multispectral pick acoustic tomography""","Multispectral optoacoustic tomography","2"
"""Healthcare approaching since Business""","???","2"
"""climbing aorta""","ascending aorta","2"
"""bogus negative example""","false negative example","2"
"""pass-layer framework""","cross-layer framework","2"
"""crest to-normal force""","peak to average power (PAP)","2"
"""extravagant severe respirational impairment""","severe acute respiratory syndrome (SARS)","2"
"""concoction conjugation""","chemical conjugation","2"
"""skin malignancy infection""","skin cancer","2"
"""β-D mannose hyaluronic acid""","β-D-mannuronic acid","2"
"""grown-up masses""","adult population","2"
"""Single Shot Multi Box Indicator""","Single Shot Multi Box Detector (SSD)","2"
"""hybrid vitality system""","hybrid energy system","2"
"""Gaussian optical heartbeat""","Gaussian pulse","2"
"""advanced declaration"" AND ""digital certificate""","digital certificate","2"
"""semi-managed and unsupervised""","semi-supervised and unsupervised (learning)","2"
"""fortify vector machine""","support vector machine (SVM)","2"
"""Glove Romney""","Mitt Romney","2"
"""term backwards report recurrence""","Term Frequency-Inverse Document Frequency (TF-IDF)","2"
"""imperativeness opening""","energy hole","2"
"""sunlight-based brilliance""","solar ???","2"
"""Henon guide""","Hénon map","2"
"""ghastly bunching""","spectral clustering","2"
"""computerized-based framework""","Computer-Based Systems","2"
"""perfection, perceptivity""","precision, sensitivity","2"
"""antibiotic affectability""~5","antibiotic sensibility","2"
"""apparent light communication""","visible light communication (VLC)","2"
"""versatile to anomalies""","resilient to outliers","2"
"""expulsion from squandering water""","Removal from waste water","2"
"""Prophet 9i""","Oracle 9i","2"
"""principal thing analysis""","Principal Component Analysis (PCA)","2"
"""hesitation of node""","uncertainty of node","2"
"""blunder adjustment term""","error correction term (ECT)","2"
"""solo or sullied nanoparticle""","Single- or multi-component nanoparticle","2"
"""surface weight conveyance""","???","2"
"""untimely burst of films""","premature rupture of membranes","2"
"""universal skin imaging collaboration""","International Skin Imaging Collaboration (ISIC)","2"
"""Henon delineate""","Hénon map","2"
"""G.H.G. emanation""","G.H.G. emission","2"
"""attractive field indicator""","magnetic field detector","2"
"""molecule exchange radical polymerization""","Atom transfer radical polymerization (ATRP)","2"
"""disorganized clinical information""","unstructured clinical data","2"
"""money-related guess""","financial forecast","2"
"""scientific picture popularity""","scientific picture reputation","2"
"""ecological the board""","environmental management","2"
"""nonstop thickness""","continuous density","2"
"""most elevated exactnesses""","highest accuracies","2"
"""throwing a ticket""","voting","2"
"""division and grouping cycle""","segmentation and clustering method","2"
"""Electro graphical record""","electrocardiogram","2"
"""human imaginative"" AND ""is prescient""","human vision","2"
"""middle supreme deviation""","median absolute deviation (MAD)","2"
"""associate awful technology""","???","2"
"""Amazon Resound""","Amazon Echo","2"
"""framework fizzled""","framework collapse","2"
"""biface LSTM""","bidirectional LSTM","2"
"""directed grouping procedure""","supervised clustering algorithm","2"
"""moo distinguish""","???","2"
"""Watson and Cramp""","Watson and Crick","2"
"""autonomous squint dataset""","Asian Development Bank ? (ABD)","2"
"""memorable neglect entryway""","forget gate (a part of LSTM)","2"
"""hazy gathering""","random collection","2"
"""phishing acknowledgement""","phishing recognition","2"
"""dormant dirichlet portion""","Latent Dirichlet Allocation (LDA)","2"
"""application run follow""","application execution trace","2"
"""industrial internet of effect""","Industrial Internet of Things (IIoT)","2"
"""redeemable potassium""","extractible potassium","2"
"""outrageous inclination boosting""","EXtreme Gradient Boosting (XGBoost)","2"
"""defeating tax evasion""","“reducing tax evasion” OR “combating tax evasion”","2"
"""primary additives evaluation""","principal component analysis (PCA)","2"
"""monounsaturated oily acid""","monounsaturated fatty acids (MUFA)","2"
"""valley of error theory""","uncanny valley phenomenon","2"
"""typically appropriated short palindromic rehashes""","clustered regularly interspaced short palindromic repeats (CRISPR)","2"
"""semi-administered strategies""","semi-supervised [machine learning] methods","2"
"""organized, semi-organized, and unstructured sort""","structured, semi-structured, and unstructured","2"
"""interstitial lung contaminations (ILDs)""","interstitial lung diseases (ILDs)","2"
"""Long Island distance""","Manhattan distance","2"
"""transferrbuiltintegrated""","transfer also integrated","2"
"""Timoshenko bar hypothesis""","Timoshenko beam theory","2"
"""mechanized specialist""","virtual assistant","2"
"""neighborhood look strategy""","local search strategy","2"
"""numerous information various result""","multiple input multiple output (MIMO)","2"
"""evacuating divalent metal cation""","Removing divalent metal cation","2"
"""lung canker""","lung cancer","2"
"""crossbreed multi-objective""","hybrid multi-objective","2"
"""LSU arrangements""","LSU sequences","2"
"""Claim of Helsinki""","Declaration of Helsinki (1964)","2"
"""fascination spectral""","???","2"
"""story network design""","novel network architecture (\""novel\"" as in \""new\""...)","2"
"""nearby highlight investigation""","Line-segment Feature Analysis (LFA)","2"
"""fixing expert"" AND ""stabilizing agent""","stabilizing agent","2"
"""Information Procurement (DAQ)""","Data Acquisition (DAQ)","2"
"""average worldly flap""","median temporal lobe (MTL)","2"
"""ceaseless HBV""","chronic HBV","2"
"""concealed Markov display""","Hidden Markov Model (HMM)","2"
"""vector of tallness""","vector of dimension","2"
"""diminish energy misfortunes""","energy loss reduction","2"
"""diversion theoretic investigation""","games theory","2"
"""Tire Pressure observing frameworks""","tire pressure monitoring systems (TPMS)","2"
"""bacterial searching improvement""","bacterial foraging optimization (BFO)","2"
"""hydrogen security acceptor""","Hydrogen Bond Acceptor","2"
"""arrangement, relapse and grouping""","classification, regression and clustering","2"
"""multi-sedate obstruction""","multi-drug resistance","2"
"""covertness liposomes""","stealth liposomes","2"
"""handwritten digit reputation""","handwritten digit recognition","2"
"""earlier intellect of""","prior knowledge of [...]","2"
"""histogram of inclination direction""","histogram of oriented gradient (HOG)","2"
"""pre-educated layers""","pre-trained layers (of a neural network)","2"
"""half and half staggered""","hybrid multi-level","2"
"""kingdom of artwork""","state of the art","2"
"""component pyramid organization""","feature pyramid network (FPN)","2"
"""IEEE Global Discussion on""","IEEE International Symposium on","2"
"""Clarivate Examination""","Clarivate Analytics","2"
"""beneficiary’s optimistic curve""","receiver operating characteristic curve (ROC)","2"
"""liquid diamond show""","liquid crystal display (LCD)","2"
"""forswearing administration""","service denial","2"
"""radiation warm flux""","radiative heat flux","2"
"""Solaris working framework""","Solaris operating system","2"
"""faux neural affiliation""","artificial neural network","2"
"""harmony restricting steady""","Equilibrium binding constant","2"
"""irregular walk (RW)""","random walk (RW)","2"
"""segregated phrases""","isolated words","2"
"""symmetric bundle appearances""","symmetric packet arrivals","2"
"""mystery casting a ballot""","secret vote","2"
"""format interest community""","graph attention network (GAT)","2"
"""key recurrence (F0)""","fundamental frequency (F0)","2"
"""dynamic normal least square""","Dynamic Ordinary Least Square (DOLS)","2"
"""sickness of Parkinson""","Parkinson's disease","2"
"""encoding-unwinding""","encoding-decoding","2"
"""eBook peruses""","e-book readers","2"
"""fast Fu Liye change""","Fast Fourier Transform","2"
"""phishing site acknowledgement""","phishing site recognition","2"
"""utilitarian bunch""","functional group","2"
"""substrate misfortune""","substrate loss","2"
"""w speaks to the Wasserstein separation""","w refers to the Wasserstein distance","2"
"""bottomless erudition""","deep learning","2"
"""picture shading reconstruction""","image color restoration","2"
"""autoregressive transferring common""","autoregressive moving average (ARMA)","2"
"""flat out hazard""","absolute risk","2"
"""accuracy, responsiveness, particularity""","accuracy, sensitivity, specificity","2"
"""astute lattice""","smart network","2"
"""actual wonderful fee""","true positive rate (TPR)","2"
"""minutest potential energy""","minimum potential energy","2"
"""Mel Frequency Crystal Coefficients""","Mel Frequency Cepstral Coefficients (MFCCs)","2"
"""country of the art"" AND ""speech signal""","state of the art","2"
"""Gamma administrator""","Gamma operator","2"
"""conflicting backwood""","random forest","2"
"""attractive bulkheads""","Magnetic separator","2"
"""Gibbs inspection""","Gibbs sampling","2"
"""α-L-gulonic hyaluronic acid""","α-L-guluronic acid","2"
"""territorial normal vitality""","local average energy","2"
"""authoritative conduct researchers""","???","2"
"""car regressive moving average""","autoregressive moving average","2"
"""profound brain agencies""","deep neural networks (DNN)","2"
"""Impersonate III""","MIMIC-III","2"
"""crossbreed mists""","hybrid clouds","2"
"""heterosexual phosphorene""","anisotropic phosphorene","2"
"""flawlessly crystalline""","pure crystalline","2"
"""double veils"" AND ""binary masks""","binary masks","2"
"""neural inserting""","neural embedding","2"
"""immature Bayes""","naive Bayes","2"
"""RNA meddling""","RNA interference","2"
"""in the kilohertz broaden""","in the kilohertz range","2"
"""conclusion gizmos""","???","2"
"""spokesperson affirmation""","speaker recognition","2"
"""consumer sorbent""","Commercial sorbent","2"
"""reverse osmosis process"" AND ""technology spillover""","reverse technology spillover","2"
"""debacle alleviation activities""","disaster relief operations","2"
"""hairlike activity""","capillary action","2"
"""digression sigmoid exchange work""","(hyperbolic) tangent sigmoid transfer function","2"
"""Stefan-Boltzman steady""","Stefan-Boltzman constant","2"
"""benzenesulfonic corrosive""","benzenesulfonic acid","2"
"""understanding come about"" AND ""patient outcome""","patient outcome","2"
"""flag to noise""","signal to noise","1"
"""Bidirectional lengthy brief-term reminiscence""","Bidirectional long short-term memory (BiLSTM)","1"
"""mystery layer of the Mind Employment""","neural network's hidden layer","1"
"""fuzzy spectator""","fuzzy observer","1"
"""resolution tree classifier""","decision tree classifier","1"
"""tempestuous exterior""","convective boundary (???)","1"
"""remote neighborhood view""","wireless local area network (WLAN)","1"
"""complete mistake likelihood""","total [classification] error probability","1"
"""sans no lunch hypotheses""","\""No Free Lunch\"" theorem","1"
"""presentation hope UTAUT""~10","performance expectancy, see https://en.wikipedia.org/wiki/Unified_theory_of_acceptance_and_use_of_technology","1"
"""miscellaneous firing techniques""","shooting methods","1"
"""larger part weighted minority over-testing method""","Majority Weighted Minority Oversampling Technique (MWMOTE)","1"
"""General Serial Transport""","Universal Serial Bus (USB)","1"
"""guileless byes (NB)""","Naïve Bayes (NB)","1"
"""shine gem"" AND ""scintillator""","scintillator crystal","1"
"""inertness and exactness""","latency and accuracy","1"
"""kind prostatic hyperplasia""","Benign Prostatic Hyperplasia (BPH)","1"
"""shaky iota""","unstable atom","1"
"""human-gadget engagement""","human-machine interaction (HMI)","1"
"""fourth request PDE""","fourth-order PDE (partial differential equation)","1"
"""counterfeit neural system nonlinear autoregressive moving normal""","Backpropagation neural network Nonlinear Autoregressive Moving-average (BPNN-NARMA)","1"
"""worldwide telecommunication association""","International Telecommunication Union","1"
"""Principal skewness investigation""","Principal Skewness Analysis (PSA)","1"
"""principal recurrence (F0)""","fundamental frequency (F0)","1"
"""neighbouring parallel example""","local binary pattern (LBP)","1"
"""otherworldly collocation techniques (CSM)""","(?)","1"
"""misfortune for dream""","loss of vision","1"
"""performance center key controller""","theatre key controller","1"
"""attractive commotion""","magnetic noise","1"
"""Web Convention form 6""","Internet Protocol version 6 (IPv6)","1"
"""feathery C implies""","fuzzy C means","1"
"""overseen and independent learning""","supervised and unsupervised learning","1"
"""photo segregaton""","???","1"
"""exergy mishap""","exergy loss","1"
"""unique mystery coating""","hidden layer","1"
"""novel versatile decreased class steady portion extraordinary learning machine""","adaptive reduced class incremental kernel extreme learning machine (ARCIKELM)","1"
"""low-dimension laser treatment""","low-level laser treatment (LLLT)","1"
"""little bunch size""","batch size (of training data)","1"
"""mechanical guerilla""","industrial revolution","1"
"""semi-administered fluffy bunching""","semi-supervised fuzzy clustering","1"
"""practical memory illness""","functional memory disorder (FMD)","1"
"""poor-goal ADCs""","low-resolution ADCs","1"
"""Deviated mental conduct""","mental disorders","1"
"""excess helpful life""","remaining useful life (RUL)","1"
"""general nonconcurrent collector transmitter""","universal asynchronous receiver transmitter (UART)","1"
"""Typical Variation Removed (AVE)""","Average variance extracted (AVE)","1"
"""narrow lactose mindedness""","lactose intolerance","1"
"""comparative debasement within the sight of noise""","relative decrease in the presence of noise (?)","1"
"""natural specialists respond contrastingly""","natural substances/compounds/components react specifically","1"
"""ghostly bunching""","spectral clustering","1"
"""higher lignin substance""","high lignin content","1"
"""web power acquaintanceships""","internet service providers (ISPs)","1"
"""cocky acclimation""","???","1"
"""small voice growth cases""","larynx cancer","1"
"""order or relapse undertaking""","classification or regression task","1"
"""vector mistake amendment strategy""","vector error correction model (VECM)","1"
"""lazy dirichlet allocation""","Latent Dirichlet Allocation (LDA)","1"
"""direct and strategic backslide""","linear and logistic regression","1"
"""dynamic time misshaping""","Dynamic Time Warping (DTW)","1"
"""advance variety in shading""","differ in (skin) color","1"
"""schmaltzy analysis""","sentiment analysis","1"
"""text-subordinate frameworks""","text-dependent systems (for speaker recognition)","1"
"""optical reasonability tomtate""","optical coherence tomography","1"
"""supernatural homotopy assessment technique""","Spectral-Homotopy Analysis Method (SHAM)","1"
"""transcribed person recognition""","handwritten character recognition","1"
"""classdriverassistance framework""","advanced driving assistance system (ADAS)","1"
"""minimum mandatory vitality""","minimum required energy","1"
"""oxides yielded from calcinations""","???","1"
"""protein-surface restricting situations""","protein-surface binding sites","1"
"""weighted respective channel""","weighted bilateral filter","1"
"""single style fiber""","single mode fiber (SMF)","1"
"""creepy crawly affectability""","insect susceptibility","1"
"""obsessive mind identification framework""","pathological brain detection system (PBDS)","1"
"""dazzle source partition""","blind source separation","1"
"""movable adhesion particle""","antibodies","1"
"""Mel Frequence Cepstral Portions""","Mel Frequency Cepstral Coefficients","1"
"""quiet part evacuation""","silence removal","1"
"""sweep and ulna""","radius and ulna","1"
"""managed grouping draws near""","supervised clustering approaches","1"
"""fiery flagging pathways""","inflammatory signalling pathways","1"
"""outwardly powerless individuals""","visually impaired individuals","1"
"""Stochastic Effects by Population, Affluence, and Technology""","Stochastic Impacts by Regression on Population, Affluence, and Technology (STIRPAT)","1"
"""direct character checks""","identity checks","1"
"""fractional auto-correlation work""","Partial Auto-Correlation Function (PACF)","1"
"""feature pyramid arrange""","feature pyramid network (FPN)","1"
"""fuzzy enlistment structure""","fuzzy inference system","1"
"""individual mechanized partners""","personal digital assistants (PDAs)","1"
"""handling and Vegard RISC processor""","Alf and Vegard's RISC processor (AVR)","1"
"""ok-fold move-validation""","k-fold cross-validation","1"
"""shrewd implanted frameworks""","smart embedded systems","1"
"""van cave Bergh""","van den Bergh","1"
"""a fixed of enter features""","a set of input features","1"
"""in multitudinous words""","in other words","1"
"""bigger miniature atoms""","larger molecules","1"
"""guard dog equipment""","watchdog timer","1"
"""kind I blunder""","type I error","1"
"""incremental sales strategies""","cross-selling","1"
"""photovoltaic-based board squander""","photovoltaic panel waste","1"
"""regular intestinal irritation""","chronic intestinal inflammation","1"
"""assistance vector contraption""","support vector machine","1"
"""monetary and execution articulation""","financial and performance","1"
"""ethereal sensor""","remote sensor","1"
"""glycemic level locale""","glucose regions","1"
"""various block extents""","different block lengths","1"
"""focal and fringe nervous system""","Central and Peripheral Nervous System (CNS, PNS)","1"
"""solid control (HC)""","healthy control (HC) [subjects]","1"
"""absolute running season of the calculation""","total runtime of the algorithm?","1"
"""positioned off base""","misguided","1"
"""forbidden hunt"" AND ""Tabu""","Tabu search","1"
"""delineation card""","graphic card","1"
"""zero-request mode""","zeroth-order mode","1"
"""limited difference time range method""","finite-difference time-domain","1"
"""reflection-enhancement assault""","reflection/amplification attack","1"
"""shadiness taking care of""","fog computing","1"
"""mean Total Deviations (MAD)""","mean absolute deviation (MAD)","1"
"""final but no longer least""","last but not least","1"
"""choice table (DT)""","Decision Tree (DT)","1"
"""charm disturbance""","???","1"
"""bronchitis respiratory malady""","respiratory diseases ?","1"
"""discourse mocking recognition""","voice spoofing detection","1"
"""feel extreme torment""","experience pain","1"
"""entomb advanced resonator""","interdigital resonator","1"
"""negligible paired design""","local binary pattern (LBP)","1"
"""center key controller""","trusted key centre (TKC)","1"
"""organized layer assault""","network-layer attack","1"
"""Local Idea Move Program""","Community Based Care Transition Program (US healthcare)","1"
"""semi-managed taking in""","semi-supervised (machine) learning","1"
"""room motivation response""","Room Impulse Response (RIR)","1"
"""wellspring of commotion contamination""","source of noise pollution","1"
"""Acquaintance in Registered Nurse""","Associate in Nursing","1"
"""discharged conditioner""","modified activated carbon","1"
"""Versatile Beanstalk""","Elastic Beanstalk (AWS service)","1"
"""provocative gut illnesses""","inflammatory bowel disease","1"
"""spillage vitality recuperation scheme""","waste energy recovery system","1"
"""information center based fluffy min-max neural system""","Data-core-based fuzzy min-max neural network (DCFMN)","1"
"""cloud benefit focuses""","cloud service centers","1"
"""convenient Violent Bluetooth associate""","???","1"
"""3-manner handshaking""","3-way handshaking","1"
"""face to face placeable information""","personally identifiable information (PII)","1"
"""tick audience""","a checkbox","1"
"""nice probability ratio""","positive predictive value (PPV)","1"
"""the mark of graphs""","graph labeling","1"
"""problems assistance developed transportable cloud""","Emergency Help Alert Mobile Cloud","1"
"""blue-contacted skin""","blue-tinged skin","1"
"""Assessed utility co-event pruning""","Estimated Utility Cooccurrence Pruning (EUCP)","1"
"""multilayer small scale strip fix reception apparatus""","microstrip patch antenna","1"
"""the shafts of the agar""","streaked agar","1"
"""enhanced self-organization of data packet (EAOD)""","??? (found in 10.1155/2022/1332373)","1"
"""neural system association (CNNT)""","??? (found in 10.1155/2022/3861620)","1"
"""half breed data-driven model""","hybrid data-driven model","1"
"""tungstic corrosive""","tungstic acid","1"
"""eccentric forest area""","random forest","1"
"""metal microorganisms communication""","metal-microorganism interaction","1"
"""chitosan mixed alginate lattice""","chitosan blended alginate matrix (CBAM)","1"
"""honest to goodness economy""","real economy","1"
"""speech recognition process (SER)""","speech emotion recognition (SER)","1"
"""move-layer framework""","cross-layer framework","1"
"""unveiling of traffic signs""","traffic sign detection","1"
"""lone precious stone""","single crystal","1"
"""cross breed diode""","hybrid diode","1"
"""first and second snapshots of the slope""","first and second moments of the gradient","1"
"""high-measurement highlight vector""","high-dimensional feature vector","1"
"""CRISPR-related quality""","CRISPR-associated protein","1"
"""diminishing neighboring resources (DLN)""","(?)","1"
"""strands appended to curls""","beta strands connected to coils","1"
"""contrast-upgrade calculation""","contrast enhancement algorithm","1"
"""section and retrogression undertakings""","classification and regression tasks","1"
"""gigantic layered space""","large dimensional space","1"
"""gooey parameters""","viscous parameters(?)","1"
"""identifier characteristic in a particular quasi""","quasi-identifier","1"
"""catalysis of nitrophenol to aminophenol""","catalytic reduction of nitrophenol to aminophenol","1"
"""symmetrical recurrence multiple access""","Orthogonal frequency-division multiplexing (OFDM)","1"
"""convolutional brain connection""","Convolutional Neural Network (CNN)","1"
"""media line's hand module""","MediaPipe Hands module","1"
"""clinical druggies""","clinical patients","1"
"""touchy monetary records""","sensitive financial data","1"
"""humanity growth gauge""","Human Development Index","1"
"""trust-in-the-untouchable""","trusted third party","1"
"""quite properly privateers""","pretty good privacy (PGP)","1"
"""programmed voyage control""","adaptive cruise control (ACC)","1"
"""guidance set architecture""","instruction set architecture (ISA)","1"
"""Cancer Actualities and Figure think""","Cancer Facts and Figures report","1"
"""boosted bushes""","boosted trees","1"
"""zenith sign to upheaval extent""","peak signal to noise ratio","1"
"""the arrangements were filled in a crystal form""","the solutions were poured into a glass beaker","1"
"""Pochhammer documentation""","Pochhammer symbol","1"
"""practice tolerance tests""","exercise tolerance tests (ETT)","1"
"""teach timing and teach put off""","???","1"
"""free supervector speaker""","speaker-independent supervector","1"
"""dim neural organization""","grey neural network","1"
"""mawkishness scrutiny""","sentiment analysis","1"
"""uncooked wav documents""","raw wav files","1"
"""lively energy image""","active energy image","1"
"""lack of definition against picked ciphertext assaults""","INDistinguishability under Chosen Ciphertext Attack (IND-CCA)","1"
"""tainting length-mindful irregular woods""","infection-size-aware Random Forest","1"
"""higher request crossing""","higher order crossing (HOC)","1"
"""unmarried sideband""","single sideband","1"
"""sickle cell pallor""","sickle cell anemia","1"
"""unearthly and cepstral""","spectral and cepstral","1"
"""sigmoid crushing capacity""","sigmoid activation fuction","1"
"""slyness teeth""","wisdom teeth","1"
"""wrong data implantation ambushes""","false data injection attacks (FDIAs)","1"
"""formalin-fixed paraffin-inserted""","Formalin-Fixed Paraffin-Embedded (FFPE)","1"
"""discourse molded clamor""","speech shaped noise","1"
"""commercial center demeanors""","market trends","1"
"""Vineland Exploration Station""","Vineland Research Station","1"
"""Discriminant strong nearby Binary sample""","Discriminative Robust Local Binary Pattern (DRLBP)","1"
"""fluffy demonstration""","fuzzy logic","1"
"""appropriated renouncing for association""","distributed denial-of-service (DDoS)","1"
"""optoelectrical residence""","optoelectrical property","1"
"""shrewd loaning""","smart lending","1"
"""police logical improvement department""","Police Scientific Development Branch","1"
"""mean supreme mistake""","absolute error","1"
"""monstrous machine type communication""","massive machine type communication (mMTC)","1"
"""misusing spatial diversity""","exploiting spatial diversity","1"
"""usually least squares (OLS)""","ordinary least squares (OLS)","1"
"""urogenital parcel""","urogenital tract","1"
"""item key point likeness""","Object Keypoint Similarity (OKS)","1"
"""enlist casting a ballot""","register votes","1"
"""poisonous quality of the blend""","toxic effects","1"
"""essential nearby arrangement search instrument""","basic local alignment search tool (BLAST)","1"
"""slither personal property""","slip effect","1"
"""triplet plates were employed""","triplicate plates were used","1"
"""fast chronic contrastive divergence""","Fast Persistent Contrastive Divergence (FPCD)","1"
"""savvy assistive framework""","smart assistive system","1"
"""touchy banking facts""","sensitive financial data","1"
"""keeping up with bunches""","maintaining clusters","1"
"""hydrobromic corrosive""","hydrobromic acid","1"
"""twenty initial century""","twenty-first century","1"
"""five-hitter greenhouse emission""","5% CO2","1"
"""Boolean hunt""","Boolean search","1"
"""harmful remark order""","toxic comment classification","1"
"""cutthroat concealment""","competitive stealth (?)","1"
"""wisconsin bosom malignant growth determination""","Wisconsin Breast Cancer Diagnosis?","1"
"""unapproved get right of passage""","unauthorized access","1"
"""bodily layer broadcast channel""","physical layer network channel","1"
"""unearthly closeness""","spectral similarity","1"
"""foremost element evaluation""","principal component analysis (PCA)","1"
"""scale-invariant trademark redesign""","scale-invariant feature transform (SIFT)","1"
"""warm stereo vision""","thermal stereo vision","1"
"""watchful edge picture esteem""","Canny edge image value","1"
"""cloud stockpiles worker""","cloud storage server","1"
"""average change extricated (AVE)""","(?)","1"
"""breeze speed profile""","wind speed profile","1"
"""irregular get right of passage to""","random access","1"
"""elegant imbalanced dataset""","class-imbalanced dataset","1"
"""log range of discourse""","log spectrum of speech","1"
"""closeness to hydrolase proteins""","similarity to hydrolase proteins","1"
"""complex exchange quality""","gene responsible for conjugative transfer","1"
"""discourse and tune""","speech and music","1"
"""straightly detachable information""","linearly separable data","1"
"""Program For Worldwide Understudy Evaluation (PISA)""","Programme For International Student Assessment (PISA)","1"
"""venue movement encryption key (CTEK)""","??? (found in 10.1155/2022/6000375)","1"
"""discourse feeling order""","speech emotion classification","1"
"""applying programming connection point""","application programming interface (API)","1"
"""area of letters in order acknowledgment""","alphabet recognition","1"
"""pragmatic byzantine adaptation to non-critical failure""","Practical Byzantine Fault Tolerance (PBFT)","1"
"""used rectangular (MSE)""","mean square (MSE)","1"
"""readiness and testing correctness""","training and testing accuracy","1"
"""Interest Fashion"" AND ""attention model""","attention model","1"
"""machine gadgets get to control""","mobile device access control","1"
"""lower-pay economies""","lower-income countries","1"
"""order line capability""","command-line function","1"
"""South Asian Local Cooperation""","South Asian Association for Regional Cooperation (SAARC)","1"
"""Gaussian sifted""","Gaussian filtered","1"
"""free hard cut space""","free hard drive space","1"
"""planned companion think""","prospective cohort study","1"
"""renouncing for association""","denial-of-service (DoS) attack","1"
"""lumber classifier""","tree classifier","1"
"""otherworldly edge recurrence""","spectral edge frequency (SEF)","1"
"""Georgia home kid pooling""","max pooling","1"
"""PC shrewdness""","artificial intelligence","1"
"""remote body zone methods""","wireless body area networks","1"
"""power weighted data transmission""","intensity weighted bandwidth","1"
"""temporal and spatial stacked car encoder""","Temporal and Spatial Stacked Autoencoder (TSSAE)","1"
"""superficial cerebrum association""","shallow neural network (?)","1"
"""nonsteroidal antagonistic-angering drugs""","nonsteroidal antiinflammation drugs (NSAIDs)","1"
"""conscientiousness for the thrashing""","responsibility for the loss","1"
"""records in transit and at relaxation""","data in transit and at rest","1"
"""selection timber"" AND ""decision forest""","decision forest","1"
"""cardiogenic daze""","cardiogenic shock","1"
"""imperfection ground structure""","defected ground structure","1"
"""forbidden pursuit"" AND ""Tabu""","Tabu search","1"
"""baselines' scores of bilingual evaluation""","bilingual evaluation understudy (BLEU) (?)","1"
"""RBF Part strategy""","RBF kernel method","1"
"""fleecy reason""","fuzzy logic","1"
"""moo warm steadiness""","low thermal stability","1"
"""capacity space aggregate layers""","power domain multiplexing layer (PDML)","1"
"""Recursive Auto acquainted Memory""","Recursive Auto-Associative Memory (RAAM)","1"
"""Elective Question Goal (ADR)""","Alternative Dispute Resolution (ADR)","1"
"""shakiness record""","instability index","1"
"""characteristic specific graph""","abstract semantic graph (ASG)","1"
"""courage injure""","nerve injury","1"
"""weight manipulation plan""","diet","1"
"""Mel Occurrence Cepstrum factors""","Mel Frequency Cepstral coefficients (MFCC)","1"
"""quick clip RNA""","Short hairpin RNA (shRNA)","1"
"""deep transfer studying""","deep transfer learning","1"
"""non-straight ARMA""","Nonlinear Autoregressive Moving-average (NARMA)","1"
"""quite suitable privateness""","pretty good privacy (PGP)","1"
"""assignment explicit dataset""","task-specific dataset","1"
"""heart-related entanglements""","heart-related complications","1"
"""nitric oxide benefactor""","nitric oxide donor","1"
"""anticipated cross-entropy""","expected cross entropy (ECE)","1"
"""ribosomal RNA huge subunit""","ribosomal RNA large subunit","1"
"""gathering activity encryption key""","group traffic encryption key (GTEK)","1"
"""virtual spill source (VLS)""","(?)","1"
"""rationale cell cluster""","Logic Cell Array (LCA)","1"
"""completely related course""","fully connected cascade (FCC) neural network","1"
"""least vast bit""","least significant bit (LSB)","1"
"""fuss scratch-off""","noise cancellation","1"
"""children cross lacking""","children go missing","1"
"""proposed have a take a look at""","proposed study","1"
"""beddy-bye scheduling""","sleep scheduling","1"
"""laminal passing""","laminar flow","1"
"""HER2 (shaggy related 2)""","HER2 (hairy-related 2)","1"
"""associatealog""","associate","1"
"""foreseeing a solitary class""","predicting a single class","1"
"""acknowledge mastercard irregularities""","detect Mastercard anomalies","1"
"""portable educating associate""","mobile teaching assistant","1"
"""enormous preparing artificial neural networks""","Massive-Training Artificial Neural Network (MTANN)","1"
"""wavering and pivot""","vibration and rotation","1"
"""voice signal affirmation""","speech recognition","1"
"""bound together domain""","United Kingdom","1"
"""unduly goliath""","excessively large","1"
"""venue activity encryption key (CTEK)""","??? (found in 10.1155/2022/6000375)","1"
"""hereditary data of the phone""","genetic information of the cell","1"
"""mind utilitarian attractive reverberation imaging""","Functional magnetic resonance imaging (fMRI)","1"
"""Vienna Show on Street Signs and Signals""","Vienna Convention on Road Signs and Signals","1"
"""enactment condition"" AND ""activation function""","activation function","1"
"""molecule swarm advancement on minimum middle squares""","particle swarm optimization on least-median-of-squares (PSO-LMedS)","1"
"""malevolent help""","malware (?)","1"
"""vital success factor (CSF)""","critical success factor (CSF)","1"
"""ransomware location and assurance""","ransomware detection and classification","1"
"""pre-arranged BERT model""","pre-trained BERT model","1"
"""front-stop windowing""","front-end windowing","1"
"""location beneath the ROC curve""","area under the ROC curve (AUC)","1"
"""shrewd relating contract""","smart contract","1"
"""anisidine esteem""","anisidine value","1"
"""reckoned axial tomography""","computerized axial tomography (CAT)","1"
"""photonic taboo band""","photonic band gap","1"
"""Location Goal Convention""","Address Resolution Protocol (ARP) spoofing","1"
"""moo thickness lipoproteins""","Low-density lipoprotein (LDL)","1"
"""non-straight advancement fractional differential equation""","Nonlinear Partial Differential Equation (NPDE)","1"
"""online networking share catches""","social media share buttons","1"
"""spot decline"" AND ""despeckling""","speckle reduction","1"
"""nano helped gadget""","nanotechnology or nanotech device","1"
"""summed up straight blended model""","Generalized Linear Mixed Model (GLMM)","1"
"""protracted brief timeframe period memory (LSTM)""","long short-term memory (LSTM)","1"
"""voice replay ridiculing""","voice replay spoofing","1"
"""adjusted recursive component end""","modified recursive feature elimination (MRFE)","1"
"""agrocin 84-encoding quality""","gene (or region) encoding agrocin 84","1"
"""Boltzmann Forbidden Method""","Restricted Boltzmann Machine (RBM)","1"
"""Discriminant sturdy local Ternary pattern""","Discriminative Robust Local Ternary Pattern (DRLTP)","1"
"""beneath lifted weight""","under elevated pressure","1"
"""16KHz recurrence""","16 kHz frequency","1"
"""obliged trio misfortune layer (CTLL)""","constrained triplet loss layer (CTLL)","1"
"""integrated abdicate""","integrated loss","1"
"""meta-getting the hang of""","meta-learning","1"
"""hepatitis infectious malady""","hepatitis diseases ?","1"
"""Non-Standard limited contrast technique (NSFD)""","(?)","1"
"""carbon secure and storage""","carbon capture and storage (CCS)","1"
"""goof area""","error region","1"
"""cutthroat specialties""","competitive strategy","1"
"""sound source confinement""","sound source localization","1"
"""individuals of higher scales (APL)""","(?)","1"
"""upgrading thick trajectories""","improved dense trajectories (IDT)","1"
"""suggested innocuous stage""","recommended safe level","1"
"""Organizational Disruption Recognition Framework""","Network Intrusion Detection System (NIDS)","1"
"""Hurst border""","Hurst parameter/exponent","1"
"""touchy purchaser facts""","sensitive customer/user data","1"
"""hairy participation""","fuzzy membership","1"
"""scikit-take a look at""","scikit-learn (Python library)","1"
"""distributive stockpiling""","distributed storage","1"
"""linear back vector classifier""","Linear Support Vector Classifier (LinearSVC)","1"
"""you most effective appearance once""","you only LOOK once (YOLO)","1"
"""deep communication network (DBN)""","deep belief network","1"
"""taking place stairs""","going down stairs","1"
"""ingenious miniature vane""","Smart Miniature Vane (SMV)","1"
"""logical data learning""","Logical Data Modeling","1"
"""phantom area intelligence tomography""","spectral domain optical coherence tomography (SD-OCT)","1"
"""restorative flag preparing""","medical signal processing","1"
"""worldwide component loads""","global feature weights","1"
"""ad-hoc request separate vector""","ad-hoc on-demand distance vector (AODV)","1"
"""head section assessment""","principal component analysis (PCA)","1"
"""creation 4.zero""","construction 4.0","1"
"""targeting and controlled discharge""","targeted and controlled release","1"
"""auup-todatemation""","automation","1"
"""guide record series""","manual data collection","1"
"""market wicker container examination""","market basket analysis","1"
"""period postpone neural""","time delay neural (network)","1"
"""Ecological Carbon Kuznets Bend""","Environmental Carbon Kuznets Curve (ECKC)","1"
"""picture and discourse examination""","image and speech processing","1"
"""manual or semi-robotized client subordinate techniques""","Supervised or semi-supervised ?","1"
"""Relationship for Clinical advantages Examination and Quality""","Agency for Healthcare Research and Quality (AHRQ) (US healthcare)","1"
"""machine encoders (AEs)""","auto-encoders","1"
"""phony space lab""","Fake Space Lab","1"
"""straight exterior speculation""","foreign direct investment","1"
"""end-3 PUFAs""","omega-3 PUFAs","1"
"""accelerate vigorous element""","speeded-up robust features (SURF)","1"
"""GB of Hammer""","GB of RAM","1"
"""RNA–DNA acknowledgement""","RNA–DNA complementarity?","1"
"""Louis Pasteur Institute of Persia""","Louis Pasteur Institute of Iran","1"
"""hypothesis age (HG)""","hypothesis generation","1"
"""ill-disposed malware""","adversarial malware (?)","1"
"""flagging go-betweens""","signalling mediator","1"
"""consonant to commotion rate""","Harmonic to Noise Rate (HNR)","1"
"""fragmentary fundamental conditions""","fractional integral equations","1"
"""absolutely strong state""","fully solid state","1"
"""vulnerability of enthusiastic names""","???","1"
"""natural files"" AND ""environmental indices""","environmental indices","1"
"""bacterial research rationalization calculation""","bacterial foraging optimization algorithm (BFOA)","1"
"""small voice cancers""","larynx cancer","1"
"""internet up to daters""","Internet of Things Application (IOTA)","1"
"""bound together states of America""","USA","1"
"""periphery course disorder""","peripheral artery disease","1"
"""stock charge bubbles""","stock market bubbles","1"
"""mind local area""","neural network (?)","1"
"""tainted phones""","infected phones","1"
"""bodily-layer broadcast coding""","physical layer network coding","1"
"""yank medical specialty Association""","American Psychiatric Association (APA)","1"
"""south focal Florida city""","south central Florida city","1"
"""result tensor cradle""","output tensor buffer","1"
"""livestock oil and pets fat""","animal oil and fats","1"
"""Tobacco shake infection""","Tobacco rattle virus (TRV)","1"
"""take away prevent word""","stop word removal","1"
"""worthy creature protein""","animal protein","1"
"""cathode territory""","electrode/cathode area","1"
"""compromising get-togethers""","malicious parties","1"
"""voronoi adornment""","Voronoi tesselation ?","1"
"""Bessel work request""","Bessel function order","1"
"""intellectual stretch tiers""","mental stress levels","1"
"""feathery reason""","fuzzy logic","1"
"""fascination spectra""","absorption spectra","1"
"""recreated toughening and hereditary calculation""","simulated annealing genetic algorithm (SA-GA)","1"
"""ostensibly tried"" AND ""visually impaired""","visually impaired","1"
"""erudite and commerce distributions""","trade in knowledge","1"
"""curvelet premise capacities""","curvelet basis functions","1"
"""substantial internet based life information""","online data","1"
"""discourse just interfaces""","speech-only interfaces (?)","1"
"""gross domestic item""","gross domestic product","1"
"""ailment wretchedness""","severe disease","1"
"""bacterial rummaging streamlining""","bacterial foraging optimization (BFO)","1"
"""Google documenting system""","Google File System (GFS)","1"
"""throwing a poll""","conducting an election","1"
"""pre-prepared neural classifier""","pre-trained neural classifier","1"
"""k-infers grouping""","k-means clustering","1"
"""primary issue evaluation""","principal component analysis (PCA)","1"
"""atypical recurrence scattering""","anomalous frequency dispersion","1"
"""to aqueduct the knowledge gaps""","to fill the knowledge gaps","1"
"""leads to create death""","cause death","1"
"""ballotor""","voter","1"
"""received signal strength marker""","received signal strength indicator","1"
"""bamboozle both the universes""","Anomalous Interaction","1"
"""brought together learning body""","Integrated Knowledge Network ?","1"
"""complete inconstancy space""","total variability space","1"
"""relative unconditional error""","relative absolute error (RAE)","1"
"""77-rate exactness""","77 percent accuracy","1"
"""confront, iris, finger, palm""","face, iris, finger, palm","1"
"""gullible Naive-Bayes""","Naive Bayes","1"
"""parametrized endless arm crook issue""","multi-arm non-contextual bandit problem","1"
"""versatile instructive hypermedia framework""","Adaptive Educational eLearning System","1"
"""counterfeit expected field""","artificial potential field (APF)","1"
"""Client-server job (CSR)""","(?)","1"
"""series facts processing""","sequence data processing","1"
"""piddling pattern""","insignificant pattern","1"
"""reason of poisonous""","mechanism of toxicity","1"
"""part ancestry algorithms""","genetic algorithms","1"
"""SFRC radiate""","SFRC beam","1"
"""dilated causal remaining CNN""","dilated causal residual CNN (neural network)","1"
"""managed order technique""","supervised classification technique","1"
"""parallel correspondence calculation""","parallel computing/processing","1"
"""mechanized mechanism classifier""","automated machine classifier","1"
"""all-inclusive foundation show""","Universal Background Model (UBM)","1"
"""reparable irresistible ailment""","curable infectious disease","1"
"""country wide Basketball association""","National Basketball Association (NBA)","1"
"""refined sweetie""","refined sugar","1"
"""sunlight-based PV vitality age framework""","solar based PV energy system","1"
"""delicate cognitive impairment""","mild cognitive impairment","1"
"""Joined along States""","United States","1"
"""Incitation Stun""","Activation Lock","1"
"""her tally touched base""","the vote reached","1"
"""herbal size pix""","natural size image","1"
"""off periods or to f remedy""","offer a sort of antidote","1"
"""Inferable from the nearness of the principle chain""","surrounding of the main chain (???)","1"
"""unmarried-modal strategies""","single-modal approaches","1"
"""order sending ways of behaving""","command forwarding behaviors","1"
"""gained sign quality""","Received Signal Strength (RSS)","1"
"""astute lighting""","smart lighting","1"
"""angle support trees""","gradient boosting trees","1"
"""stronghold vector""","support vector [machine] (SVM)","1"
"""cause them their life""","cost them their life","1"
"""inert IR sensor""","passive infrared sensor (PIR sensor)","1"
"""Prophet 11g""","Oracle 11g","1"
"""open-name pilot""","open-label pilot","1"
"""light-touchy floor""","light-sensitive surface","1"
"""music facts retrieval""","music information retrieval (MIR)","1"
"""brilliant ball"" AND ""smart contract""","smart contract","1"
"""fluoroboric corrosive""","fluoroboric acid","1"
"""dissemination of development theory""","diffusion of innovation theory","1"
"""Porch and Keas""","PyTorch and Keras","1"
"""quite right privacy""","pretty good privacy (PGP)","1"
"""subband wavelets are separated""","wavelet subbands are extracted","1"
"""heterosexual photonic crystal""","anisotropic photonic crystal","1"
"""coffee-electricity adaptive clustering hierarchy""","Low Energy Adaptive Clustering Hierarchy","1"
"""client particular pass-stage""","user-specific pass-phrase","1"
"""dynamic sound decrease""","active noise cancellation","1"
"""administration prevailing (S–D) rationale""","service-dominant (S-D) logic","1"
"""coming to radiance""","came to light","1"
"""extensive optional administrations information""","Unstructured Supplementary Service Data (USSD)","1"
"""web sprinters""","web pages (?)","1"
"""affirmation of traffic signs""","traffic sign recognition","1"
"""traffic thickness-based congestion the board calculation""","traffic density-based congestion control algorithm","1"
"""stagnation guide stream""","stagnant flow","1"
"""one year secluded""","one year apart","1"
"""there prostitutes show""","the results show","1"
"""neuro-tender""","neuro-fuzzy","1"
"""pre-programmed discourse recognition""","automatic speech recognition (ASR)","1"
"""vacuum plasma shower""","vacuum plasma spraying","1"
"""clamor remaining""","noise residual","1"
"""lingering attractive properties""","residual magnetic properties","1"
"""back causing calculation""","back propagation algorithm","1"
"""genuine tone of people towards a specific item""","true attitude","1"
"""proper condemnation convention""","???","1"
"""robotized attendant""","virtual assistant","1"
"""Oneself principle at Home Show""","Independence At Home Demonstration (US healthcare)","1"
"""haze enrolling""","fog computing","1"
"""impression of emanated transport emission""","effect of transport emissions","1"
"""clinical advantages examination""","healthcare research","1"
"""center for illness control and anticipation""","Center for Disease Control and Prevention (CDC)","1"
"""book free voice mindfulness framework""","text-independent voice recognition system","1"
"""youngsters cross lacking""","children go missing","1"
"""seen value"" AND ""perceived use""","Perceived Use (PU)","1"
"""collection processing fashion""","sequence processing model","1"
"""straight recognition scope""","linear detection range","1"
"""Organization for the Advancement of Structured Data Standards""","Organization for the Advancement of Structured Information Standards","1"
"""corrosive iminodiacetic""","Iminodiacetic acid","1"
"""speculative capacity"" AND ""predicted function""","predicted function","1"
"""Gaussian cycle connector""","Gaussian process adapter","1"
"""complete assortment distress""","total variation loss","1"
"""wavelet particular entropy""","Wavelet singular entrooy (WSE)","1"
"""inner translated spacer""","internal transcribed spacer","1"
"""country to metropolitan float""","rural to urban migration","1"
"""complete powerful conductivity""","electrical conductivity","1"
"""otherworldly spreading""","spectral expansion(?)","1"
"""text-ward"" AND ""text-dependent""","text-dependent","1"
"""deep leftover system""","deep residual network","1"
"""typical Gibbs free energy of development""","standard Gibbs free energy of formation","1"
"""band-sidestep channel""","band-pass filter","1"
"""cutting edge canny transport frameworks""","Intelligent Transport System (ITS)","1"
"""far flung temperature tracking""","remote temperature monitoring","1"
"""attentive on the way""","???","1"
"""forecast of collect yield""","prediction of crop yield","1"
"""additional cell authoritative""","extra-cell binding","1"
"""luminance/chominance""","Luminance-Chrominance (Y'UV)","1"
"""European Telecommunications measures foundation""","European Telecommunications Standards Institute","1"
"""collaborative central domain optimization""","collaborative central domain adaptation","1"
"""open-mark research""","open label research","1"
"""programming storehouse""","software repository","1"
"""foetal neurologic mischief""","adverse neurologic fetal outcomes","1"
"""superior grid scale""","optimal grid scale","1"
"""social design grounded assault""","social engineering based attack","1"
"""vicious audit""","negative recall","1"
"""directed fine-bringing into harmony""","supervised fine-tuning","1"
"""spirit leaf ailment""","plant leaf disease","1"
"""nourishing a fixed arrangement""","feeding a fixed arrangement","1"
"""independent old enough, sex or calling""","irrespective of age, gender or profession","1"
"""decrease of fruitfulness""","decrease in fertility","1"
"""dynamic prevailing shading (DDC)""","(?)","1"
"""office of veterans admittance to mind""","Office of Veterans Access to Care (OVAC)","1"
"""slight underlying contrasts""","subtle distinction","1"
"""exertion mindful in the nick of time imperfection forecast""","effort-aware just-in-time defect prediction","1"
"""edit choice strategy""","Crop Selection Method","1"
"""automatic speech acceptance""","automatic speech recognition (ASR)","1"
"""small life structures""","microorganisms","1"
"""appropriated regulate""","distributed control","1"
"""tally casts a ballot""","tally votes","1"
"""frontward nourishing""","forward feeding","1"
"""dazzle XSS""","blind XSS (cross-site scripting)","1"
"""8-legged creature vermin""","spider mite","1"
"""shoddy backpropagation""","error backpropagation","1"
"""naive Bayes relation based with highlight subset""","Correlation-based feature selection naïve Bayes (CFS-NB)","1"
"""her tally touched base in the polling booth""","the vote reached the polling booth (?)","1"
"""feathery rationale""","fuzzy logic","1"
"""first-man or woman view""","first person view (FPV)","1"
"""shapely added substance explanations""","Shapley additive explanations","1"
"""affectability for brilliant changes""","sensitivity to changes in illumination?","1"
"""probabilistic thickness work""","probability density function","1"
"""cyclostationary highlight finder""","cyclostationary feature detection (CFD)","1"
"""extreme probability vector machine""","multilayer perceptron (MLP)","1"
"""severe studying Machines""","extreme learning machines (ELM)","1"
"""bushy controller""","fuzzy controller","1"
"""book subordinate voice awareness gadget""","text-dependent voice recognition system","1"
"""cutthroat endogenous RNA""","competing endogenous RNA (ceRNA)","1"
"""particular ongoing video conferencing climate (RVCE)""","??? (found in 10.1155/2022/8280468)","1"
"""closer view edges""","foreground frames (image processing)","1"
"""aeronautics expert system""","aerospace engineering systems","1"
"""high touchy biosensor""","high sensitivity biosensor","1"
"""significant convolution mind network""","deep convolutional neural network","1"
"""Diagnostic and applied mathematics Manual""","Diagnostic and statistical manual of mental disorders","1"
"""clinical image popularity""","scientific picture reputation","1"
"""cross breed data-driven model""","hybrid data-driven model","1"
"""lesser scale electro-mechanical outlines""","micro electromechanical systems","1"
"""organization technique of information managing""","Group Method of Data Handling","1"
"""semisolid type of proficiency""","semi-strong form of efficiency","1"
"""Isaac Newton's subsequent law""","Newton's second law states","1"
"""half and half AI strategy""","hybrid AI strategy","1"
"""renovation of nanoparticles""","fixing of nanoparticles","1"
"""Payment Card Irregularity Recognition""","credit card fraud detection","1"
"""confluenced virtual""","combined virtual","1"
"""autonomous blurring channel""","independent fading channel","1"
"""automated flying vehicle manufactured gap radar""","Unnamed Aerial Vehicle Synthetic Aperture Radar (UAVSAR)","1"
"""fenced in area System""","-","1"
"""pre-educated multilingual fashion""","pre-trained multilingual model","1"
"""discourse emotion location""","speech emotion detection","1"
"""progressed and creating countries""","developed and developing countries","1"
"""Pastry specialist map""","Baker's map","1"
"""secure boot conspire""","secure boot scheme","1"
"""photonic amazingly""","photonic crystal","1"
"""voice-empowered email""","voice-controlled(?) email","1"
"""Amazon fast storage facility""","Amazon Simple Storage Service","1"
"""aquatic handling flora""","water treatment plants","1"
"""bear vector engine""","support vector machine (SVM)","1"
"""time pass varieties""","temporal variations","1"
"""Authentication server job (ASR)""","(?)","1"
"""elector clog""","polling place congestion","1"
"""data bottleneck (IB)""","information bottleneck (IB)","1"
"""attention-deficit hyperactivity confusion""","Attention-deficit hyperactivity disorder (ADHD)","1"
"""structural fitness observance""","structural health monitoring","1"
"""closest k-pals""","k-nearest neighbors","1"
"""were collected under compact pressure""","concentrated in vacuum","1"
"""diminishing angle issue""","vanishing gradient problem","1"
"""V-E Day land""","East coast of India and West coast","1"
"""large psyche association""","deep neural network (?)","1"
"""separate riffle transform""","discrete wavelet transform (DWT)","1"
"""web lumberjack""","web logger","1"
"""fast contingent shared data""","full conditional mutual information maximization (FCMIM)","1"
"""delicate attractive"" AND ""soft magnetic""","soft magnetic","1"
"""combination over affiliation""","intersection over union (IOU)","1"
"""assault passage focuses""","attack entry","1"
"""denial-of-advantage strike""","denial-of-service (DoS) attack","1"
"""Window 7 Supreme Operating Environment""","Windows 7 Ultimate operating system","1"
"""choice sensitively empathetic network""","decision support system (DSS)","1"
"""ghostly unwinding technique""","Spectral Relaxation Method (SRM)","1"
"""wizardry mushrooms""","magic mushrooms","1"
"""navigating under impact""","driving under the influence","1"
"""a more modest sum pricy for PC""","less computationally expensive","1"
"""half breed user""","hybrid user","1"
"""cons and geniuses""","pros and cons","1"
"""remote for patient observation""","remote patient monitoring","1"
"""set disseminating dynamic trees (SPIHT)""","set partitioning in hierarchical trees (SPIHT)","1"
"""slanting covariance framework""","diagonal covariance matrix","1"
"""soft casting a ballot""","soft voting","1"
"""IMAP assault""","IMAP attack","1"
"""numerous classes grouping""","multi-class classification","1"
"""ellipse formed ebb and flow""","elliptic-curve cryptography","1"
"""wide range antitoxins""","broad-range antibiotics","1"
"""mortal-centered artificial intelligence""","Human-Centered Artificial Intelligence","1"
"""reenactments of the hydrodynamic radiation (R-HD)""","(?)","1"
"""electronic mode wellbeing record""","electronic health record (EHR)","1"
"""duskiness enrolling""","fog computing","1"
"""grouped routinely interspaced short palindrome rehashes""","Clustered Regularly Interspaced Short Palindromic Repeats","1"
"""were set up in a similar method""","prepared in the same procedure","1"
"""self-figuring out maps""","self-organizing maps","1"
"""sovereign experiments"" AND ""independent experiments""","independent experiments","1"
"""cushy derivation""","fuzzy inference","1"
"""first-demand point plunge computation""","first-order gradient descent algorithm","1"
"""thorax X-beam""","chest X-ray","1"
"""fourth directive manner""","Runge-Kutta fourth-order approach","1"
"""totally one of a kind text restriction recipe""","novel text localization method","1"
"""clinical record taking care of""","medical data management","1"
"""worldwide pores and skin imaging collaboration""","International Skin Imaging Collaboration (ISIC)","1"
"""External Change (OT)""","external modulation (EM)","1"
"""mincingvector""","Hashing-Vectorizer (HV)","1"
"""carnivorous epidemics""","covid epidemics","1"
"""substance primarily based on image recovery""","content-based image retrieval (CBIR)","1"
"""savvy wellbeing passage""","Digital Health Technologies","1"
"""super solid low dormancy communication""","ultra-reliable low-latency communication (URLLC)","1"
"""clinical thought business""","healthcare industry","1"
"""writing studies have been finished""","studies have been conducted","1"
"""data hypothetical standard""","Akaike information criterion (AIC) ?","1"
"""discourse division"" AND ""speech separation""","speech separation","1"
"""aggregate swaying recurrence""","collective oscillation frequency","1"
"""distinct motion retread""","discrete wavelet transform (DWT)","1"
"""administered picking up calculations""","supervised learning algorithms","1"
"""relative outright blunder""","mean squared error (MSE)","1"
"""lower unstable breaking point""","Lower Explosive Limit (LEL)","1"
"""Normal Language Tool stash (NLTK)""","Natural Language Toolkit (NLTK)","1"
"""ultrareliable low inertness communication""","ultra-reliable low latency communication (URLLC)","1"
"""hesitance to drink""","unwillingness to drink","1"
"""lively look fashion""","active appearance model (AAM)","1"
"""pre- and post-handling"" AND ""pre- and post-processing""","pre- and post-processing","1"
"""adaptable uniquely designated framework""","mobile ad hoc network","1"
"""irregular number era""","random number generation","1"
"""frontal cortex local region""","neural network","1"
"""direct account gear""","direct-recording electronic (DRE) [voting machine]","1"
"""vitality procuring""","energy harvesting","1"
"""arrangement ignition amalgamation""","solution combustion synthesis","1"
"""Part Proclivity Field""","Part-Affinity-Field (PAF)","1"
"""trim malady expectation""","crop disease expectation","1"
"""arbitrary straight capacity""","random linear function (?)","1"
"""temperamental regular convection""","unsteady? natural convection","1"
"""dietetic roughage""","dietary fiber","1"
"""incitement correlation result""","simulation result","1"
"""fleecy ID3 tree""","fuzzy ID3 (decision) tree","1"
"""absolute dermoscopic score""","Total Dermoscopy Score (TDS)","1"
"""voice growth cases""","larynx cancer","1"
"""Holt-wintry weather""","Holt-Winters","1"
"""puberty occupation relinquishment""","youth unemployment","1"
"""helpless normal mode concealment""","poor common-mode suppression","1"
"""profound brought together organization""","deep unified network (DUN)","1"
"""exceedingly humidified setup""","???","1"
"""Gaussian mild beat""","Gaussian light pulse","1"
"""not kidding condition""","serious condition","1"
"""covering grounded highlights choice""","wrapper-based feature selection","1"
"""vigilant edge picture esteem""","Canny edge image value","1"
"""root cruel square mistake of estimation""","Root Mean Squared Error of Approximation (RMSEA)","1"
"""wirelessngerprints""","fingerprints","1"
"""Henon confused scheme""","Henon chaotic system","1"
"""fringe alternately side dream""","peripheral vision ?","1"
"""dim level multi-dimensional reliance network""","gray-level spatial dependence matrix (GLSDM)","1"
"""administered design acknowledgment""","supervised pattern recognition","1"
"""opposite roll coating""","reverse roll coating","1"
"""honey oil-nearest neighbour""","k-nearest neighbour","1"
"""dichloroacetic corrosive""","dichloroacetic acid","1"
"""gentle intellectual weakness""","mild cognitive impairment (MCI)","1"
"""union open benefit commission""","Union Public Service Commission (UPSC)","1"
"""empower swelled admittance""","enable better voter participation rates","1"
"""word errors charge""","word error rate (WER)","1"
"""attractive asset imaging""","magnetic resonance imaging (MRI)","1"
"""bespoke point engineering""","custom/hand-crafted feature engineering","1"
"""position-particular scoring lattice""","position-specific scoring matrix (PSSM)","1"
"""multidomain bivariate strategy for unearthly neighborhood linearization""","Multi-Domain Bivariate Spectral Local Linearization Method (MD-BSLLM)","1"
"""dazzle cross-site scripting assaults""","blind cross-site scripting attacks","1"
"""free subspace investigation (ISA)""","independent subspace analysis (ISA)","1"
"""subterranean insect circularity""","ant colony","1"
"""supporter of discharges of greenhouse gas emissions""","source of greenhouse gas emissions","1"
"""head half investigation""","Principal Component Analysis (PCA)","1"
"""rest wrecked breathing (SDB)""","sleep-disordered breathing (SDB)","1"
"""ellipse shaped bend""","elliptic-curve cryptography","1"
"""molecule grouping computation""","particle swarm [optimization] algorithm","1"
"""fluffy choosing guidelines""","fuzzy decision rules","1"
"""Wilcoxon marked role check""","Wilcoxon signed-rank test","1"
"""gated repetitive organizations (GRU)""","Gated Recurrent Units (GRU)","1"
"""purposeful records evaluation""","functional data analysis (FDA)","1"
"""residents’ living and workplaces""","???","1"
"""naturally clergyman game features""","automatically curate game highlights ?","1"
"""moo weight plasma splash""","low pressure plasma spraying","1"
"""eager layer-wise preparing""","greedy layer-wise training","1"
"""bogus disclosure rate""","False discovery rate (FDR)","1"
"""encouraging group of people (SVM)""","support vector machine (SVM)","1"
"""shrewd circulation network""","smart network","1"
"""profound installing highlights""","deep embedding features","1"
"""concealed synapse""","hidden neuron","1"
"""domain of obscure beginning""","domain of unknown function","1"
"""innumerable client grouping""","???","1"
"""extreme most dangerous respiratory tract disorder Coronavirus (SARS-CoV-2)""","Severe Acute Respiratory Syndrome Coronavirus 2 (SARS-CoV-2)","1"
"""fast-time period reminiscence""","[long] short-term memory (LSTM)","1"
"""improbably cowl protest""","???","1"
"""cyclic redundancy exam""","cyclic redundancy check (CRC)","1"
"""out-of-the-container support""","out-of-the-box support","1"
"""hazard unwilling loaning""","risk-averse lending","1"
"""multi-area pseudo-phantom unwinding technique""","Multidomain Pseudo-Spectral Relaxation Method (MP-SRM)","1"
"""pre-employable administration""","pre-operative management","1"
"""encourage vector machine""","support vector machine (SVM)","1"
"""behavioral deliberateness to utilization (BI)""","(?)","1"
"""brought together worker"" AND ""centralized server""","centralized server","1"
"""broadly drug safe""","extensively drug resistant (XDR)","1"
"""Minimal Circle (CD)""","Compact Disc (CD)","1"
"""oxidative or electrical stretch""","Oxidative Stress or Mechanical Stress","1"
"""four inclusive functionals""","four hybrid functionals","1"
"""versatile instructive substance suggestion framework""","Adaptive Educational Content Recommendation System (AECRS)","1"
"""time and vitality consuming""","time and energy consuming","1"
"""direct prescient coding""","Linear Predictive Coding (LPC)","1"
"""faux creativeness associations""","artificial neural networks","1"
"""idea transfer getting to know""","transfer learning","1"
"""power non uniformity (INU)""","Intensity Non-Uniformity (INU)","1"
"""oily destructive""","fatty acid","1"
"""precisely animated spit""","mechanically stimulated saliva","1"
"""autoregressive version that incorporates conventional change""","autoregressive integrated moving average (ARIMA)","1"
"""diffusive reflectance affection""","???","1"
"""Minimum Output general of rectangular Error""","\""Minimum Output Sum of Squared Error (MOSSE)\""","1"
"""unsupervised characteristic studying""","unsupervised feature learning and compression with auto-encoders","1"
"""microwave light-passed""","microwave irradiated","1"
"""Theoretical Meaning Representation""","Abstract Meaning Representation (AMR)","1"
"""Dulbecco’s changed bird medium""","Dulbecco Modified Eagle’s Medium (DMEM)","1"
"""corrosive orange-7""","acid orange-7","1"
"""Dulbecco’s altered falcon medium""","Dulbecco Modified Eagle’s Medium (DMEM)","1"
"""prophetic typing""","predictive typing","1"
"""bulky disordered portions""","[proteins with] long disordered segments (in the context of Intrinsically disordered proteins)","1"
"""Prophet information base""","Oracle database","1"
"""inconvenience unwinding""","difficulty breathing","1"
"""Basic Proportion of the Gobbledygook""","Simple Measure of Gobbledygook","1"
"""parent ability injury risk""","???","1"
"""retinal space square""","retinal area (?)","1"
"""arched dialects""","inflected (or declined) languages","1"
"""multi-supply statistics fusion""","multi-source data fusion","1"
"""vanishing qualities and sintered powder""","characterization of evaporation and boiling from sintered powder","1"
"""backwards square law"" AND ""inverse""","inverse square law","1"
"""facial feeling detection""","facial emotion detection","1"
"""certiwiwireless""","certification","1"
"""irregular over-testing model""","Random Over-Sampling Examples (ROSE)","1"
"""tendency weighted class activation arranging""","gradient-weighted class activation map","1"
"""enrolling electors""","registering voters","1"
"""fluid compelling thickness""","fluid density","1"
"""part preferring field""","Part-Affinity-Field (PAF)","1"
"""methodology climbing calculation""","???","1"
"""theme co-event grid""","Motif Co-occurrence Matrix (MCM)","1"
"""micros of company house windows""","Microsoft Windows","1"
"""shared consideration brain organization""","mutual attention neural network (MANN)","1"
"""similitude changeovers""","similarity variables","1"
"""process the synthetic and actual properties""","calculate physicochemical properties","1"
"""shading mutilated""","color-distorted","1"
"""insightful objective flowing""","Analytical Target Cascading (ATC)","1"
"""from gentle to broad""","from mild to severe","1"
"""heterosexual electrode""","straight electrode","1"
"""median outright error""","mean squared error (MSE)","1"
"""hydroxycinnamic destructive""","???","1"
"""electronic claims statistics""","electronic case reports (?)","1"
"""gadget by-gadget the board""","device-by-device management","1"
"""piecewise progressive linearization strategy""","Piecewise Successive Linearization Method (PSLM)","1"
"""arbitrary decision woodland""","random decision forest","1"
"""illuding information""","misleading information","1"
"""total get admission to time""","total access time (TAT)","1"
"""Bluetooth Moo Essentialness""","Bluetooth Low Energy","1"
"""diminishing greatness request""","order of decreasing value","1"
"""trueness, accuracy, revision""","accuracy, precision, recall","1"
"""patron arrangement prototypical""","???","1"
"""NPs' organic personality""","(nanoparticle) biological identity","1"
"""corrosive nitrilotriacetic""","Nitrilotriacetic acid","1"
"""genuine and fanciful parts of an intricate number""","real and imaginary parts of a complex number","1"
"""smart groups"" AND ""brilliant groups""","smart bands (i.e. fitness trackers)","1"
"""Henon's riotous framework""","Henon chaotic system","1"
"""ladylike and manly""","female and male","1"
"""evade snag""","avoid obstacle","1"
"""sure diploma of accuracy""","certain degree of accuracy","1"
"""communication with natural material""","interaction with natural material","1"
"""intranasal shipping""","intranasal delivery","1"
"""continuousness, momentum and dynamism""","continuity, momentum and energy","1"
"""multistage sound differential standardization""","multiscale audio differential normalization (MADN)","1"
"""constant joining and testing""","continuous integration and testing","1"
"""Robotized feeling Analysis""","Automatic Sentiment Analysis","1"
"""backward propagation crimes""","???","1"
"""furry registration work""","fuzzy membership function","1"
"""ensure the outskirt""","protect the border","1"
"""genuine, fanciful portion""","real and imaginary part (of a complex number)","1"
"""comestible corroboration""","food recognition","1"
"""earthy colored movement""","Brown(ian) motion","1"
"""authoritative races of Spain""","Spanish general election","1"
"""reckless to perusing""","visually impaired (?)","1"
"""sickie-analyze""","scikit-learn (Python library)","1"
"""twofold phony variable""","binary dummy variable","1"
"""clever traffic the executives' systems""","intelligent traffic management systems","1"
"""UWB microwave flags""","UWB signals","1"
"""sporadic neural system (RNN)""","recurrent neural network (RNN)","1"
"""rotary neural network""","recurrent neural networks (RNN)","1"
"""bi-random stroll""","bi-random walk","1"
"""Organizations for Government clinical thought and Medicaid Associations""","Centers for Medicare \& Medicaid Services (CMS) (US healthcare)","1"
"""Key Segment Analysis (PCA)""","Principal Component Analysis (PCA)","1"
"""basal frame temperature""","basal body temperature (BBT)","1"
"""tolerable sticking""","tolerance threshold","1"
"""useful forecast"" AND ""functional prediction""","functional prediction","1"
"""profound encyclopedism""","deep learning","1"
"""alpha unwinding locale""","alpha-relaxation region","1"
"""altered recursive element end""","modified recursive feature elimination (MRFE)","1"
"""okay-nameless""","k-anonymous","1"
"""suggestssquared error""","mean squared error","1"
"""low-commotion enhancement""","low-noise amplification","1"
"""piss retention""","water retention","1"
"""information-we-fined Networking""","Knowledge-Defined Networking (KDN)","1"
"""bridging bolster""","bridging coordination","1"
"""sanitary promotion vendetta""","sanitary promotion campaign","1"
"""DNS mocking""","DNS spoofing","1"
"""convective cosiness""","convective heat","1"
"""arrangement of constituent bodies""","constitutional order","1"
"""Choice Coordinated Channel Assessment""","Decision-Directed Channel Estimation (DDCE)","1"
"""speech condonation""","speech recognition","1"
"""force quality (PQ)""","power quality (PQ)","1"
"""Blu-pillar""","Blu-ray","1"
"""feebly controlling property""","weakly guiding approximation","1"
"""prognosticate the unborn fee""","???","1"
"""COVID-19 superb""","COVID-19 positive","1"
"""chevshevby type-1 filter (seventh request)""","Chebyshev Type-1 Filter (seventh order)","1"
"""energetic form fashion""","active shape model (ASM)","1"
"""versatile organization based fluffy frameworks (ANFIS)""","Adaptive network based fuzzy inference system (ANFIS)","1"
"""weighted function ok-capability Plus""","Feature Weighting in k-Means","1"
"""remarkable list of capabilities""","unique list of characteristics","1"
"""personality of a plant pathogen""","nature of a plant pathogen or nature of plant–pathogen (interactions)","1"
"""recurrence subordinate dielectric steady""","frequency-dependent dielectric constant","1"
"""dumping global forecasts (DGU)""","(?)","1"
"""speech gathering limit""","speech reception threshold (SRT)","1"
"""advanced endorser line""","High-bit-rate digital subscriber line (HDSL)","1"
"""versatile uncommonly selected systems""","mobile ad hoc networks","1"
"""chloric corrosive""","chloric acid","1"
"""feathery deduction""","fuzzy deduction","1"
"""bit of the pie system""","quota system","1"
"""spotless discourse of the objective speaker""","clean speech of the target speaker","1"
"""feathery logic""","fuzzy logic","1"
"""extreme against commotion""","robust to noise","1"
"""half breed staggered""","hybrid multi-level","1"
"""prolonged brief-time period reminiscence""","long short-term memory (LSTM)","1"
"""conventional man-made polymers""","bulk synthetic polymers","1"
"""worldwide convolution layer""","global convolution layer","1"
"""administrative pre preparing""","supervised pre-training","1"
"""forswearing of-benefit assault""","denial-of-service (DoS) attack","1"
"""otherworldly figuring""","spectral analysis (?)","1"
"""successions with DUF were picked""","sequences with DUF were selected","1"
"""profound implanting highlights""","deep embedding features","1"
"""outfit gathering knowledge""","ensemble learning","1"
"""work administration frameworks""","Job Management System (JMS)","1"
"""boost quality declaration""","promote quality research","1"
"""vivacious CH assurance procedure""","dynamic cluster head selection method","1"
"""precision, keep in mind, F1-score, and aid""","precision, recall, F1-score, support","1"
"""evacuation of inserts""","removal of implants","1"
"""vigor, indistinctness, and installing limit""","robustness, imperceptibility, and embedding capacity","1"
"""anti-angering""","anti-inflammation","1"
"""irritated and watch""","perturb and observe","1"
"""direct electronic chronicle""","direct-recording electronic (DRE) voting machine","1"
"""frontal cortical local area""","neural network","1"
"""examination taster""","???","1"
"""speaking open door""","public speaking","1"
"""suppress the proliferation of germs""","bacterial growth inhibition","1"
"""substantial cerebral association""","deep neural network","1"
"""tremendous novel community""","???","1"
"""web website seek""","internet website search","1"
"""content free classifier""","text-independent","1"
"""exertion mindful without a moment to spare defect prediction""","effort-aware just-in-time defect prediction","1"
"""salivary construction and capacity""","saliva composition and function","1"
"""precision, accuracy, consider, and f1-rating""","precision, accuracy, recall, and F1-measure (or \""F1-score\"")","1"
"""PC helped ID""","computer aided design (CAD)","1"
"""profound guide getting to know""","deep reinforcement learning","1"
"""out-of-sample pungency""","???","1"
"""inveterate obstructive pneumonia malady""","chronic obstructive pulmonary disease (COPD)","1"
"""PCA brightened""","PCA whitened","1"
"""cutting-edge light-deprivation obstructive infection""","chronic obstructive pulmonary disease","1"
"""stroke seriousness file""","Stroke Severity Index (SSI)","1"
"""microbial gas telephone""","microbial fuel cell (MFC)","1"
"""7-elegance dataset""","7-class dataset","1"
"""machine up to date knowupdated""","machine learning","1"
"""contrast-limited versatile histogram equalization""","Contrast-limited adaptive histogram equalization (CLAHE)","1"
"""even encryption calculation""","symmetric encryption algorithm","1"
"""The residual sheet is agreed as follows""","The rest of the paper is organized as follows","1"
"""boa constrictor bundle""","Python module","1"
"""addresser adaptive training""","speaker adaptive training (SAT)","1"
"""mechanical bungle""","mechanical failure","1"
"""aqua/dissolvable collaboration""","water-soluble compound","1"
"""versatile instructive substance proposal framework""","Adaptive Educational Content Recommendation System (AECRS)","1"
"""weak type of productivity""","weak form of efficiency","1"
"""unearthly unwinding strategy""","Spectral Relaxation Method (SRM)","1"
"""slope helping computation""","gradient boosting algorithm","1"
"""directional tomahawks""","directional axes (e.g. in a graph)","1"
"""fluffy inferring structure""","fuzzy inference system","1"
"""multi-resolution extraordinary learner""","Multi-resolution Super Learner (MSL)","1"
"""actual-time gazing""","real-time scan","1"
"""roundabout brain networks""","recurrent neural networks","1"
"""heart wellbeing the executives""","heart health management","1"
"""prognosis remedy of sickness""","???","1"
"""completely associated secret layer""","fully-connected hidden layer (neural network)","1"
"""moo wrong alarm rate""","low false alarm rate","1"
"""great meter mensuration innovation""","smart metering technologies","1"
"""selective component packaging""","exclusive feature bundling (EFB)","1"
"""medicinal indicator networks""","medical sensor networks","1"
"""expanded causal surplus CNN""","dilated causal residual CNN (neural network)","1"
"""diploma Kelvin""","degrees Kelvin","1"
"""flying impromptu organization""","Flying Ad hoc Network (FANET)","1"
"""halfway obliterated systems""","partially disaggregated systems","1"
"""districts for enthusiasm""","regions of interest (ROI)","1"
"""Associated and self-ruling automobile""","Connected and Autonomous Vehicle (CAV)","1"
"""HoltWinters Occasional Model""","Holt-Winters seasonal model","1"
"""ribosomal RNA little subunit""","ribosomal RNA small subunit","1"
"""Parkinson's Infect""","Parkinson's disease","1"
"""liquor mishandle""","alcohol misuse","1"
"""peevish gut disorder""","irritable bowels syndrome","1"
"""critical life medicines""","life-saving drugs","1"
"""weighted characteristic ok-ability plus""","Feature Weighting in k-Means","1"
"""down inspected"" AND ""down-sampled""","down-sampled","1"
"""grime moisture degree""","soil moisture level","1"
"""first caution notch""","early warning score","1"
"""deepx tool compartment""","DeepX toolkit (DXTK)","1"
"""wavelet electricity spectrum""","wavelet power spectrum","1"
"""irregular lush territory""","random forest","1"
"""containers of histogram""","bins of histogram","1"
"""content ward classifier""","text-dependent","1"
"""parallel stage move keying""","binary phase shift keying","1"
"""factshungry""","data-hungry","1"
"""ravenous learning calculations""","greedy learning algorithm","1"
"""referenced undesirable method""","???","1"
"""lopsided computerized supporter line""","Asymmetric digital subscriber line (ADSL)","1"
"""interfere with the spot structure""","intrusion detection system","1"
"""essential processes after processing""","???","1"
"""arbitrary forestland""","random forest","1"
"""commercial traveler (TSP) issue""","travelling salesman problem","1"
"""assortment of interest focuses""","set of interest points","1"
"""phenol-sulfuric acid manner""","phenol-sulfuric acid method (or phenol-sulfuric acid assay)","1"
"""time-dubious applications""","time-sensitive applications","1"
"""maximum probability interpreting""","???","1"
"""supervised, semi-managed and solo""","supervised, semi-supervised and unsupervised [machine learning]","1"
"""bank chance administration""","bank risk management","1"
"""dossier comrades""","data cohorts","1"
"""Worldwide Money Related Asset (IMF)""","International Monetary Fund (IMF)","1"
"""store unit aqueduct""","byte stream","1"
"""press chloride salts""","iron (2+ and 3+) chlorides","1"
"""likelihood dispersion capability""","probability distribution function (PDF)","1"
"""directed and unaided realization""","supervised and unsupervised [machine] learning","1"
"""expectation of collect yield""","prediction of crop yield","1"
"""swarm optimized mechanism""","Particle Swarm Optimization (PSO)","1"
"""multi-receiver discourse""","multi-microphone speech","1"
"""authentic negative charge""","true negative rate","1"
"""unfastened floor""","free surface","1"
"""to be bodily gift""","to be physically present","1"
"""scratched triangular resonator""","etched triangular resonator","1"
"""disavowal of association snare""","denial-of-service (DoS) attack","1"
"""local and worldwide representation""","local and global representation","1"
"""airborne engineered gap radar""","Airborne Synthetic Aperture Radar (AIRSAR)","1"
"""intrusion development system""","intrusion detection system","1"
"""superior processing (HPC) machines""","High Performance Computing","1"
"""profound repetitive model""","deep recurrent model","1"
"""excessive-decision snapshot""","high-resolution snapshot","1"
"""convectively warmed tricky extending sheet""","convective heat transfer and surface expansion ?","1"
"""existing ID draws near""","existing identification approaches","1"
"""territory under the accuracy review""","area under the precision-recall (curve)","1"
"""Jupyter Diary frames""","Jupyter Notebook","1"
"""potentially prompting harm""","potentially leading to damage","1"
"""versatile instructive eLearning framework""","Adaptive Educational eLearning System","1"
"""greatest miserliness""","maximum parsimony","1"
"""focus symmetric neighborhood double examples""","center-symmetric local binary patterns (CS-LBP)","1"
"""imminent accomplice investigation""","prospective cohort study","1"
"""most noteworthy escalation""","high absorption capacity","1"
"""cerebrum tumefaction""","brain cancer / brain tumor","1"
"""refusal of-advantage strike""","denial-of-service (DoS) attack","1"
"""supramolecular floor""","supramolecular surface","1"
"""helpful Chabot can dissect patients""","???","1"
"""contraption translation""","machine translation","1"
"""move-gadget sharing""","cross-platform (or system) sharing","1"
"""bunch development strategy""","???","1"
"""visa inconsistencies""","Visa anomalies","1"
"""COVID-contaminated sufferers""","COVID-positive patients","1"
"""closest component line (NFL)""","nearest feature line (NFL)","1"
"""ok-wrinkle cross-endorsement""","k-fold cross-validation","1"
"""insusceptibility quality of bacteriocin""","gene responsible for immunity to bacteriocin","1"
"""Little and medium endeavors (UMKMs)""","Micro, Small, and Medium Enterprises (UMKMs)","1"
"""planning and approval package""","training and valiadation set","1"
"""pix of inner body element""","images of internal organs","1"
"""archi-tasteure""","architecture","1"
"""sweet condensed drain""","acidic mine drainage?","1"
"""get-together the information into get-togethers""","grouping the information into groups","1"
"""acoustic clamor and resonation""","acoustic noise and reverberation","1"
"""rest scattered breathing (SDB)""","sleep-disordered breathing (SDB)","1"
"""phoney brain network""","artificial neural network","1"
"""organization method statistics coping with""","Group Method of Data Handling","1"
"""course of scale of causal connotation""","direction and size of causal relationship","1"
"""watched occasion encoding""","observation vector","1"
"""ghastly based""","spectral based","1"
"""small k esteems""","small k values","1"
"""Dark medium Earlier""","dark channel prior","1"
"""acoustic mutilating conditions""","acoustic distorting conditions","1"
"""virtual and on reason""","virtual and on premise","1"
"""nosy ductal carcinoma""","Invasive Ductal Carcinoma (IDC)","1"
"""butupdatedn""","button","1"
"""cone shaft PC tomography""","Cone beam computed tomography (CBCT)","1"
"""modernized to-straight forward converter""","digital-to-analog converter (DAC)","1"
"""CRISPR initiation or CRISPRa""","CRISPR activation or CRISPRa","1"
"""massive measure of unstructured information""","Large amounts of data","1"
"""mean square goof""","mean square error","1"
"""manually deciding on functions""","???","1"
"""fleecy framework""","fuzzy framework","1"
"""insecure nuclear core""","unstable nucleus","1"
"""outspread base capacity organization""","radial basis function network (RBFN)","1"
"""Association Of American States (OAS)""","Organization Of American States (OAS)","1"
"""vacuumic condition""","vacuum","1"
"""discovery and acknowledgment of objects""","detection and recognition of objects","1"
"""overall squared error (SSE)""","Sum of Squared Errors (SSE)","1"
"""Nonnegative Segmental Matrix Factorization""","Sparse Nonnegative Matrix Factorization (SNMF)","1"
"""propelled driver associate frameworks""","advanced driver-assistance systems","1"
"""RFID Organise Organising""","RFID Network Planning","1"
"""pre-getting ready methodologies""","pre-training methodologies","1"
"""social plan grounded assault""","social engineering based attack","1"
"""pulverized by growth pollution""","environmental degradation","1"
"""bigtext information internet based life""","online data","1"
"""to nibble people""","to bite people","1"
"""canny farming arrangement""","intelligent farming system","1"
"""exactness, accuracy, memory""","accuracy, precision, recall","1"
"""unprejudiced popularity""","unbiaised","1"
"""United States of America-of-the-cleverness""","state-of-the-art","1"
"""squatness of inhalation""","shortness of breath","1"
"""endeavoring origination""","trying to conceive","1"
"""Jupyter pocket e book""","Jupyter Notebook","1"
"""proper fantastic rate""","true positive rate","1"
"""optical patrimony""","optical properties","1"
"""importance switch function""","transfer function","1"
"""provisional capacity was explained""","predicted function was described","1"
"""accu-disgusting""","accuracy ?","1"
"""self-emphatic woods region (RF)""","random forest (RF)","1"
"""multi-ghostly images""","multispectral images","1"
"""monetary noteworthiness""","financial influence","1"
"""very particular isogeny Diffie-Hellman""","Supersingular Isogeny Diffie-Hellman (SIDH)","1"
"""during lessened weight""","under reduced pressure","1"
"""unthinkable inquiry"" AND ""Tabu""","Tabu search","1"
"""citizen determined contribution""","democratic participation","1"
"""Data server job (DSR)""","(?)","1"
"""unresistant assault""","passive attack","1"
"""elevated stage highlights""","high-level features","1"
"""Diabetes Control and intricacies trail""","Diabetes Control and Complications Trial","1"
"""outflanked an advanced framework""","out-performed a state-of-the-art system","1"
"""intraocular push""","intraocular pressure","1"
"""pro-instigative""","???","1"
"""herbal speech condition""","natural speech condition","1"
"""monochrome of coordination skew""","histogram of oriented gradiants (HOG)","1"
"""hearty regression""","robust regression","1"
"""Alzheimer's derangement""","Alzheimer's disease","1"
"""logarithmic greatness spectrum""","logarithmic power spectrum","1"
"""electrochemical recurrence balance""","electrochemical frequency modulation (EFM)","1"
"""diminutive driving cause""","???","1"
"""incited foundational obstruction""","induced systemic resistance (ISR)","1"
"""Lagrange augmenter""","Lagrange multiplier","1"
"""sigmoid initiation trademark""","sigmoid activation function","1"
"""Ox-like Spongiform Encephalopathy (BSE)""","Bovine Spongiform Encephalopathy (BSE)","1"
"""associatealyzing""","associate","1"
"""directly dispersed recurrence groups""","linearly-spaced frequency bands","1"
"""nodes got signal strength""","received signal strength (RSS)","1"
"""Bayesian aggregate govern""","Bayesian aggregation rule","1"
"""transcribed textual content acknowledgment""","handwritten text recognition","1"
"""amino corrosive sythesis""","amino acid synthesis","1"
"""graphical processing gadgets""","graphics processing units (GPUs)","1"
"""chemically dynamic destinations""","catalytically active sites","1"
"""insightful ordered progression process""","analytic hierarchic process (AHP)","1"
"""joint imageic expert organization""","Joint Photographic Experts Group (JPEG)","1"
"""skin sickness assertion""","skin cancer diagnosis","1"
"""reduced sunlight filtration""","reduced sunlight penetration","1"
"""value conjectures"" AND ""price forecasts""","price forecasts","1"
"""astuteness teeth""","wisdom teeth","1"
"""gathering key controller""","trusted key centre (TKC)","1"
"""heightening prerequisite""","growing requirement","1"
"""unrefined proteinuria""","gross proteinuria","1"
"""pyrrolnitrin anti-infection""","pyrrolnitrin antibiotic","1"
"""self-reliant routing algorithm""","ant-colony based routing algorithm","1"
"""Border Interruption Discovery Frameworks""","Perimeter Intrusion Detection Systems","1"
"""NLP (typical lingo taking care of)""","NLP (natural language processing)","1"
"""brilliant field the board""","smart field management","1"
"""immaterial explanator""","insignificant predictor","1"
"""gamble of a crash""","risk of a crash","1"
"""leveled expense of vitality""","levelized cost of energy","1"
"""hereditary enhancer""","genetic optimizer (genetic algorithm)","1"
"""heartiness, intangibility and inserting limit""","robustness, imperceptibility, and embedding capacity","1"
"""Brobdingnagian text""","large text","1"
"""kick the bucket cast""","die cast","1"
"""scattered denial of-advantage strike""","distributed denial-of-service (DDoS) attack","1"
"""issue of inclination vanishing and blast""","vanishing gradient problem and exploding gradient problem","1"
"""congestion mindful message""","congestion aware message","1"
"""vertebrate calf blood serum""","Fetal Calf Serum (FCS)","1"
"""Pd's victim sound sign""","PD (Parkinson's disease) patient's sound signal?","1"
"""coordinated closeness document""","structural similarity index","1"
"""firefly calculation on the minimal middle of squares""","firefly algorithm on the Least Median of Squares (FA-LMedS)","1"
"""no quick oral test""","nonimmediate oral challenge","1"
"""Disease Assumption utilizing AI""","Diabetes Prediction Using Machine Learning","1"
"""urinary lot illnesses""","urinary tract infection (UTI)","1"
"""cluster head political decision""","cluster head election","1"
"""solitary purpose of disappointment hazard""","single point of failure risk","1"
"""charge card deceitful exchanges""","credit card fraud","1"
"""exergy catastrophe""","exergy destruction","1"
"""urban inexperienced space""","urban green space","1"
"""orbiting corner velocity""","orbital angular momentum","1"
"""fragmentary area"" AND ""fractional domain""","fractional domain","1"
"""substantially stretched period""","protracted period","1"
"""hydrogen security benefactor""","Hydrogen Bond Donor","1"
"""storeroom otherworldly""","(Amazon Redshift) Spectrum datawarehouse","1"
"""worldwide hyper boundaries""","global hyperparameters","1"
"""answerable for pneumonia""","responsible for pneumonia","1"
"""glottal heartbeat""","glottal pulse","1"
"""discourse include extraction""","speech feature extraction","1"
"""PC helped demonstrating""","Computer-aided modeling","1"
"""fourth request Legendre""","fourth-order Legendre (parameters)","1"
"""Framework Neural Frameworks with Dendritic Planning""","Lattice Neural Networks with Dendritic Processing (LNNDP)","1"
"""Pay unique personality""","???","1"
"""possesses herbal best""","naturalness","1"
"""technique of auxiliary coordinates""","Method of Auxiliary Coordinates (MAC)","1"
"""dissevering hyper-plane""","separating hyperplane (in the context of SVM)","1"
"""unaided portrayal learning""","unsupervised feature learning","1"
"""consideration shortage hyperactivity jumble""","attention deficit hyperactivity disorder (ADHD)","1"
"""radio wire nourish position""","antenna feed position","1"
"""interlocking ventured impedance resonator""","Stepped Impedance Resonator (SIR)","1"
"""man‑in‑the‑iddle""","man in the middle (MitM)","1"
"""RR stretch sign""","RR-interval signal","1"
"""elective heading multiplier technique""","Alternating Direction Method of Multipliers (ADMM)","1"
"""choice limit include extraction""","Decision Boundary Feature Extraction (DBFE)","1"
"""pressure phantom thickness""","power spectral density (PSD)","1"
"""although we ought also killed a variety of beef""","???","1"
"""circulatory brain organization""","recurrent neural network","1"
"""upset and non-bothered people""","distressed and non-distressed individuals","1"
"""compressive swing adsorption""","pressure swing adsorption","1"
"""Venture Gutenberg""","Project Gutenberg","1"
"""practically weakened individuals""","visually impaired individuals (?)","1"
"""briefest way examination""","shortest path problem","1"
"""amiable prostatic hypertrophy""","benign prostatic hypertrophy (BPH)","1"
"""ad hoc request separate vector""","Ad hoc On-Demand Distance Vector (AODV)","1"
"""straight fleeting rationale""","Linear Temporal Logic (LTL)","1"
"""obstruction temperature finder""","resistance temperature detector","1"
"""extreme clinical trouble""","serious medical condition","1"
"""terrific normal of hydropathicity""","grand average of hydropathicity","1"
"""slightest implies square""","least mean square","1"
"""period of time laptop vision""","real-time computer vision","1"
"""dumping of near-hazardous dynamics (DLU)""","(?)","1"
"""studying route recommendation""","learning path recommendation","1"
"""rich unearthly data""","???","1"
"""cross-area opinion arrangement""","Cross-Domain Sentiment Classification (CDSC)","1"
"""social gathering learning system""","clustering (machine) learning algorithm","1"
"""wise versatile terminals""","smart mobile devices (?)","1"
"""global situating context""","global positioning system (GPS)","1"
"""totally programmed web association""","???","1"
"""originate of a reenactment""","start of the simulation","1"
"""iterative slightest middle squares""","iterative least-median-of-squares (ILMedS) (?)","1"
"""autoregressive circulating slack""","autoregressive distributed lag","1"
"""erasure blunders""","deletion errors","1"
"""unmistakable phyla""","distinct phyla","1"
"""authoritative connection examination""","canonical correlation analysis (CCA)","1"
"""composing tests forthright""","writing tests upfront","1"
"""gooey protections""","sticky protections","1"
"""radio flag handling""","radio signal processing","1"
"""unquestionable speculation test""","statistical hypothesis test (?)","1"
"""chemical fume deterioration""","chemical vapor deposition","1"
"""fleecy consolidating""","fuzzy aggregation","1"
"""cross-stage halfway association""","cross-stage partial network","1"
"""shareable substance protest reference demonstrate""","sharable content object reference model","1"
"""smaller scale strip fix antenna""","microstrip patch antenna","1"
"""safe administration layer""","secure sockets layer (SSL)","1"
"""radio go over identifier change""","Radio Frequency Identification","1"
"""supervised engine literacy""","supervised machine learning","1"
"""electro-static inter-connection""","electrostatic interaction","1"
"""mean squared botch""","mean squared error","1"
"""intergenic spacer district""","intergenic spacer region","1"
"""root imply rectangular blunders""","root mean squared error (RMSE)","1"
"""hard and soft casting a ballot""","hard and soft voting","1"
"""Trial of English for Worldwide Interchanges""","Test of English for International Communication (TOEIC)","1"
"""two vicennium""","40 years","1"
"""in vehicle board framework""","in-vehicle system","1"
"""secret word splash assault""","???","1"
"""precision (ACC), qualification (SPE), and affectability (SEN)""","accuracy (ACC), specificity (SPE) and sensitivity (SEN)","1"
"""bunch scanty portrayal""","group sparse representation (GSR)","1"
"""wind stream chamber""","laminar flow cabinet","1"
"""high power violence""","high power interference","1"
"""dexterous observe""","smart watch","1"
"""Associate in Nursing original""","an original","1"
"""hereditarily blemished""","genetically modified","1"
"""Transfer (move) learning""","transfer learning","1"
"""correspondence to-calculation proportion""","communication-to-computation ratio (CCR)","1"
"""otherworldly and cepstral""","spectral and cepstral","1"
"""world searchability""","global search ability","1"
"""differential condition"" AND ""3rd request""","differential equation AND 3rd order","1"
"""considered time postpone neural system""","factored time delay neural network (TDNN-F)","1"
"""a single-cloud to multi-mist""","a single-cloud to multi-cloud","1"
"""profession formation"" AND ""job creation""","job creation","1"
"""Emergency office Readmission Reduction Program""","Hospital Readmission Reduction Program (US healthcare)","1"
"""manufactured neural system nonlinear autoregressive""","Backpropagation neural network Nonlinear Autoregressive (BPNN-NAR)","1"
"""affectability on light""","light sensitivity","1"
"""microwave consolidated circuit innovation""","microwave integrated circuit technology","1"
"""bit per image (BPP)""","bits par pixel (bpp)","1"
"""KBr powder should be pulverized""","KBr powder should be ground","1"
"""profoundly bound together organization""","deep unified network (DUN)","1"
"""very gigantic influence""","major influence","1"
"""payload excretion profile""","[drug] payload release profile","1"
"""neural feed-forward system (FFNN)""","feed-forward neural network (FFNN)","1"
"""parallel System File System""","Parallel Network File System (pNFS)","1"
"""Anderson Dear Test""","Anderson-Darling Test","1"
"""sound collection based on content""","content-based audio retrieval","1"
"""up-sides accurately grouped""","(number of) positives correctly classified (i.e. True Positives)","1"
"""Interactive media Instruments and Applications""","Multimedia Tools and Applications (journal)","1"
"""non-direct parametric capacity""","non-linear parametric function","1"
"""different medication safe""","multidrug-resistant (MDR)","1"
"""binocular-omni-orientation screen""","Binocular-Omni-Orientation Monitor (BOOM)","1"
"""circling neural organization""","recurrent neural network (RNN)","1"
"""clever predictive network upkeep""","Smart Predictive Network Maintenance","1"
"""nuclease spoilage""","nuclease degradation","1"
"""innovative teaching methods and material information (TPACK)""","Technological Pedagogical Content Knowledge (TPACK)","1"
"""visual movement energy""","motion energy image (MEI)","1"
"""hereditary streamlining agent""","genetic optimizer (genetic algorithm)","1"
"""purport good example""","proposed model","1"
"""agony prescription""","???","1"
"""open ocean Belief Network""","deep belief network (DBN)","1"
"""mental misery conditions""","mental health conditions","1"
"""new garlic extricate""","Fresh Garlic Extract (FGE)","1"
"""advancing heaving""","ongoing vomiting","1"
"""Stochastic Effects of Relapse on Popular and Technology""","Stochastic Impacts by Regression on Population, Affluence, and Technology (STIRPAT)","1"
"""correct popularity rate""","true positive rate","1"
"""rack capacity life""","shelf life","1"
"""structural health watching""","structural health monitoring","1"
"""computerized recognition structure""","automated recognition system","1"
"""blunder proliferated on the contrary request""","error propagated on the backward pass?","1"
"""slither consequence""","slip effect","1"
"""frontal brain local region""","neural network","1"
"""direct optimal dividing hyperplane""","optimal linear separating hyperplane","1"
"""record house proprietors""","account owners","1"
"""visible region connectivity""","visible light communication","1"
"""variation from the norm confinement""","abnormality localization","1"
"""fragmented virus start""","incomplete cold start (ICS)","1"
"""supernatural entropy""","spectral entropy","1"
"""a couple of shot learning""","few shot learning","1"
"""region underneath the recipient working bend (ROC AUC)""","area under the receiver operating [characteristic] curve (ROC AUC) (Note: ROC = receiver operating characteristic, AUC = area under curve)","1"
"""touchy inside disorder""","irritable bowels syndrome","1"
"""meddlesome ductal carcinoma""","Invasive Ductal Carcinoma (IDC)","1"
"""neurotic cluttered""","Abnormal noisy ?","1"
"""legitimate positive rate""","true positive rate (TPR)","1"
"""systematized mathematical instrument""","formal mathematical framework","1"
"""delineations card""","graphics card","1"
"""discourse sensation recognition""","speech emotion recognition","1"
"""intuitive numerous model""","interactive multiple model (IMM)","1"
"""top-notch mouthpiece""","high-quality microphone","1"
"""sharp voice-incited contraption""","smart voice-activated device","1"
"""half breed organize structures""","hybrid (neural) network models/architectures","1"
"""world reconnaissance bodies""","international monitoring organizations","1"
"""shoot them to the stoner""","???","1"
"""distinctive tongue arrangement""","natural language processing","1"
"""raised as serous layer""","referred to as serous","1"
"""commended cubic centimeter calculations""","ML algorithms","1"
"""Relationship Of Southeast Asian Countries (ASEAN)""","Association Of Southeast Asian Nations (ASEAN)","1"
"""citizens participate with the administration""","citizens interact with the administration","1"
"""k-implied bunching""","k-means clustering","1"
"""celebration outline work""","Festival framework","1"
"""reek connected neural system""","convolutional neural network (CNN)","1"
"""three actual tomahawks""","three physical axes (x, y, and z)","1"
"""nuclear-powered fields""","nuclear plants","1"
"""high-speed high-speed (FHM) calculation""","Faster High-Utility Itemset Minin (FHM)","1"
"""fetal dairy creatures like serum""","Fetal Bovine Serum (FBS)","1"
"""cross-breed fake bits of data calculation""","hybrid artificial intelligence algorithm","1"
"""underground creepy crawly region""","ant colony","1"
"""self unequivocally consigned""","randomly sorted","1"
"""fleecy rationale""","fuzzy logic","1"
"""inconspicuous phonemes""","unseen phonemes","1"
"""Summed-up Straight Unique Models""","Generalized Linear Dynamic Models","1"
"""government flying organization""","Federal Aviation Administration (FAA)","1"
"""tireless contrastive dissimilarity""","Persistent contrastive divergence","1"
"""unique and divided surface pictures""","original and segmented images","1"
"""Unit Determination Voice""","Unit selection voice","1"
"""Outside Accented English""","Foreign Accented English dataset","1"
"""artic ulatory blend""","articulatory [speech] synthesis","1"
"""Earth-wide temperature heightening""","global temperature increase","1"
"""schooling, declaration, and check set""","training, validation, and test set","1"
"""integrated interest reaction""","integrated demand response (IDR)","1"
"""moo mechanical quality""","low mechanical strength","1"
"""stoutness of FOC""","robustness of FOC","1"
"""bamboozling information""","misleading information","1"
"""client the board model""","user management system","1"
"""Potentials Affecting the Event""","event-related potentials (ERP)","1"
"""elector wellbeing""","voter welfare","1"
"""dispersing and retention of light""","scattering and absorption of light","1"
"""unaided word installing""","unsupervised word embedding","1"
"""restrictive indoctrination language""","proprietary programming language","1"
"""electricity spectrogram""","power spectrogram","1"
"""info tensor cushion""","input tensor buffer","1"
"""delicate to negative monetary development""","sensitive to negative economic development","1"
"""encyclopedic bulge""","a broad peak","1"
"""hankies of the breast""","breast tissue","1"
"""Gregorian calendar month one""","January","1"
"""dim anticipating strategy""","grey prediction method","1"
"""post-breaking elastic pressure""","post-cracking tensile stress","1"
"""place-primarily based convolutional neural community""","Region Based Convolutional Neural Network (R-CNN)","1"
"""terrible individual encounters""","aggressive encounters","1"
"""tendency dive computation""","gradient descent algorithm","1"
"""random lush territory""","random forest","1"
"""little blood bead""","tiny blood droplet","1"
"""Georgia home boy pooling""","max pooling","1"
"""straightly dispersed recurrence groups""","linearly distributed frequency bands","1"
"""Runge's wonder""","Runge's phenomenon","1"
"""clashing woodland region assessment""","clashing forest region identification (?)","1"
"""speech word acknowledgment""","speech recognition","1"
"""Copy III"" AND ""MIMIC-III""","MIMIC-III","1"
"""manufactured minority over-inspecting procedure""","Synthetic Minority Over-sampling TEchnique (SMOTE)","1"
"""sound and climate cordial procedure""","gentle (?)","1"
"""unpredictable number esteemed yield picture""","complex number valued output image","1"
"""scholar opinions of coaching""","student evaluation of teaching (SET)","1"
"""key dissemination administrator""","key delivery message (KDM)","1"
"""pleasing reverberation imaging""","magnetic resonance imaging (MRI)","1"
"""easy community environment""","simple network scenarios","1"
"""lawfully selected client""","legitimate user","1"
"""CMS medical clinic without walls""","Hospital Without Walls (CMS program)","1"
"""engineered minority over-examining method""","Synthetic Minority Over-sampling TEchnique (SMOTE)","1"
"""Cover Locale Convolutional Neural Organize""","Mask Region Convolutional Neural Network (Mask R-CNN)","1"
"""yet utilizing the comparing functionalized homopolymers""","but using the corresponding functionalized homopolymers","1"
"""artificial mental aptitude""","artificial intelligence","1"
"""steel-herbal frameworks""","metal-organic frameworks","1"
"""good sized getting to know fashions""","???","1"
"""optical individual confession""","optical character recognition (OCR)","1"
"""forcefully screen""","aggressively monitor","1"
"""singular esteem disintegration""","singular value decomposition (SVD)","1"
"""half breed join""","hybrid join","1"
"""crossover arbitrary woods with a straight model""","Hybrid Random Forest Linear Model (HRFLM)","1"
"""hominoid errors""","human errors","1"
"""misfortune of dream""","loss of vision","1"
"""dissolvable refining""","solvent extraction (?)","1"
"""seminal derivation liability framework factorization""","causal inference-probabilistic matrix factorization (CI-PMF)","1"
"""halfway deterioration""","deformation vibrations","1"
"""retinal and iris filtering""","retinal and iris scanning","1"
"""inadequate self-considerations""","sparse self-attentions (machine learning technique)","1"
"""retaliation and perniciousness""","reciprocal response","1"
"""grumbled of serious agony""","complained of severe pain","1"
"""valuable or dry hack""","productive or dry cough","1"
"""versatile order channel back""","adaptive command filtered backstepping (ACFB)","1"
"""National Establishing of successfulness""","National Institutes of Health","1"
"""proliferation course misfortune""","propagation path loss","1"
"""supported vector machinery""","support vector machine (SVM)","1"
"""pitch, recurrence, and time""","pitch, frequency, and time","1"
"""Latent Dirichlet designation""","Latent Dirichlet Allocation (LDA)","1"
"""breast malignancy revelation""","breast cancer diagnosis","1"
"""supportable force useses""","renewable energy consumption","1"
"""quick library for rough closest neighbors""","Fast Library for Approximate Nearest Neighbors (FLANN)","1"
"""class of viciousness""","???","1"
"""momentary hazard components""","short term risk factors","1"
"""dielectric disaster""","dielectric breakdown","1"
"""straightforward administration revelation Protocol""","Simple Service Discovery Protocol (SSDP)","1"
"""container-Jenkins version""","Box-Jenkins method*","1"
"""extremely intense syndrome coronavirus""","Severe Acute Respiratory Syndrome Coronavirus (SARS-CoV)","1"
"""affiliation misfortunes""","association losses","1"
"""negatives erroneously ordered""","(number of) negatives incorrectly classified (i.e. False Positives)","1"
"""Lagrangian double deterioration""","Lagrangian dual decomposition","1"
"""Intrauterine Gadgets (IUD)""","Intrauterine Devices (IUD)","1"
"""touchy restorative""","???","1"
"""fuzzy consolidating""","fuzzy aggregation","1"
"""old-style signal strength""","received signal strength","1"
"""swarm perceptive algorithm""","swarm intelligence algorithm","1"
"""Chemical Substitution Treatment (HRT)""","Hormone Replacement Therapy (HRT)","1"
"""exact what's more strong classifier""","best performing classifier","1"
"""multivariate flexible backslide spline""","multivariate adaptive regression splines (MARS)","1"
"""Walsh Hadamard esteem""","Walsh Hadamard value","1"
"""manufactured minority over-inspecting strategy""","Synthetic Minority Over-sampling TEchnique (SMOTE)","1"
"""spherical-the-clock entry""","round-the-clock access","1"
"""seditious breast cancer""","inflammatory breast cancer","1"
"""consistent, liquefied, and gaseous""","solid, liquid, and gas","1"
"""24-hour skyline""","24-hour horizon","1"
"""shut ghastly fit""","???","1"
"""precious stones of a protein""","protein corona","1"
"""neural fuzzy canny framework""","neural fuzzy intelligent system","1"
"""Nook category (CC)""","Corner classification (CC)","1"
"""repetitive neural local area (RNN)""","recurrent neural network (RNN)","1"
"""Gaussian radial premise""","Gaussian Radial Basis Function (RBF)","1"
"""records warehouse mannequin""","records warehouse model","1"
"""abecedarian Converse Units""","Elementary conversation units","1"
"""gated repetitive network""","gated recurrent unit (GRU)","1"
"""disintegrate a sign""","decompose a signal","1"
"""efficient composing overview""","systematic literature review","1"
"""occasional increase model""","multiplicative seasonal model","1"
"""base learning boundary""","minimal learning parameter (MLP)","1"
"""data bias and mortification""","data bias and degradation","1"
"""ellipse molded curve""","elliptic-curve cryptography","1"
"""diminishing global harbor resources (DGN)""","(?)","1"
"""charge card counterfeit trades""","credit card fraud","1"
"""encompassing gas steady""","universal gas constant","1"
"""renewable linear unit""","Rectified Linear Unit (ReLU)","1"
"""progress neurodegenerative memory sickness""","progressive neurodegenerative memory disorder","1"
"""round brain network""","recurrent neural network","1"
"""relation based generally highlight decision""","Correlation-based feature selection (CFS)","1"
"""proper excellent price""","true positive rate","1"
"""neighborhood exception calculate calculation""","???","1"
"""precise, precise, retractable and F measurements""","accuracy, precision, recall and F-measure","1"
"""otherworldly grouping""","spectral clustering","1"
"""working with conditions UTAUT""~10","facilitating conditions, see https://en.wikipedia.org/wiki/Unified_theory_of_acceptance_and_use_of_technology","1"
"""feed-forward cerebrum network""","feed forward neural network","1"
"""merchant overseen stock""","vendor-managed inventory (VMI)","1"
"""entryway hammer""","door slam","1"
"""Patient Security and Reasonable Idea Act""","Patient Protection and Affordable Care Act (ACA) (US healthcare)","1"
"""Secret word Authenticated Key Trade""","Password Authenticated Key Exchange (PAKE)","1"
"""organization based intrusion development system""","network intrusion detection system (NIDS)","1"
"""processer hallucination""","computer vision","1"
"""compact impromptu organisation""","mobile ad hoc network","1"
"""area monetary new development""","local economic development (LED)","1"
"""prognosticated fashion""","predictive model","1"
"""plate warmness trading""","plate heat exchange","1"
"""stale-goal harmfulness""","???","1"
"""altered calculation for homotopy examination technique""","Modified Homotopy Analysis Method (MHAM)","1"
"""disappointment plane""","failure plane","1"
"""rapid computerized supporter line""","Very high-speed digital subscriber line (VDSL)","1"
"""arithmetic collaborative learning stage""","Mathematics Collaborative Learning Platform","1"
"""Greeting Matching Matrix""","Grey-Level Co-Occurrence Matrix","1"
"""balanced straight unit""","rectified linear unit (ReLU)","1"
"""nearness of Violent""","???","1"
"""generalized incline approximation""","generalized gradient approximation","1"
"""affirmed recuperated demise""","confirmed, recovered and death (cases)","1"
"""New York distance"" AND ""Manhattan distance""","Manhattan distance","1"
"""increase aggregate circuit (MAC)""","multiply accumulate (MAC) operation","1"
"""intelligent making techniques""","smart manufacturing systems","1"
"""fake tedious cerebrum network designing""","artificial recurrent neural network (RNN) architecture","1"
"""cow-like serum egg white protein""","Bovine Serum Albumin (BSA)","1"
"""Panama City control stack database""","Panama Electricity Load Forecastingc","1"
"""Command along with Authority""","Command and Control (C\&C)","1"
"""Broadened Basis Function""","Radial Basis Function (RBF)","1"
"""discourse gathering edge""","speech recognition threshold","1"
"""angle climb (plunge) calculation""","???","1"
"""widespread Plug Furthermore assume""","Universal Plug and Play (UPnP)","1"
"""head fragment examination""","principal component analysis (PCA)","1"
"""pillar framing"" AND ""multi-channel""","beamforming","1"
"""bivariate ghastly homotopy examination technique""","Bivariate Spectral-Homotopy Analysis Method (BSHAM)","1"
"""meta-hybrid GIA functional""","meta-hybrid GGA functional","1"
"""ceaseless probability""","countinuous probability","1"
"""shrewd FinTech""","smart FinTech","1"
"""uninterrupted health care expense""","continuos health care expense","1"
"""Inert Dirichlet Designation""","Latent Dirichlet Allocation","1"
"""progressive linearization technique""","Successive Linearization Method (SLM)","1"
"""widened causal surplus CNN""","dilated causal residual CNN (neural network)","1"
"""Waikoloa, Howdy, USA""","Waikoloa, HI, USA","1"
"""Hann capability""","Hann [window] function","1"
"""intermittent neural same""","recurrent neural network (?)","1"
"""board element origin test""","panel unit root test","1"
"""sign commotion extent""","signal-to-noise ratio (SNR)","1"
"""brain PC point of interaction""","brain-computer interface (BCI)","1"
"""clustered consistently interspaced""","clustered regularly interspaced short palindromic repeats (CRISPR)","1"
"""click-via quote""","click-through rate","1"
"""monetary market contributors""","financial markets participants","1"
"""angle upgraded trees""","gradient boosted trees","1"
"""clinical choice back organization""","clinical decision support systems (CDSS)","1"
"""face up to eateries""","factories","1"
"""genuine power contrast""","intensity difference","1"
"""man-made cogitation""","artificial intelligence (ai)","1"
"""sort of a dairy creatures""","cattle breed","1"
"""quick Fourier exchange""","fast Fourier transform (FFT)","1"
"""equivocalness connection order (ACC)""","(?)","1"
"""ozone ledge depletion""","ozone layer depletion","1"
"""momentary hazard component""","short-term risk factor","1"
"""Contamination Estimate using Machine Learning""","Diabetes Prediction Using Machine Learning","1"
"""brilliant temporary worker interfaces""","smart contract interfaces","1"
"""picture-based totally data""","image-based data","1"
"""shading histogram for K-mean""","Color Histogram for K-Mean (CHKM)","1"
"""tumultuous salp swarm""","chaotic salp swarm algorithm (CSSA)","1"
"""mishap recognizable proof module""","accident identification and alerting system","1"
"""helpful snare recognition approach""","co-operative bait detection approach (CBDA)","1"
"""multiorgan disenchantment""","multiorgan failure","1"
"""facts transfer instance""","data transfer time","1"
"""numerous zones country""","???","1"
"""time recurrence affiliation""","time frequency representation","1"
"""pity propensity""","depression","1"
"""general form of partial delay-differential request conditions (GFDDEs)""","(?)","1"
"""Government clinical thought""","Medicare","1"
"""nourishment of biodiversity""","maintenance of biodiversity","1"
"""numerous writing studies have been finished""","many studies have been conducted","1"
"""discharged under earth""","released in the environment","1"
"""coating impetus substance vapor testimony""","Floating catalyst chemical vapor deposition","1"
"""switch disinclination engine""","switch reluctance motor","1"
"""movement function extraction""","motion feature extraction","1"
"""step-by-step residing""","activities of daily living (ADL)","1"
"""tokenizatioing""","tokenization","1"
"""Branch of Veterans Issues""","Department of Veterans' Affairs (VA)","1"
"""standard errors of the implies""","standard errors of the means (SEM)","1"
"""spatio-short lived filtering""","spatio-temporal filtering","1"
"""blunder gathering""","error rate","1"
"""Canadian online protection organization""","Canadian Institute for Cybersecurity","1"
"""force weighted mean recurrence""","intensity weighted mean frequency","1"
"""fundamental procured opposition""","systemic acquired resistance (SAR)","1"
"""neuro-feathery structure""","neuro-fuzzy system","1"
"""inward organ fat""","internal organ fat","1"
"""friendly and inventive industry""","creative and cultural industry (CCI)","1"
"""exaggerated or corrected direct unit (ReLU)""","Rectified Linear Unit (ReLU)","1"
"""pre-kenned""","pre-known","1"
"""herbal human chat""","???","1"
"""coordinate discriminate examination""","linear discriminant analysis","1"
"""late twentieth era""","late twentieth century","1"
"""spoken language acknowledgment"" AND ""spoken language recognition""","spoken language recognition","1"
"""Blend Stowed away Markov Component""","Mixed Hidden Markov Models (MHMM)","1"
"""item exposure set of rules""","object recognition algorithm","1"
"""endodermal obstruction""","endodermal barrier","1"
"""move popularity algorithm""","gait recognition algorithm","1"
"""dislodging irregularity strategy (DDM)""","(?)","1"
"""mat research facility""","MATLAB","1"
"""kingdom of health (SOH)""","state of health (SOH)","1"
"""global group of illnesses""","International Classification of Diseases","1"
"""Courtroom Of The European Association (CJEU)""","Court Of Justice Of The European Union (CJEU)","1"
"""open record dispersed""","open decentralized ledger","1"
"""national roadway movement wellbeing organization""","National Highway Traffic Safety Administration (NHTSA)","1"
"""channel determination naive Bayes""","feature selection naive Bayes (FSNB)","1"
"""straightly indivisible information""","linearly non-separable data","1"
"""restorative embed communication benefit""","medical implant communication service","1"
"""Dow Jones Modern Normal File""","Dow Jones Industrial Average Index","1"
"""exodermal obstruction""","exodermal barrier","1"
"""uproarious rendition of the information""","noisy data (?)","1"
"""Synthetic Intelligence of Factors""","Artificial intelligence if things (AIoT)","1"
"""Purplish blue A4m""","Azure A4m","1"
"""empowering conditions UTAUT""~10","facilitating conditions, see https://en.wikipedia.org/wiki/Unified_theory_of_acceptance_and_use_of_technology","1"
"""outflow of dispersed light""","scattered light emission","1"
"""discipline pushed account""","patient centered care","1"
"""Quicker Area based Convolutional Brain Organizations""","Faster Region-based Convolution Neural Network (Faster R-CNN)","1"
"""principal quarter (Q1)""","first quarter (Q1)","1"
"""brought together clearing house""","centralized clearing house","1"
"""dissemination and impression of light""","scattering and absorption of light","1"
"""knowledge-driven commerce""","trade in knowledge","1"
"""complex-esteemed Gaussian""","complex-valued Gaussian","1"
"""travelling business person issue""","travelling salesman problem","1"
"""solo gaining knowledge of""","unsupervised (machine) learning","1"
"""k-recommends collection""","k-means","1"
"""new distinguish catalyst""","new advanced catalyst","1"
"""over-communicated"" AND ""over-expressed""","over-expressed","1"
"""container of a humanoid""","chest (body part) of a human","1"
"""helpful decent variety""","cooperative diversity","1"
"""multimodal co-consideration organizations""","multimodal co-attention networks (MCAN)","1"
"""Peer directed toward Peer""","peer-to-peer (PTOP or P2P)","1"
"""similar factual dissemination""","intelligence information dissemination (IID)","1"
"""desired boost (EM)""","expectation-maximization (EM)","1"
"""coronary frustration""","heart failure / heart attack","1"
"""straight expectation cepstrum coefficient""","linear prediction cepstral coefficient (LPCC)","1"
"""defenceless growing sheet""","permeable stretching sheet","1"
"""pi-pi collaborations""","pi-pi interactions","1"
"""orthogonal part decay""","orthogonal decomposition","1"
"""course of action of computations""","???","1"
"""autoregressive moving familiar""","autoregressive moving average","1"
"""histogram of orientated angle descriptor""","histogram of oriented gradient (HOG)","1"
"""moo recurrence extend""","low frequency range","1"
"""knowledge factors are beaten""","knowledge factors are challenged","1"
"""Bcl-2–delicate proteins""","Bcl-2–sensitive proteins","1"
"""face to face unmistakable information""","personally identifiable information (PII)","1"
"""log frequency energy coefficient""","Log Frequency Power Coefficients (LFPC)","1"
"""surface data misfortune""","loss of texture information","1"
"""sustenance forward framework""","feed-forward layer","1"
"""St Nick Fe Foundation""","Santa Fe Institute","1"
"""region below the relative operating characteristic""","area under the receiver operating characteristic","1"
"""voguish merchandise associations""","???","1"
"""supplier orientated architecture""","service-oriented architecture (SOA)","1"
"""foremost thing analysis""","Principal Component Analysis (PCA)","1"
"""extreme cutoff state""","ultimate limit state","1"
"""repeater neural network""","recurrent neural networks (RNN)","1"
"""login animal power endeavor""","brute-force login attempt","1"
"""community hobby"" AND ""network activity""","network activity","1"
"""class of attractive disconnect""","???","1"
"""Hollow Consumer Square""","Dell computer corporation","1"
"""sci-pack to learn""","scikit-learn","1"
"""detour band recurrence""","detour band frequency","1"
"""close-by interpretable model-freethinker explanations""","local interpretable model-agnostic explanations","1"
"""avoidance is better than fix""","prevention is better than cure","1"
"""phantom spatial system""","spectral-spatial framework","1"
"""Disease of the Nasal Hole""","???","1"
"""Teager vitality administrator""","Teager-Kaiser energy operator","1"
"""anticipate protest esteems""","?? (\""predict object(?) values\""?)","1"
"""range motion retread""","Integer Wavelet Transform (IWT)","1"
"""moo misfortune of vitality""","low loss of energy (?)","1"
"""frontal cortex local area""","neural network","1"
"""room inspiration response""","Room Impulse Response (RIR)","1"
"""planning and testing correctness""","training and testing accuracy","1"
"""scientific photo type duties""","medical image classification tasks","1"
"""ground-truth names (comments)""","ground-truth labels","1"
"""multi-get to edge registering""","multi-access edge computing (MEC)","1"
"""decay of wavelet bundle""","wavelet packet decomposition","1"
"""multi-moulded preparing""","multiconditioned training","1"
"""focus key ambassador""","trusted key centre (TKC)","1"
"""Packaged Remuneration for Care Update Initiative""","Bundled Payments for Care Improvement Initiative (US healthcare)","1"
"""body-area organize""","body area network","1"
"""upgraded fluffy c-implies""","Intuitionistic Fuzzy C-Means (IFCM)","1"
"""shark-level interpretability""","???","1"
"""multi-role Perroak""","multi-layer perceptron (MLP)","1"
"""half and half diode""","hybrid diode","1"
"""to debase dead plant and creature matter""","to degrade dead plant and animal matter","1"
"""auto acquainted systems""","auto associative networks","1"
"""peevish gut condition""","irritable bowels syndrome","1"
"""Code arranger Studio (CCS)""","Code Composer Studio (CCS) [software]","1"
"""weighted component choice""","weighted feature selection","1"
"""confinement of the protein groupings""","protein localization","1"
"""Yank Airlines""","American Airlines","1"
"""social building techniques""","social engineering (attack)","1"
"""Motif co-event network""","Motif Co-occurrence Matrix (MCM)","1"
"""ghastly list of capabilities""","spectral feature set","1"
"""fluffy smoothing channel""","fuzzy smoothing channel","1"
"""charge variation algorithm""","rate adaptation algorithm","1"
"""atomic progression (MD)""","molecular dynamic","1"
"""proton trade membrane gasoline mobileular""","proton exchange membrane fuel cell","1"
"""solid type of proficiency""","strong form of efficiency","1"
"""debased in wonderful""","degraded in quality","1"
"""watch hop process""","watch jump process","1"
"""time-yield appraisal""","Time-Delay Estimation (TDE)","1"
"""one hundred-800 nm""","100-800 nm","1"
"""discontinuous cosine change""","discrete cosine transform","1"
"""fractious inside disorder""","irritable bowels syndrome","0"
"""Progressive Metering Architecture""","Advanced Metering Infrastructure (AMI)","0"
"""higher-reimbursement countries""","higher-income countries","0"
"""touchy entrails disorder""","irritable bowels syndrome","0"
"""Casting A Ballot Exhortation Applications (VAAS)""","Voting Advice Applications (VAAS)","0"
"""class segregating measure""","Compound dissimilarity measure (CDM)","0"
"""underground creepy crawly area""","ant colony","0"
"""fake commotions"" AND ""artificial noise""","artificial noise","0"
"""Consideration Deficiency/hyperactivity Problem (ADHD)""","Attention-deficit/hyperactivity Disorder (ADHD)","0"
"""Normal Security And Guard Strategy (CSDP)""","Common Security And Defense Policy (CSDP)","0"
"""speech word acknowledgement""","speech recognition","0"
"""fleecy logical""","fuzzy logic","0"
"""Lewy frame sickness""","Lewy Body Disease","0"
"""Focal Insight Organization (CIA)""","Central Intelligence Agency (CIA)","0"
"""Board For Shared Monetary Guide (COMECON)""","Council For Mutual Economic Aid (COMECON)","0"
"""European Financial And Money Related Association (EMU)""","European Economic And Monetary Union (EMU)","0"
"""differential condition"" AND ""2nd request""","differential equation AND 2nd order","0"
"""Prophet 21c""","Oracle 21c","0"
"""discrete Fu Liye change""","Discrete Fourier Transform","0"
"""case-unstable"" AND ""case-insensitive""","case-insensitive (text)","0"
"""ruddy grape pomace""","???","0"
"""explanation of qualities"" AND ""annotation of genes""","annotation of genes","0"
"""outfit, troupe""","ensemble (as in \""ensemble learning\"")","0"
"""European Security And Protection Strategy (ESDP)""","European Security And Defence Policy (ESDP)","0"
"""General Settlement On Exchange Administrations (GATS)""","General Agreement On Trade In Services (GATS)","0"
"""p-toluenesulfonic corrosive""","p-toluenesulfonic acid","0"
"""username and secret phrase sort of information based confirmation""","username and password","0"
"""drearily gathering blood""","repeatedly collecting blood","0"
"""Link News Organization (CNN)""","Cable News Network (CNN)","0"
"""Computerized Flexible Circle (DVD)""","Digital Versatile Disc (DVD)","0"
"""North American Streamlined Commerce Affiliation (NAFTA)""","North American Free Trade Association (NAFTA)","0"
"""asset depiction skeleton""","Resource Description Framework (RDF)","0"
"""sectioned surface pictures""","segmented images","0"
"""preparing clusters"" AND ""training batches""","training batches","0"
"""Gross Public Item (GNP)""","Gross National Product (GNP)","0"
"""hypofluorous corrosive""","hypofluorous acid","0"
"""Irish Conservative Armed Force (IRA)""","Irish Republican Army (IRA)","0"
"""Melody's hunt calculation""","Song's search algorithm","0"
"""Pc Helped Testing (CAT)""","Computer-aided Testing (CAT)","0"
"""European People Group (EC)""","European Community (EC)","0"
"""fractious entrails syndrome""","irritable bowels syndrome","0"
"""lingo, teeth""","tongue, teeth","0"
"""mesylic corrosive""","mesylic acid","0"
"""European Swapping Scale Component (ERM)""","European Exchange Rate Mechanism (ERM)","0"
"""vegetation electron microscope""","low-energy electron microscopy","0"
"""figure text just assault""","ciphertext-only attack (?) (a cryptanalysis attack)","0"
"""hydroiodic corrosive""","hydroiodic acid","0"
"""flag-bearer mRNA""","messenger mRNA","0"
"""touchy gut condition""","irritable bowels syndrome","0"
"""k-crease validation""","k-fold validation","0"
"""methanesulfonic corrosive""","methanesulfonic acid","0"
"""feathery grouping""","fuzzy clustering","0"
"""Ox-like Spongiform Encephalitis (BSE)""","Bovine Spongiform Encephalitis (BSE)","0"
"""suick free part examination""","Fast Independent Component Analysis (FastICA)","0"
"""current underhanded deed""","current fraud attempt","0"
"""fractious gut disorder""","irritable bowels syndrome","0"
"""shut circle supply administration""","closed-loop reservoir management (CLRM)","0"
"""North Atlantic Deal Association (NATO)""","North Atlantic Treaty Organization (NATO)","0"
"""unnatural intellect methods""","artificial intelligence techniques","0"
"""feathered creature species recognizable proof""","bird species identification","0"
"""optic exhibit"" AND ""visual display""","visual display","0"
"""Esteem Added Expense (VAT)""","Value Added Tax (VAT)","0"
"""timeframe power watching framework""","real-time energy monitoring system","0"
"""RNA–DNA acknowledgment""","RNA–DNA complementarity?","0"
"""standards to acquire"" AND ""criteria to obtain""","criteria to obtain","0"
"""complicated dielectric steady""","complex dielectric constant","0"
"""fluorosulfuric corrosive""","fluorosulfuric acid","0"
"""Chorionic Villus Examining (CVS)""","Chorionic Villus Sampling (CVS)","0"
"""dark level coevent grid""","Gray-Level Co-Occurrence Matrix (GLCM)","0"
"""visible mild verbal exchange""","visible light communication","0"
"""polystyrene sulfonic corrosive""","polystyrene sulfonic acid","0"
"""touchy inside syndrome""","irritable bowels syndrome","0"
"""pancreas glitches""","pancreas pain?","0"
"""pictures with comments"" and ""annotated images""","annotated images","0"
"""swell in greehouse gas emissions""","increase in greenhouse gas emissions","0"
"""differential condition"" AND ""1st request""","differential equation AND 1st order","0"
"""double shaft radiation""","dual-beam radiation","0"
"""Worldwide Work Association (ILO)""","International Labour Organization (ILO)","0"
"""fleecy induction""","fuzzy induction","0"
"""fractious entrails disorder""","irritable bowels syndrome","0"
"""Venereal Illnesses (VD)""","Venereal Diseases (VD)","0"
"""European Financial And Money Related Association (EEMU)""","European Economic And Monetary Union (EEMU)","0"
"""European Streamlined Commerce Affiliation (EFTA)""","European Free Trade Association (EFTA)","0"
"""Crown Indictment Administration (CPS)""","Crown Prosecution Service (CPS)","0"
"""spoken language acknowledgement"" AND ""spoken language recognition""","spoken language recognition","0"
"""k-infers bunching""","k-means clustering","0"
"""Neighborhood Instruction Specialists (LEAS)""","Local Education Authorities (LEAS)","0"
"""Coordinated Administrations Advanced Organization (ISDN)""","Integrated Services Digital Network (ISDN)","0"
"""typical, generous, and insult""","normal, benign, and malign","0"
"""expert bunche""","Expert group","0"
"""Extraordinary Instructive Necessities (SEN)""","Special Educational Needs (SEN)","0"
"""Intra-uterine Gadgets (IUD)""","Intra-uterine Devices (IUD)","0"
"""preparation bunches"" AND ""training batches""","training batches","0"
"""underground creepy crawly settlement""","ant colony","0"
"""silly contemplation""","probably dysfunctional belief","0"
"""self-arranging counterfeit neural organizations""","self-organizing artificial neural networks","0"
"""Cross-boundary Participation (CBC)""","Cross-border Cooperation (CBC)","0"
"""fledgling species distinguishing proof""","bird species identification","0"
"""strait and recursive recurrence""","recursive algorithm","0"
"""indispensable picture area""","(concept of) integral image","0"
"""7-magnificence dataset""","7-class dataset","0"
"""General Settlement On Duties And Exchange (GATT)""","General Agreement On Tariffs And Trade (GATT)","0"
"""Prophet 12c""","Oracle 12c","0"
"""tartanic corrosive""","tartanic acid","0"
"""Extrasensory Discernment (ESP)""","Extrasensory Perception (ESP)","0"
"""meta-schooling""","meta-learning","0"
"""alone pre-preparation""","unsupervised pre-training","0"
"""Worldwide Work Office (ILO)""","International Labor Office (ILO)","0"
"""bottom band hole""","bottom band gap","0"
"""qualities were browsed"" AND ""genes were retrieved""","genes were retrieved","0"
"""Party Of Majority Rule Communism (PDS)""","Party Of Democratic Socialism (PDS)","0"
"""long brief-term period memory""","long short-term memory (LSTM)","0"
"""Extra-tactile Insight (ESP)""","Extra-sensory Perception (ESP)","0"
"""fleecy grouping""","fuzzy clustering","0"
"""inertia dimensions devices""","inertia measurement units (IMUs)","0"
"""Joined Together States Natural Assurance Office""","U.S Environmental Protection Agency","0"
"""Southern Africa Improvement People Group (SADC)""","Southern Africa Development Community (SADC)","0"
"""European Financial Region (EEA)""","European Economic Area (EEA)","0"
"""Gathering Of Eight (G8)""","Group Of Eight (G8)","0"
"""discourse to content acknowledgement""","speech recognition","0"
"""wolrdwide exactness""","global accuracy","0"
"""European Speculation Bank (EIB)""","European Investment Bank (EIB)","0"
"""vineyard prepare squander""","???","0"
"""fowl recognizable proof""","bird identification","0"
"""weighted two-sided channel""","weighted bilateral filter","0"
"""peevish inside condition""","irritable bowels syndrome","0"
"""Bhattacharyya space calculation""","Bhattacharyya distance algorithm","0"
"""Association Of African Solidarity (OAU)""","Organization Of African Unity (OAU)","0"
"""Instructive Upkeep Recompense (EMA)""","Educational Maintenance Allowance (EMA)","0"
"""viral gag quality""","viral quality?","0"
"""human-gadget communique""","human-machine communication","0"
"""underground creepy crawly province""","ant colony","0"
"""feathered creature distinguishing proof""","bird identification","0"
"""Asia Pacific Monetary Collaboration (APEC)""","Asia Pacific Economic Cooperation (APEC)","0"
"""Shared Adjusted Powers Decrease (MBFR)""","Mutual Balanced Forces Reduction (MBFR)","0"
"""peevish inside syndrome""","irritable bowels syndrome","0"
"""net-based casting a ballot""","online voting","0"
"""PSO with transformation administrator""","Modified Binary PSO (MBPSO)","0"
"""fractious gut condition""","irritable bowels syndrome","0"
"""high lepton density""","high electron density","0"
"""European Social Review (ESS)""","European Social Survey (ESS)","0"
"""region beneath the rock curve""","Receiver Operating Characteristic Area Under the Curve (ROC-AUC)","0"
"""European Money Related Foundation (EMI)""","European Monetary Institute (EMI)","0"
"""fowl-and-egg disadvantage""","???","0"
"""programmed speech acknowledgement""","automatic speech recognition","0"
"""Prophet 10g""","Oracle 10g","0"
"""stage autonomous"" AND ""platform-independent""","platform-independent (software)","0"
"""object acknowledgement and finding""","object recognition and tracking","0"
"""K-implies bunch calculation""","K-means clustering algorithm","0"
"""Small and medium-sized organizations (UMKM)""","Micro, Small, and Medium Enterprises (UMKM)","0"
"""Normal Unfamiliar And Security Strategy (CFSP)""","Common Foreign And Security Policy (CFSP)","0"
"""recognizing highlight selector""","distinguishing feature selector (DFS)","0"
"""Planned Impregnation (AI)""","Artificial Insemination (AI)","0"
"""European Financial People Group (EEC)""","European Economic Community (EEC)","0"
"""episode photon recurrence""","incident photon frequency","0"
"""Pc Helped Quality Control (CAQ)""","Computer Aided Quality Control (CAQ)","0"
"""dyadic choice tree""","dyadic decision tree (DDT)","0"
"""nutrient B7"" AND ""vitamin""","vitamin B7","0"
"""Worldwide Humanistic Affiliation (ISA)""","International Sociological Association (ISA)","0"
"""Physically Sent Infections (STD)""","Sexually Transmitted Diseases (STD)","0"
"""angle supported machines""","gradient boosting machines","0"
"""winged animal distinguishing proof""","bird identification","0"
"""fleecy logic""","fuzzy logic","0"
"""Association For Security And Collaboration In Europe (OSCE)""","Organization For Security And Cooperation In Europe (OSCE)","0"
"""hexafluorophosphoric corrosive""","hexafluorophosphoric acid","0"
"""subterranean insect area""","ant colony","0"
"""European Telecom Association (EBU)""","European Broadcasting Union (EBU)","0"
"""actual and digital dielectric regular""","real and imaginary dielectric constant","0"
"""Pc Incorporated Assembling (CIM)""","Computer Integrated Manufacturing (CIM)","0"
"""primary component examination (PCA)""","Principal Component Analysis (PCA)","0"
"""fleecy C implies""","fuzzy C means","0"
"""Pc Helped Assembling (CAM)""","Computer-aided Manufacturing (CAM)","0"
"""Public Area Acquiring Prerequisite (PSBR)""","Public Sector Borrowing Requirement (PSBR)","0"
"""indistinguishable quality"" AND ""homologous gene""","homologous gene","0"
"""taken advantage of inclination sizes and edge reaction esteems""","uses gradient magnitudes and edge responses","0"
"""touchy entrails syndrome""","irritable bowels syndrome","0"
"""Joined Countries Modern Improvement Association (UNIDO)""","United Nations Industrial Development Organization (UNIDO)","0"
"""subterranean insect region""","ant colony","0"
"""intuitive fogging soft range""","intuitive fuzzy soft set","0"
"""feathery induction""","fuzzy induction","0"
"""profound convolution neural organize""","deep convolutional neural network","0"
"""fleecy deduction""","fuzzy deduction","0"
"""fractious inside condition""","irritable bowels syndrome","0"
"""Commission On Security And Collaboration In Europe (CSCE)""","Commission On Security And Cooperation In Europe (CSCE)","0"
"""Garbling-interpreting""","Encoding-decoding","0"
"""peevish gut syndrome""","irritable bowels syndrome","0"
"""arbitrary get right of passage to""","random access","0"
"""unconstrained preterm labor""","spontaneous preterm delivery","0"
"""European National Bank (ECB)""","European Central Bank (ECB)","0"
"""Swiss Telecom Organization (SRG)""","Swiss Broadcasting Company (SRG)","0"
"""open-speaking nervousness""","public speaking anxiety","0"
"""perplexing permittivity""","complex permittivity","0"
"""conveyance of sgRNA""","delivery of sgRNA","0"
"""numerous model's independent direction""","Multiple Criteria Decision Making (MCDM)","0"
"""eco-friendly response media""","???","0"
"""Confederation Of English Industry (CBI)""","Confederation Of British Industry (CBI)","0"
"""Food And Rural Association (FAO)""","Food And Agricultural Organization (FAO)","0"
"""Worldwide Organization Of Worker's Guilds (IFTU)""","International Federation Of Trade Unions (IFTU)","0"
"""ellipse shaped curvature""","elliptic-curve cryptography","0"
"""besylic corrosive""","besylic acid","0"
"""fractious inside syndrome""","irritable bowels syndrome","0"
"""gloom acknowledgement""","depression recognition","0"
"""Vital Guard Drive (SDI)""","Strategic Defense Initiative (SDI)","0"
"""Web Company For Allocated Names And Numbers (ICANN)""","Internet Corporation For Assigned Names And Numbers (ICANN)","0"
"""engineering of a neural organization""","architecture of a neural network","0"
"""neural union instead""","neural network","0"
"""European Money Related Framework (EMS)""","European Monetary System (EMS)","0"
"""touchy gut syndrome""","irritable bowels syndrome","0"
"""tosylic corrosive""","tosylic acid","0"
"""feathery logical""","fuzzy logic","0"
"""hard casting a ballot""","hard voting","0"
"""esylic corrosive""","esylic acid","0"
"""fluoroantimonic corrosive""","fluoroantimonic acid","0"
"""folinic corrosive""","folinic acid","0"
"""512Mb Smash""","512 MB RAM","0"
"""peevish entrails syndrome""","irritable bowels syndrome","0"
"""Liberal Discussion (LIF)""","Liberal Forum (LIF)","0"
"""self-administered methods"" AND ""self-supervised methods""","self-supervised methods","0"
"""targeted quality altering""","targeted genome modification","0"
"""Stochastic Effects by Regression analysis on Populace, Affluence (Economic Activity), and Technology""","Stochastic Impacts by Regression on Population, Affluence, and Technology (STIRPAT)","0"
"""execution expectancy UTAUT""~10","performance expectancy, see https://en.wikipedia.org/wiki/Unified_theory_of_acceptance_and_use_of_technology","0"
"""German Humanistic Affiliation (GSA)""","German Sociological Association (GSA)","0"
"""pre-getting ready data""","preprocessing data","0"
"""Extraordinary Instructive Necessities And Incapacities (SEND)""","Special Educational Needs And Disabilities (SEND)","0"
"""discovery and acknowledgement of objects""","detection and recognition of objects","0"
"""cross-underwriting event""","???","0"
"""Retail Value Record (RPI)""","Retail Price Index (RPI)","0"
"""Automated Mathematical Control (CNC)""","Computerized Numerical Control (CNC)","0"
"""data stockrooom""","data warehouse","0"
"""Destinations Of Exceptional Logical Interest (SSSI)""","Sites Of Special Scientific Interest (SSSI)","0"
"""gathering of building creation firms""","group of construction firms","0"
"""Prophet 19c""","Oracle 19c","0"
"""differential condition"" AND ""non-homogeneous request""","differential equation AND non-homogeneous order","0"
"""T partner lymphocytes""","T helper lymphocytes","0"
"""off eras or to f antidote""","offer a sort of antidote","0"
"""Joined Countries High Official For Outcasts (UNHCR)""","United Nations High Commissioner For Refugees (UNHCR)","0"
"""man-in-the-center (Met)""","man-in-the-middle (MitM)","0"
"""fluoroacetic corrosive""","fluoroacetic acid","0"
"""chlorous corrosive""","chlorous acid","0"
"""surface encoding plan""","texture encoding scheme","0"
"""Normal Rural Arrangement (CAP)""","Common Agricultural Policy (CAP)","0"
"""support vector automaton""","support vector machine (SVM)","0"
"""all-out retail deals""","total retail sales","0"
"""facup-to-dateries""","factories","0"
"""Physically Sent Contaminations (STI)""","Sexually Transmitted Infections (STI)","0"
"""wrinkle cross support""","???","0"
"""proper advantageousness""","true positive","0"
"""false fantastic fee""","false positive rate","0"
"""exertion expectancy UTAUT""~10","performance expectancy, see https://en.wikipedia.org/wiki/Unified_theory_of_acceptance_and_use_of_technology","0"
"""trifluoromethanesulfonic corrosive""","trifluoromethanesulfonic acid","0"
"""European Courtroom (ECJ)""","European Court Of Justice (ECJ)","0"
"""Cross-boundary Co-activity (CBC)""","Cross-border Co-operation (CBC)","0"
"""Pc Supported Arranging (CAP)""","Computer Aided Planning (CAP)","0"
"""Unidentified Flying Items (UFOS)""","Unidentified Flying Objects (UFOS)","0"
"""leveled consideration organization""","hierarchical attention network (HAN)","0"
"""fructose bigotry""","fruxtose intolerance","0"
"""triflic corrosive""","triflic acid","0"
"""fleecy strategy""","fuzzy method","0"
"""Association Of Petrol Trading Nations (OPEC)""","Organization Of Petroleum Exporting Countries (OPEC)","0"
"""Focal European International Alliance (CEFTA)""","Central European Free Trade Agreement (CEFTA)","0"
"""along with N2 cleanse""","under N2 purge","0"
"""Serious Intense Respiratory Disorder Covid 2 (COVID-19)""","Severe Acute Respiratory Syndrome Coronavirus-2 (COVID-19)","0"
"""European Cash Framework (ECS)""","European Currency System (ECS)","0"
"""go-correlation (CC)""","cross-correlation","0"
"""European Qualities Study (EVS)""","European Values Study (EVS)","0"
"""Financial Board (SOEP)""","Socio-economic Panel (SOEP)","0"
"""object acknowledgment and finding""","object recognition and tracking","0"
"""feathery framework""","fuzzy framework","0"
"""Time Encoded Flag Preparing and Acknowledgment""","Time Encoded Signal Processing and Recognition (TESPAR)","0"
"""region under the collector administrator bend""","area under the receiver operating characteristic curve (AUROC)","0"
"""guide decrease calculation""","MapReduce algorithm","0"
"""unthinkable search"" AND ""Tabu""","Tabu search","0"
"""Red Armee Portion (RAF)""","Red Armee Fraction (RAF)","0"
"""eventually Tom's contemplating""","by","0"
"""touchy inside condition""","irritable bowels syndrome","0"
"""summation of remaining music""","Summation of Residual Harmonics (SRH)","0"
"""dim level co occurrence framework""","Gray Level Cooccurrence Matrix (GLCM)","0"
"""plain forerunner""","precursor","0"
"""intuitive fugitive soft sets""","intuitive fuzzy soft sets","0"
"""exhibition anticipation UTAUT""~10","performance expectancy, see https://en.wikipedia.org/wiki/Unified_theory_of_acceptance_and_use_of_technology","0"
"""arbitrary lush territory""","random forest","0"
"""Western European Association (WEU)""","Western European Union (WEU)","0"
"""Worldwide Social Study Program (ISSP)""","International Social Survey Programme (ISSP)","0"
"""preparation clumps"" AND ""training batches""","training batches","0"
"""carbon emissitivies""","carbon emissions","0"
"""Palestine Freedom Association (PLO)""","Palestine Liberation Organization (PLO)","0"
"""weighted log probability proportion""","weighted log-likelihood ratio (WLLR)","0"
"""Ongoing Fatigue Syndrome""","Chronic Fatigue Syndrome (CFS)","0"
"""clinically lazy""","clinically inactive","0"
"""administered design acknowledgement""","supervised pattern recognition","0"
"""feathery strategy""","fuzzy method","0"
"""differential condition"" AND ""4th request""","differential equation AND 4st order","0"
"""lengthy momentary lemory""","long short-term memory (LSTM)","0"
"""ordinary, kind, and censure""","normal, benign, and malign","0"
"""fractious gut syndrome""","irritable bowels syndrome","0"
"""kernel-based major issue analysis""","kernel-based principal component analysis (KPCA)","0"
"""English Telecom Organization (BBC)""","British Broadcasting Corporation (BBC)","0"
"""Confidential Willful Associations (PVOS)""","Private Voluntary Organizations (PVOS)","0"
"""ethanesulfonic corrosive""","ethanesulfonic acid","0"
"""half circle waterway""","semicircular canals","0"
"""Prophet 18c""","Oracle 18c","0"
"""Public Wellbeing Administration (NHS)""","National Health Service (NHS)","0"
"""call metric"" AND ""decision metric""","decision metric","0"
